year,month_num,session,orig_order,speaker,speaker_source,role,title,kicker,url,num_words,duration_raw,duration_sec,duration_status,duration_note,conference,conf_index,month,role_norm,calling_group,source,duration_source,speaker_order,words_per_min,talk_id
2010,4,priesthood,1,Dallin H. Oaks,Dallin H. Oaks,Of the Quorum of the Twelve Apostles,Healing the Sick,"We have this priesthood power, and we should all be prepared to use it properly.",https://www.churchofjesuschrist.org/study/general-conference/2010/04/healing-the-sick,2281.0,17:35,1055.0,ok,,2010-04,4020,April,Of the Quorum of the Twelve Apostles,twelve,legacy_csv,legacy_csv_runtime,1,129.72511848341233,general-conference/2010/04/healing-the-sick
2010,4,priesthood,2,Ronald A. Rasband,Ronald A. Rasband,Of the Presidency of the Seventy,The Divine Call of a Missionary,"The Lord needs every able young man to prepare and recommit, starting tonight, to be worthy of a call from the prophet of God to serve a mission.",https://www.churchofjesuschrist.org/study/general-conference/2010/04/the-divine-call-of-a-missionary,1668.0,11:48,708.0,ok,,2010-04,4020,April,Of the Presidency of the Seventy,seventy_presidency,legacy_csv,legacy_csv_runtime,2,141.3559322033898,general-conference/2010/04/the-divine-call-of-a-missionary
2010,4,priesthood,3,David L. Beck,David L. Beck,Young Men General President,The Magnificent Aaronic Priesthood,There is an urgency for you to fulfill your duty to God. I am confident that you will.,https://www.churchofjesuschrist.org/study/general-conference/2010/04/the-magnificent-aaronic-priesthood,1525.0,11:24,684.0,ok,,2010-04,4020,April,Young Men General President,auxiliary_president,legacy_csv,legacy_csv_runtime,3,133.7719298245614,general-conference/2010/04/the-magnificent-aaronic-priesthood
2010,4,priesthood,4,Dieter F. Uchtdorf,Dieter F. Uchtdorf,Second Counselor in the First Presidency,Continue in Patience,"The lessons we learn from patience will cultivate our character, lift our lives, and heighten our happiness.",https://www.churchofjesuschrist.org/study/general-conference/2010/04/continue-in-patience,2021.0,19:16,1156.0,ok,,2010-04,4020,April,Second Counselor in the First Presidency,first_presidency_counselor,legacy_csv,legacy_csv_runtime,4,104.8961937716263,general-conference/2010/04/continue-in-patience
2010,4,priesthood,5,Henry B. Eyring,Henry B. Eyring,First Counselor in the First Presidency,Act in All Diligence,"We are to learn our duty from the Lord, and then we are to act in all diligence, never being lazy or slothful.",https://www.churchofjesuschrist.org/study/general-conference/2010/04/act-in-all-diligence,2439.0,17:38,1058.0,ok,,2010-04,4020,April,First Counselor in the First Presidency,first_presidency_counselor,legacy_csv,legacy_csv_runtime,5,138.31758034026464,general-conference/2010/04/act-in-all-diligence
2010,4,priesthood,6,Thomas S. Monson,Thomas S. Monson,President of the Church,Preparation Brings Blessings,"Let us consider our callings, let us reflect on our responsibilities, and let us follow Jesus Christ.",https://www.churchofjesuschrist.org/study/general-conference/2010/04/preparation-brings-blessings,2272.0,20:33,1233.0,ok,,2010-04,4020,April,President of the Church,church_president,legacy_csv,legacy_csv_runtime,6,110.5596107055961,general-conference/2010/04/preparation-brings-blessings
2010,4,saturday-afternoon,1,L. Tom Perry,L. Tom Perry,Of the Quorum of the Twelve Apostles,Mothers Teaching Children in the Home,I believe it is by divine design that the role of motherhood emphasizes the nurturing and teaching of the next generation.,https://www.churchofjesuschrist.org/study/general-conference/2010/04/mothers-teaching-children-in-the-home,1903.0,13:43,823.0,ok,,2010-04,4020,April,Of the Quorum of the Twelve Apostles,twelve,legacy_csv,legacy_csv_runtime,1,138.7363304981774,general-conference/2010/04/mothers-teaching-children-in-the-home
2010,4,saturday-afternoon,2,D. Todd Christofferson,D. Todd Christofferson,Of the Quorum of the Twelve Apostles,The Blessing of Scripture,"The central purpose of all scripture is to fill our souls with faith in God the Father and in His Son, Jesus Christ.",https://www.churchofjesuschrist.org/study/general-conference/2010/04/the-blessing-of-scripture,2221.0,15:37,937.0,ok,,2010-04,4020,April,Of the Quorum of the Twelve Apostles,twelve,legacy_csv,legacy_csv_runtime,2,142.21985058697973,general-conference/2010/04/the-blessing-of-scripture
2010,4,saturday-afternoon,3,Koichi Aoyagi,Koichi Aoyagi,Of the Seventy,"Helping Hands, Saving Hands",May we follow the counsel and example of the prophet and each day seek out those in need.,https://www.churchofjesuschrist.org/study/general-conference/2010/04/helping-hands-saving-hands,1112.0,9:14,554.0,ok,,2010-04,4020,April,Of the Seventy,seventy,legacy_csv,legacy_csv_runtime,3,120.4332129963899,general-conference/2010/04/helping-hands-saving-hands
2010,4,saturday-afternoon,4,Bruce A. Carlson,Bruce A. Carlson,Of the Seventy,When the Lord Commands,"Faithful obedience, regardless of the apparent size of the task, will bring the Lord’s guidance, assistance, and peace.",https://www.churchofjesuschrist.org/study/general-conference/2010/04/when-the-lord-commands,1331.0,9:13,553.0,ok,,2010-04,4020,April,Of the Seventy,seventy,legacy_csv,legacy_csv_runtime,4,144.4122965641953,general-conference/2010/04/when-the-lord-commands
2010,4,saturday-afternoon,5,David A. Bednar,David A. Bednar,Of the Quorum of the Twelve Apostles,Watching with All Perseverance,A spiritual early warning system … can help parents in Zion to be watchful and discerning concerning their children.,https://www.churchofjesuschrist.org/study/general-conference/2010/04/watching-with-all-perseverance,2070.0,15:55,955.0,ok,,2010-04,4020,April,Of the Quorum of the Twelve Apostles,twelve,legacy_csv,legacy_csv_runtime,5,130.05235602094243,general-conference/2010/04/watching-with-all-perseverance
2010,4,saturday-afternoon,6,Jeffrey R. Holland,Jeffrey R. Holland,Of the Quorum of the Twelve Apostles,Place No More for the Enemy of My Soul,"May the joy of our fidelity to the highest and best within us be ours as we keep our love and our marriages, our society and our souls, as pure as they were meant to be.",https://www.churchofjesuschrist.org/study/general-conference/2010/04/place-no-more-for-the-enemy-of-my-soul,1734.0,16:22,982.0,ok,,2010-04,4020,April,Of the Quorum of the Twelve Apostles,twelve,legacy_csv,legacy_csv_runtime,6,105.94704684317719,general-conference/2010/04/place-no-more-for-the-enemy-of-my-soul
2010,4,saturday-morning,1,Thomas S. Monson,Thomas S. Monson,President of the Church,Welcome to Conference,"Thank you, my brothers and sisters, for your faith and devotion to the gospel of Jesus Christ.",https://www.churchofjesuschrist.org/study/general-conference/2010/04/welcome-to-conference,720.0,,488.488,ok,legacy runtime nan (missing) replaced by official video duration,2010-04,4020,April,President of the Church,church_president,legacy_csv,video_data_duration,1,88.43615400992451,general-conference/2010/04/welcome-to-conference
2010,4,saturday-morning,2,Boyd K. Packer,Boyd K. Packer,President of the Quorum of the Twelve Apostles,The Power of the Priesthood,The priesthood does not have the strength that it should have and will not have until the power of the priesthood is firmly fixed in the families.,https://www.churchofjesuschrist.org/study/general-conference/2010/04/the-power-of-the-priesthood,2487.0,17:26,1046.0,ok,,2010-04,4020,April,President of the Quorum of the Twelve Apostles,twelve_president,legacy_csv,legacy_csv_runtime,2,142.65774378585087,general-conference/2010/04/the-power-of-the-priesthood
2010,4,saturday-morning,3,Julie B. Beck,Julie B. Beck,Relief Society General President,“And upon the Handmaids in Those Days Will I Pour Out My Spirit”,"We know we are successful if we live so that we qualify for, receive, and know how to follow the Spirit.",https://www.churchofjesuschrist.org/study/general-conference/2010/04/and-upon-the-handmaids-in-those-days-will-i-pour-out-my-spirit,1499.0,10:46,646.0,ok,,2010-04,4020,April,Relief Society General President,auxiliary_president,legacy_csv,legacy_csv_runtime,3,139.22600619195046,general-conference/2010/04/and-upon-the-handmaids-in-those-days-will-i-pour-out-my-spirit
2010,4,saturday-morning,4,Keith B. McMullin,Keith B. McMullin,Second Counselor in the Presiding Bishopric,Our Path of Duty,"Duty does not require perfection, but it does require diligence. It is not simply what is legal; it is what is virtuous.",https://www.churchofjesuschrist.org/study/general-conference/2010/04/our-path-of-duty,1467.0,11:11,671.0,ok,,2010-04,4020,April,Second Counselor in the Presiding Bishopric,presiding_bishopric,legacy_csv,legacy_csv_runtime,4,131.177347242921,general-conference/2010/04/our-path-of-duty
2010,4,saturday-morning,5,Wilford W. Andersen,Wilford W. Andersen,Of the Seventy,The Rock of Our Redeemer,I testify that those who keep His commandments will grow in faith and hope. They will be given strength to overcome all of life’s trials.,https://www.churchofjesuschrist.org/study/general-conference/2010/04/the-rock-of-our-redeemer,1433.0,,665.0,ok,legacy runtime nan (missing) replaced by official video duration,2010-04,4020,April,Of the Seventy,seventy,legacy_csv,video_data_duration,5,129.29323308270676,general-conference/2010/04/the-rock-of-our-redeemer
2010,4,saturday-morning,6,M. Russell Ballard,M. Russell Ballard,Of the Quorum of the Twelve Apostles,Mothers and Daughters,In these last days it is essential—even critical—that parents and children listen to and learn from one another.,https://www.churchofjesuschrist.org/study/general-conference/2010/04/mothers-and-daughters,2124.0,16:28,988.0,ok,,2010-04,4020,April,Of the Quorum of the Twelve Apostles,twelve,legacy_csv,legacy_csv_runtime,6,128.98785425101215,general-conference/2010/04/mothers-and-daughters
2010,4,saturday-morning,7,Henry B. Eyring,Henry B. Eyring,First Counselor in the First Presidency,Help Them on Their Way Home,We help God’s children best by providing ways to build faith in Jesus Christ and His restored gospel when they are young.,https://www.churchofjesuschrist.org/study/general-conference/2010/04/help-them-on-their-way-home,2587.0,,1146.678,ok,legacy runtime nan (missing) replaced by official video duration,2010-04,4020,April,First Counselor in the First Presidency,first_presidency_counselor,legacy_csv,video_data_duration,7,135.36494116046524,general-conference/2010/04/help-them-on-their-way-home
2010,4,sunday-afternoon,1,Russell M. Nelson,Russell M. Nelson,Of the Quorum of the Twelve Apostles,Generations Linked in Love,Our inborn yearnings for family connections are fulfilled when we are linked to our ancestors through sacred ordinances of the temple.,https://www.churchofjesuschrist.org/study/general-conference/2010/04/generations-linked-in-love,1642.0,14:55,895.0,ok,,2010-04,4020,April,Of the Quorum of the Twelve Apostles,twelve,legacy_csv,legacy_csv_runtime,1,110.0782122905028,general-conference/2010/04/generations-linked-in-love
2010,4,sunday-afternoon,2,Robert D. Hales,Robert D. Hales,Of the Quorum of the Twelve Apostles,Our Duty to God: The Mission of Parents and Leaders to the Rising Generation,It is our imperative duty to help youth understand and believe the gospel in a deeply personal way.,https://www.churchofjesuschrist.org/study/general-conference/2010/04/our-duty-to-god-the-mission-of-parents-and-leaders-to-the-rising-generation,1909.0,12:37,757.0,ok,,2010-04,4020,April,Of the Quorum of the Twelve Apostles,twelve,legacy_csv,legacy_csv_runtime,2,151.30779392338175,general-conference/2010/04/our-duty-to-god-the-mission-of-parents-and-leaders-to-the-rising-generation
2010,4,sunday-afternoon,3,Bradley D. Foster,Bradley D. Foster,Of the Seventy,Mother Told Me,Perhaps the reason we respond so universally to our mothers’ love is because it typifies the love of our Savior.,https://www.churchofjesuschrist.org/study/general-conference/2010/04/mother-told-me,1472.0,9:46,586.0,ok,,2010-04,4020,April,Of the Seventy,seventy,legacy_csv,legacy_csv_runtime,3,150.71672354948805,general-conference/2010/04/mother-told-me
2010,4,sunday-afternoon,4,James B. Martino,James B. Martino,Of the Seventy,All Things Work Together for Good,"We may never know in this life why we face what we do, but we can feel confident that we can grow from the experience.",https://www.churchofjesuschrist.org/study/general-conference/2010/04/all-things-work-together-for-good,1452.0,10:23,623.0,ok,,2010-04,4020,April,Of the Seventy,seventy,legacy_csv,legacy_csv_runtime,4,139.8394863563403,general-conference/2010/04/all-things-work-together-for-good
2010,4,sunday-afternoon,5,Gregory A. Schwitzer,Gregory A. Schwitzer,Of the Seventy,Developing Good Judgment and Not Judging Others,Good judgment is needed not only in understanding people but also in facing decisions that often lead us to or away from our Heavenly Father.,https://www.churchofjesuschrist.org/study/general-conference/2010/04/developing-good-judgment-and-not-judging-others,1481.0,10:35,635.0,ok,,2010-04,4020,April,Of the Seventy,seventy,legacy_csv,legacy_csv_runtime,5,139.93700787401573,general-conference/2010/04/developing-good-judgment-and-not-judging-others
2010,4,sunday-afternoon,6,Francisco J. Viñas,Francisco J. Viñas,Of the Seventy,Things Pertaining to Righteousness,"As parents and leaders, we need to watch over our members and families, helping them to stay away from those things that could lead them to a spiritual death.",https://www.churchofjesuschrist.org/study/general-conference/2010/04/things-pertaining-to-righteousness,1437.0,10:44,644.0,ok,,2010-04,4020,April,Of the Seventy,seventy,legacy_csv,legacy_csv_runtime,6,133.88198757763976,general-conference/2010/04/things-pertaining-to-righteousness
2010,4,sunday-afternoon,7,Neil L. Andersen,Neil L. Andersen,Of the Quorum of the Twelve Apostles,Tell Me the Stories of Jesus,A stronger personal faith in Jesus Christ will prepare [your children] for the challenges they will most surely face.,https://www.churchofjesuschrist.org/study/general-conference/2010/04/tell-me-the-stories-of-jesus,1877.0,15:46,946.0,ok,,2010-04,4020,April,Of the Quorum of the Twelve Apostles,twelve,legacy_csv,legacy_csv_runtime,7,119.04862579281183,general-conference/2010/04/tell-me-the-stories-of-jesus
2010,4,sunday-afternoon,8,Thomas S. Monson,Thomas S. Monson,President of the Church,A Word at Closing,The lighthouse of the Lord sends forth signals readily recognized and never failing.,https://www.churchofjesuschrist.org/study/general-conference/2010/04/a-word-at-closing,779.0,6:26,386.0,ok,,2010-04,4020,April,President of the Church,church_president,legacy_csv,legacy_csv_runtime,8,121.0880829015544,general-conference/2010/04/a-word-at-closing
2010,4,sunday-morning,1,Dieter F. Uchtdorf,Dieter F. Uchtdorf,Second Counselor in the First Presidency,“You Are My Hands”,"As disciples of Jesus Christ, our Master, we are called to support and heal rather than condemn.",https://www.churchofjesuschrist.org/study/general-conference/2010/04/you-are-my-hands,2001.0,17:22,1042.0,ok,,2010-04,4020,April,Second Counselor in the First Presidency,first_presidency_counselor,legacy_csv,legacy_csv_runtime,1,115.22072936660268,general-conference/2010/04/you-are-my-hands
2010,4,sunday-morning,2,Richard G. Scott,Richard G. Scott,Of the Quorum of the Twelve Apostles,He Lives! All Glory to His Name!,Our understanding of and faith in the Atonement of Jesus Christ will provide strength and capacity needed for a successful life.,https://www.churchofjesuschrist.org/study/general-conference/2010/04/he-lives-all-glory-to-his-name,1726.0,,900.532,ok,legacy runtime nan (missing) replaced by official video duration,2010-04,4020,April,Of the Quorum of the Twelve Apostles,twelve,legacy_csv,video_data_duration,2,114.99868966344337,general-conference/2010/04/he-lives-all-glory-to-his-name
2010,4,sunday-morning,3,Donald L. Hallstrom,Donald L. Hallstrom,Of the Presidency of the Seventy,Turn to the Lord,Never let an earthly circumstance disable you spiritually.,https://www.churchofjesuschrist.org/study/general-conference/2010/04/turn-to-the-lord,1411.0,10:56,656.0,ok,,2010-04,4020,April,Of the Presidency of the Seventy,seventy_presidency,legacy_csv,legacy_csv_runtime,3,129.0548780487805,general-conference/2010/04/turn-to-the-lord
2010,4,sunday-morning,4,Cheryl C. Lant,Cheryl C. Lant,Recently Released Primary General President,That Our Children Might See the Face of the Savior,It is our sacred responsibility as parents and leaders of this rising generation of children to bring them to the Savior.,https://www.churchofjesuschrist.org/study/general-conference/2010/04/that-our-children-might-see-the-face-of-the-savior,1590.0,11:15,675.0,ok,,2010-04,4020,April,Primary General President,auxiliary_president,legacy_csv,legacy_csv_runtime,4,141.33333333333334,general-conference/2010/04/that-our-children-might-see-the-face-of-the-savior
2010,4,sunday-morning,5,Quentin L. Cook,Quentin L. Cook,Of the Quorum of the Twelve Apostles,We Follow Jesus Christ,We rejoice in all the Savior has done for us. He has made it possible for each of us to gain our salvation and exaltation.,https://www.churchofjesuschrist.org/study/general-conference/2010/04/we-follow-jesus-christ,2182.0,,967.0,ok,legacy runtime nan (missing) replaced by official video duration,2010-04,4020,April,Of the Quorum of the Twelve Apostles,twelve,legacy_csv,video_data_duration,5,135.38779731127198,general-conference/2010/04/we-follow-jesus-christ
2010,4,sunday-morning,6,Thomas S. Monson,Thomas S. Monson,President of the Church,He Is Risen!,"The empty tomb that first Easter morning was the answer to Job’s question, “If a man die, shall he live again?”",https://www.churchofjesuschrist.org/study/general-conference/2010/04/he-is-risen,2483.0,22:29,1349.0,ok,,2010-04,4020,April,President of the Church,church_president,legacy_csv,legacy_csv_runtime,6,110.43736100815418,general-conference/2010/04/he-is-risen
2010,4,young-women,1,Ann M. Dibb,Ann M. Dibb,Second Counselor in the Young Women General Presidency,Be of a Good Courage,"[The] guides from the book of Joshua will combine to provide the most powerful source of courage and strength there is: faith in our Heavenly Father and in His Son, Jesus Christ.",https://www.churchofjesuschrist.org/study/general-conference/2010/04/be-of-a-good-courage,1831.0,13:32,812.0,ok,,2010-04,4020,April,Second Counselor in the Young Women General Presidency,auxiliary_counselor,legacy_csv,legacy_csv_runtime,1,135.29556650246306,general-conference/2010/04/be-of-a-good-courage
2010,4,young-women,2,Mary N. Cook,Mary N. Cook,First Counselor in the Young Women General Presidency,"Never, Never, Never Give Up!","What does the Lord want you to do? He wants you to be a valiant and virtuous daughter of God, dedicated to living each day so that you can be worthy to receive the blessings of the temple.",https://www.churchofjesuschrist.org/study/general-conference/2010/04/never-never-never-give-up,1899.0,11:51,711.0,ok,,2010-04,4020,April,First Counselor in the Young Women General Presidency,auxiliary_counselor,legacy_csv,legacy_csv_runtime,2,160.25316455696202,general-conference/2010/04/never-never-never-give-up
2010,4,young-women,3,Elaine S. Dalton,Elaine S. Dalton,Young Women General President,Remember Who You Are!,"There is no more beautiful sight than a young woman who glows with the light of the Spirit, who is confident and courageous because she is virtuous.",https://www.churchofjesuschrist.org/study/general-conference/2010/04/remember-who-you-are,2016.0,14:28,868.0,ok,,2010-04,4020,April,Young Women General President,auxiliary_president,legacy_csv,legacy_csv_runtime,3,139.3548387096774,general-conference/2010/04/remember-who-you-are
2010,4,young-women,4,Dieter F. Uchtdorf,Dieter F. Uchtdorf,Second Counselor in the First Presidency,Your Happily Ever After,Heavenly Father offers to you the greatest gift of all—eternal life—and the opportunity and infinite blessing of your own “happily ever after.”,https://www.churchofjesuschrist.org/study/general-conference/2010/04/your-happily-ever-after,2437.0,20:46,1246.0,ok,,2010-04,4020,April,Second Counselor in the First Presidency,first_presidency_counselor,legacy_csv,legacy_csv_runtime,4,117.35152487961477,general-conference/2010/04/your-happily-ever-after
2010,10,priesthood,1,Russell M. Nelson,Russell M. Nelson,Of the Quorum of the Twelve Apostles,Be Thou an Example of the Believers,"Whether full-time missionaries or members, we should all be good examples of the believers in Jesus Christ.",https://www.churchofjesuschrist.org/study/general-conference/2010/10/be-thou-an-example-of-the-believers,1802.0,15:37,937.0,ok,,2010-10,4021,October,Of the Quorum of the Twelve Apostles,twelve,legacy_csv,legacy_csv_runtime,1,115.38954108858057,general-conference/2010/10/be-thou-an-example-of-the-believers
2010,10,priesthood,2,Patrick Kearon,Patrick Kearon,Of the Seventy,"“Come unto Me with Full Purpose of Heart, and I Shall Heal You”","Our Savior is the Prince of Peace, the Great Healer, the only One who can truly cleanse us from the sting of sin.",https://www.churchofjesuschrist.org/study/general-conference/2010/10/come-unto-me-with-full-purpose-of-heart-and-i-shall-heal-you,1605.0,,661.0,ok,legacy runtime nan (missing) replaced by official video duration,2010-10,4021,October,Of the Seventy,seventy,legacy_csv,video_data_duration,2,145.68835098335853,general-conference/2010/10/come-unto-me-with-full-purpose-of-heart-and-i-shall-heal-you
2010,10,priesthood,3,Juan A. Uceda,Juan A. Uceda,Of the Seventy,He Teaches Us to Put Off the Natural Man,"I bear witness of the reality and power of the Savior’s Atonement to cleanse, purify, and make us and our homes holy.",https://www.churchofjesuschrist.org/study/general-conference/2010/10/he-teaches-us-to-put-off-the-natural-man,1235.0,10:52,652.0,ok,,2010-10,4021,October,Of the Seventy,seventy,legacy_csv,legacy_csv_runtime,3,113.65030674846625,general-conference/2010/10/he-teaches-us-to-put-off-the-natural-man
2010,10,priesthood,4,Dieter F. Uchtdorf,Dieter F. Uchtdorf,Second Counselor in the First Presidency,Pride and the Priesthood,Pride is a switch that turns off priesthood power. Humility is a switch that turns it on.,https://www.churchofjesuschrist.org/study/general-conference/2010/10/pride-and-the-priesthood,2125.0,18:25,1105.0,ok,,2010-10,4021,October,Second Counselor in the First Presidency,first_presidency_counselor,legacy_csv,legacy_csv_runtime,4,115.38461538461537,general-conference/2010/10/pride-and-the-priesthood
2010,10,priesthood,5,Henry B. Eyring,Henry B. Eyring,First Counselor in the First Presidency,Serve with the Spirit,Let us do whatever is required to qualify for the Holy Ghost as our companion.,https://www.churchofjesuschrist.org/study/general-conference/2010/10/serve-with-the-spirit,2614.0,19:15,1155.0,ok,,2010-10,4021,October,First Counselor in the First Presidency,first_presidency_counselor,legacy_csv,legacy_csv_runtime,5,135.7922077922078,general-conference/2010/10/serve-with-the-spirit
2010,10,priesthood,6,Thomas S. Monson,Thomas S. Monson,President of the Church,The Three Rs of Choice,Each of us has come to this earth with all the tools necessary to make correct choices.,https://www.churchofjesuschrist.org/study/general-conference/2010/10/the-three-rs-of-choice,2137.0,20:36,1236.0,ok,,2010-10,4021,October,President of the Church,church_president,legacy_csv,legacy_csv_runtime,6,103.7378640776699,general-conference/2010/10/the-three-rs-of-choice
2010,10,relief-society,1,Julie B. Beck,Julie B. Beck,Relief Society General President,“Daughters in My Kingdom”: The History and Work of Relief Society,"Studying the history of Relief Society gives definition and expression to who we are as disciples and followers of our Savior, Jesus Christ.",https://www.churchofjesuschrist.org/study/general-conference/2010/10/daughters-in-my-kingdom-the-history-and-work-of-relief-society,2204.0,16:58,1018.0,ok,,2010-10,4021,October,Relief Society General President,auxiliary_president,legacy_csv,legacy_csv_runtime,1,129.90176817288804,general-conference/2010/10/daughters-in-my-kingdom-the-history-and-work-of-relief-society
2010,10,relief-society,2,Silvia H. Allred,Silvia H. Allred,First Counselor in the Relief Society General Presidency,Steadfast and Immovable,"If we are faithful and endure to the end, we will receive all of Heavenly Father’s blessings, even eternal life and exaltation.",https://www.churchofjesuschrist.org/study/general-conference/2010/10/steadfast-and-immovable,1878.0,12:43,763.0,ok,,2010-10,4021,October,First Counselor in the Relief Society General Presidency,auxiliary_counselor,legacy_csv,legacy_csv_runtime,2,147.68020969855831,general-conference/2010/10/steadfast-and-immovable
2010,10,relief-society,3,Barbara Thompson,Barbara Thompson,Second Counselor in the Relief Society General Presidency,"And of Some Have Compassion, Making a Difference","The beauty of visiting teaching is seeing lives changed, tears wiped away, testimonies growing, people loved, families strengthened.",https://www.churchofjesuschrist.org/study/general-conference/2010/10/and-of-some-have-compassion-making-a-difference,1860.0,,784.0,ok,legacy runtime nan (missing) replaced by official video duration,2010-10,4021,October,Second Counselor in the Relief Society General Presidency,auxiliary_counselor,legacy_csv,video_data_duration,3,142.3469387755102,general-conference/2010/10/and-of-some-have-compassion-making-a-difference
2010,10,relief-society,4,Thomas S. Monson,Thomas S. Monson,President of the Church,Charity Never Faileth,"Rather than being judgmental and critical of each other, may we have the pure love of Christ for our fellow travelers in this journey through life.",https://www.churchofjesuschrist.org/study/general-conference/2010/10/charity-never-faileth,2183.0,19:49,1189.0,ok,,2010-10,4021,October,President of the Church,church_president,legacy_csv,legacy_csv_runtime,4,110.15979814970564,general-conference/2010/10/charity-never-faileth
2010,10,saturday-afternoon,1,Robert D. Hales,Robert D. Hales,Of the Quorum of the Twelve Apostles,Agency: Essential to the Plan of Life,"Whenever we choose to come unto Christ, take His name upon us, and follow His servants, we progress along the path to eternal life.",https://www.churchofjesuschrist.org/study/general-conference/2010/10/agency-essential-to-the-plan-of-life,2025.0,16:24,984.0,ok,,2010-10,4021,October,Of the Quorum of the Twelve Apostles,twelve,legacy_csv,legacy_csv_runtime,1,123.47560975609757,general-conference/2010/10/agency-essential-to-the-plan-of-life
2010,10,saturday-afternoon,2,Quentin L. Cook,Quentin L. Cook,Of the Quorum of the Twelve Apostles,Let There Be Light!,"In our increasingly unrighteous world, it is essential that values based on religious belief be part of the public discourse.",https://www.churchofjesuschrist.org/study/general-conference/2010/10/let-there-be-light,2159.0,14:31,871.0,ok,,2010-10,4021,October,Of the Quorum of the Twelve Apostles,twelve,legacy_csv,legacy_csv_runtime,2,148.72560275545348,general-conference/2010/10/let-there-be-light
2010,10,saturday-afternoon,3,Richard C. Edgley,Richard C. Edgley,First Counselor in the Presiding Bishopric,Faith—the Choice Is Yours,"Choose faith over doubt, choose faith over fear, choose faith over the unknown and the unseen, and choose faith over pessimism.",https://www.churchofjesuschrist.org/study/general-conference/2010/10/faith-the-choice-is-yours,1268.0,9:27,567.0,ok,,2010-10,4021,October,First Counselor in the Presiding Bishopric,presiding_bishopric,legacy_csv,legacy_csv_runtime,3,134.17989417989418,general-conference/2010/10/faith-the-choice-is-yours
2010,10,saturday-afternoon,4,Kevin R. Duncan,Kevin R. Duncan,Of the Seventy,Our Very Survival,May we have the wisdom to trust in and follow the counsel of the living prophets and apostles.,https://www.churchofjesuschrist.org/study/general-conference/2010/10/our-very-survival,1340.0,,544.0,ok,legacy runtime nan (missing) replaced by official video duration,2010-10,4021,October,Of the Seventy,seventy,legacy_csv,video_data_duration,4,147.79411764705884,general-conference/2010/10/our-very-survival
2010,10,saturday-afternoon,5,Gerrit W. Gong,Gerrit W. Gong,Of the Seventy,Temple Mirrors of Eternity: A Testimony of Family,An eternal perspective of gospel conversion and temple covenants can help us see rich blessings in each generation of our forever families.,https://www.churchofjesuschrist.org/study/general-conference/2010/10/temple-mirrors-of-eternity-a-testimony-of-family,1104.0,,547.513,ok,legacy runtime nan (missing) replaced by official video duration,2010-10,4021,October,Of the Seventy,seventy,legacy_csv,video_data_duration,5,120.98342870397597,general-conference/2010/10/temple-mirrors-of-eternity-a-testimony-of-family
2010,10,saturday-afternoon,6,Neil L. Andersen,Neil L. Andersen,Of the Quorum of the Twelve Apostles,Never Leave Him,"As you choose not to be offended or ashamed, you will feel His love and approval. You will know that you are becoming more like Him.",https://www.churchofjesuschrist.org/study/general-conference/2010/10/never-leave-him,1853.0,15:18,918.0,ok,,2010-10,4021,October,Of the Quorum of the Twelve Apostles,twelve,legacy_csv,legacy_csv_runtime,6,121.1111111111111,general-conference/2010/10/never-leave-him
2010,10,saturday-afternoon,7,Richard G. Scott,Richard G. Scott,Of the Quorum of the Twelve Apostles,The Transforming Power of Faith and Character,"A consistent, righteous life produces an inner power and strength that can be permanently resistant to the eroding influence of sin and transgression.",https://www.churchofjesuschrist.org/study/general-conference/2010/10/the-transforming-power-of-faith-and-character,2298.0,15:15,915.0,ok,,2010-10,4021,October,Of the Quorum of the Twelve Apostles,twelve,legacy_csv,legacy_csv_runtime,7,150.68852459016392,general-conference/2010/10/the-transforming-power-of-faith-and-character
2010,10,saturday-morning,1,Thomas S. Monson,Thomas S. Monson,President of the Church,As We Meet Together Again,Missionary service is a priesthood duty—an obligation the Lord expects of us who have been given so very much.,https://www.churchofjesuschrist.org/study/general-conference/2010/10/as-we-meet-together-again,674.0,5:34,334.0,ok,,2010-10,4021,October,President of the Church,church_president,legacy_csv,legacy_csv_runtime,1,121.07784431137725,general-conference/2010/10/as-we-meet-together-again
2010,10,saturday-morning,2,Jeffrey R. Holland,Jeffrey R. Holland,Of the Quorum of the Twelve Apostles,Because of Your Faith,My thanks to all you wonderful members of the Church … for proving every day of your life that the pure love of Christ “never faileth.”,https://www.churchofjesuschrist.org/study/general-conference/2010/10/because-of-your-faith,1768.0,14:11,851.0,ok,,2010-10,4021,October,Of the Quorum of the Twelve Apostles,twelve,legacy_csv,legacy_csv_runtime,2,124.65334900117509,general-conference/2010/10/because-of-your-faith
2010,10,saturday-morning,3,Rosemary M. Wixom,Rosemary M. Wixom,Primary General President,Stay on the Path,"As we hold on to our children and follow the Savior’s lead, we will all return to our heavenly home and be safe in our Heavenly Father’s arms.",https://www.churchofjesuschrist.org/study/general-conference/2010/10/stay-on-the-path,1294.0,9:52,592.0,ok,,2010-10,4021,October,Primary General President,auxiliary_president,legacy_csv,legacy_csv_runtime,3,131.14864864864865,general-conference/2010/10/stay-on-the-path
2010,10,saturday-morning,4,Claudio R. M. Costa,Claudio R. M. Costa,Of the Presidency of the Seventy,Obedience to the Prophets,What a great blessing it is to have prophets in our day!,https://www.churchofjesuschrist.org/study/general-conference/2010/10/obedience-to-the-prophets,1467.0,,666.0,ok,legacy runtime nan (missing) replaced by official video duration,2010-10,4021,October,Of the Presidency of the Seventy,seventy_presidency,legacy_csv,video_data_duration,4,132.16216216216216,general-conference/2010/10/obedience-to-the-prophets
2010,10,saturday-morning,5,David M. McConkie,David M. McConkie,First Counselor in the Sunday School General Presidency,Gospel Learning and Teaching,What matters most is the attitude or spirit by which the teacher teaches.,https://www.churchofjesuschrist.org/study/general-conference/2010/10/gospel-learning-and-teaching,1466.0,10:12,612.0,ok,,2010-10,4021,October,First Counselor in the Sunday School General Presidency,auxiliary_counselor,legacy_csv,legacy_csv_runtime,5,143.72549019607845,general-conference/2010/10/gospel-learning-and-teaching
2010,10,saturday-morning,6,D. Todd Christofferson,D. Todd Christofferson,Of the Quorum of the Twelve Apostles,Reflections on a Consecrated Life,"True success in this life comes in consecrating our lives—that is, our time and choices—to God’s purposes.",https://www.churchofjesuschrist.org/study/general-conference/2010/10/reflections-on-a-consecrated-life,2198.0,16:20,980.0,ok,,2010-10,4021,October,Of the Quorum of the Twelve Apostles,twelve,legacy_csv,legacy_csv_runtime,6,134.57142857142858,general-conference/2010/10/reflections-on-a-consecrated-life
2010,10,saturday-morning,7,Dieter F. Uchtdorf,Dieter F. Uchtdorf,Second Counselor in the First Presidency,Of Things That Matter Most,"If life and its rushed pace and many stresses have made it difficult for you to feel like rejoicing, then perhaps now is a good time to refocus on what matters most.",https://www.churchofjesuschrist.org/study/general-conference/2010/10/of-things-that-matter-most,2139.0,19:12,1152.0,ok,,2010-10,4021,October,Second Counselor in the First Presidency,first_presidency_counselor,legacy_csv,legacy_csv_runtime,7,111.40625,general-conference/2010/10/of-things-that-matter-most
2010,10,sunday-afternoon,1,L. Tom Perry,L. Tom Perry,Of the Quorum of the Twelve Apostles,The Priesthood of Aaron,"The priesthood you bear is a special gift, for the giver is the Lord Himself. Use it, magnify it, and live worthy of it.",https://www.churchofjesuschrist.org/study/general-conference/2010/10/the-priesthood-of-aaron,2011.0,13:27,807.0,ok,,2010-10,4021,October,Of the Quorum of the Twelve Apostles,twelve,legacy_csv,legacy_csv_runtime,1,149.51672862453532,general-conference/2010/10/the-priesthood-of-aaron
2010,10,sunday-afternoon,2,David A. Bednar,David A. Bednar,Of the Quorum of the Twelve Apostles,Receive the Holy Ghost,"These four words—“Receive the Holy Ghost”—are not a passive pronouncement; rather, they constitute a priesthood injunction—an authoritative admonition to act and not simply to be acted upon.",https://www.churchofjesuschrist.org/study/general-conference/2010/10/receive-the-holy-ghost,2067.0,15:29,929.0,ok,,2010-10,4021,October,Of the Quorum of the Twelve Apostles,twelve,legacy_csv,legacy_csv_runtime,2,133.4983853606028,general-conference/2010/10/receive-the-holy-ghost
2010,10,sunday-afternoon,3,Larry R. Lawrence,Larry R. Lawrence,Of the Seventy,Courageous Parenting,What the world really needs is courageous parenting from mothers and fathers who are not afraid to speak up and take a stand.,https://www.churchofjesuschrist.org/study/general-conference/2010/10/courageous-parenting,1579.0,10:38,638.0,ok,,2010-10,4021,October,Of the Seventy,seventy,legacy_csv,legacy_csv_runtime,3,148.49529780564265,general-conference/2010/10/courageous-parenting
2010,10,sunday-afternoon,4,Per G. Malm,Per G. Malm,Of the Seventy,Rest unto Your Souls,"To find rest unto our souls includes peace of mind and heart, which is the result of learning and following the doctrine of Christ.",https://www.churchofjesuschrist.org/study/general-conference/2010/10/rest-unto-your-souls,1282.0,10:12,612.0,ok,,2010-10,4021,October,Of the Seventy,seventy,legacy_csv,legacy_csv_runtime,4,125.68627450980394,general-conference/2010/10/rest-unto-your-souls
2010,10,sunday-afternoon,5,Jairo Mazzagardi,Jairo Mazzagardi,Of the Seventy,Avoiding the Trap of Sin,Stay strong and make good choices that will allow you to eat the fruit of the tree of life.,https://www.churchofjesuschrist.org/study/general-conference/2010/10/avoiding-the-trap-of-sin,1311.0,9:50,590.0,ok,,2010-10,4021,October,Of the Seventy,seventy,legacy_csv,legacy_csv_runtime,5,133.32203389830508,general-conference/2010/10/avoiding-the-trap-of-sin
2010,10,sunday-afternoon,6,Mervyn B. Arnold,Mervyn B. Arnold,Of the Seventy,What Have You Done with My Name?,"Someday each one of us will have to account to our Savior, Jesus Christ, for what we have done with His name.",https://www.churchofjesuschrist.org/study/general-conference/2010/10/what-have-you-done-with-my-name,1503.0,10:20,620.0,ok,,2010-10,4021,October,Of the Seventy,seventy,legacy_csv,legacy_csv_runtime,6,145.4516129032258,general-conference/2010/10/what-have-you-done-with-my-name
2010,10,sunday-afternoon,7,M. Russell Ballard,M. Russell Ballard,Of the Quorum of the Twelve Apostles,O That Cunning Plan of the Evil One,"There is hope for the addicted, and this hope comes through the Atonement of the Lord Jesus Christ.",https://www.churchofjesuschrist.org/study/general-conference/2010/10/o-that-cunning-plan-of-the-evil-one,1958.0,16:56,1016.0,ok,,2010-10,4021,October,Of the Quorum of the Twelve Apostles,twelve,legacy_csv,legacy_csv_runtime,7,115.62992125984252,general-conference/2010/10/o-that-cunning-plan-of-the-evil-one
2010,10,sunday-afternoon,8,Thomas S. Monson,Thomas S. Monson,President of the Church,Till We Meet Again,"Endure to the end we must, for our goal is eternal life in the presence of our Father in Heaven.",https://www.churchofjesuschrist.org/study/general-conference/2010/10/till-we-meet-again,721.0,6:30,390.0,ok,,2010-10,4021,October,President of the Church,church_president,legacy_csv,legacy_csv_runtime,8,110.92307692307692,general-conference/2010/10/till-we-meet-again
2010,10,sunday-morning,1,Henry B. Eyring,Henry B. Eyring,First Counselor in the First Presidency,"Trust in God, Then Go and Do",You show your trust in Him when you listen with the intent to learn and repent and then you go and do whatever He asks.,https://www.churchofjesuschrist.org/study/general-conference/2010/10/trust-in-god-then-go-and-do,2318.0,17:38,1058.0,ok,,2010-10,4021,October,First Counselor in the First Presidency,first_presidency_counselor,legacy_csv,legacy_csv_runtime,1,131.45557655954633,general-conference/2010/10/trust-in-god-then-go-and-do
2010,10,sunday-morning,2,Boyd K. Packer,Boyd K. Packer,President of the Quorum of the Twelve Apostles,Cleansing the Inner Vessel,Nowhere are the generosity and the kindness and mercy of God more manifest than in repentance.,https://www.churchofjesuschrist.org/study/general-conference/2010/10/cleansing-the-inner-vessel,2075.0,16:54,1014.0,ok,,2010-10,4021,October,President of the Quorum of the Twelve Apostles,twelve_president,legacy_csv,legacy_csv_runtime,2,122.7810650887574,general-conference/2010/10/cleansing-the-inner-vessel
2010,10,sunday-morning,3,Jay E. Jensen,Jay E. Jensen,Of the Presidency of the Seventy,The Holy Ghost and Revelation,"The Holy Ghost is the third member of the Godhead, and with the Father and the Son, He knows all things.",https://www.churchofjesuschrist.org/study/general-conference/2010/10/the-holy-ghost-and-revelation,1394.0,9:50,590.0,ok,,2010-10,4021,October,Of the Presidency of the Seventy,seventy_presidency,legacy_csv,legacy_csv_runtime,3,141.76271186440678,general-conference/2010/10/the-holy-ghost-and-revelation
2010,10,sunday-morning,4,Mary N. Cook,Mary N. Cook,First Counselor in the Young Women General Presidency,Be an Example of the Believers,I would like to invite you to “be … an example of the believers … in faith [and] in purity.”,https://www.churchofjesuschrist.org/study/general-conference/2010/10/be-an-example-of-the-believers,1687.0,10:47,647.0,ok,,2010-10,4021,October,First Counselor in the Young Women General Presidency,auxiliary_counselor,legacy_csv,legacy_csv_runtime,4,156.4451313755796,general-conference/2010/10/be-an-example-of-the-believers
2010,10,sunday-morning,5,Dallin H. Oaks,Dallin H. Oaks,Of the Quorum of the Twelve Apostles,Two Lines of Communication,We must use both the personal line and the priesthood line in proper balance to achieve the growth that is the purpose of mortal life.,https://www.churchofjesuschrist.org/study/general-conference/2010/10/two-lines-of-communication,2140.0,16:10,970.0,ok,,2010-10,4021,October,Of the Quorum of the Twelve Apostles,twelve,legacy_csv,legacy_csv_runtime,5,132.37113402061854,general-conference/2010/10/two-lines-of-communication
2010,10,sunday-morning,6,Thomas S. Monson,Thomas S. Monson,President of the Church,The Divine Gift of Gratitude,A grateful heart … comes through expressing gratitude to our Heavenly Father for His blessings and to those around us for all that they bring into our lives.,https://www.churchofjesuschrist.org/study/general-conference/2010/10/the-divine-gift-of-gratitude,2578.0,,1386.985,ok,legacy runtime nan (missing) replaced by official video duration,2010-10,4021,October,President of the Church,church_president,legacy_csv,video_data_duration,6,111.52247500874199,general-conference/2010/10/the-divine-gift-of-gratitude
2011,4,priesthood,1,Neil L. Andersen,Neil L. Andersen,Of the Quorum of the Twelve Apostles,Preparing the World for the Second Coming,Your mission will be a sacred opportunity to bring others to Christ and help prepare for the Second Coming of the Savior.,https://www.churchofjesuschrist.org/study/general-conference/2011/04/preparing-the-world-for-the-second-coming,1925.0,15:32,932.0,ok,,2011-04,4022,April,Of the Quorum of the Twelve Apostles,twelve,legacy_csv,legacy_csv_runtime,1,123.92703862660944,general-conference/2011/04/preparing-the-world-for-the-second-coming
2011,4,priesthood,2,Steven E. Snow,Steven E. Snow,Of the Presidency of the Seventy,Hope,Our hope in the Atonement empowers us with eternal perspective.,https://www.churchofjesuschrist.org/study/general-conference/2011/04/hope,1588.0,11:33,693.0,ok,,2011-04,4022,April,Of the Presidency of the Seventy,seventy_presidency,legacy_csv,legacy_csv_runtime,2,137.48917748917748,general-conference/2011/04/hope
2011,4,priesthood,3,Larry M. Gibson,Larry M. Gibson,First Counselor in the Young Men General Presidency,Sacred Keys of the Aaronic Priesthood,The Lord wants every Aaronic Priesthood holder to invite all to come unto Christ—beginning with his own family.,https://www.churchofjesuschrist.org/study/general-conference/2011/04/sacred-keys-of-the-aaronic-priesthood,1668.0,,728.394,ok,legacy runtime nan (missing) replaced by official video duration,2011-04,4022,April,First Counselor in the Young Men General Presidency,auxiliary_counselor,legacy_csv,video_data_duration,3,137.39816637698826,general-conference/2011/04/sacred-keys-of-the-aaronic-priesthood
2011,4,priesthood,4,Dieter F. Uchtdorf,Dieter F. Uchtdorf,Second Counselor in the First Presidency,"Your Potential, Your Privilege","As you read the scriptures and listen to the words of the prophets with all your heart and mind, the Lord will tell you how to live up to your priesthood privileges.",https://www.churchofjesuschrist.org/study/general-conference/2011/04/your-potential-your-privilege,2042.0,18:12,1092.0,ok,,2011-04,4022,April,Second Counselor in the First Presidency,first_presidency_counselor,legacy_csv,legacy_csv_runtime,4,112.1978021978022,general-conference/2011/04/your-potential-your-privilege
2011,4,priesthood,5,Henry B. Eyring,Henry B. Eyring,First Counselor in the First Presidency,Learning in the Priesthood,"If you will be diligent and obedient in the priesthood, treasures of spiritual knowledge will be poured out upon you.",https://www.churchofjesuschrist.org/study/general-conference/2011/04/learning-in-the-priesthood,2526.0,19:49,1189.0,ok,,2011-04,4022,April,First Counselor in the First Presidency,first_presidency_counselor,legacy_csv,legacy_csv_runtime,5,127.46846089150547,general-conference/2011/04/learning-in-the-priesthood
2011,4,priesthood,6,Thomas S. Monson,Thomas S. Monson,President of the Church,Priesthood Power,May we be worthy recipients of the divine power of the priesthood we bear. May it bless our lives and may we use it to bless the lives of others.,https://www.churchofjesuschrist.org/study/general-conference/2011/04/priesthood-power,2642.0,24:45,1485.0,ok,,2011-04,4022,April,President of the Church,church_president,legacy_csv,legacy_csv_runtime,6,106.74747474747475,general-conference/2011/04/priesthood-power
2011,4,saturday-afternoon,1,Boyd K. Packer,Boyd K. Packer,President of the Quorum of the Twelve Apostles,Guided by the Holy Spirit,Every one of us can be guided by the spirit of revelation and the gift of the Holy Ghost.,https://www.churchofjesuschrist.org/study/general-conference/2011/04/guided-by-the-holy-spirit,2133.0,15:58,958.0,ok,,2011-04,4022,April,President of the Quorum of the Twelve Apostles,twelve_president,legacy_csv,legacy_csv_runtime,1,133.59081419624218,general-conference/2011/04/guided-by-the-holy-spirit
2011,4,saturday-afternoon,2,Russell M. Nelson,Russell M. Nelson,Of the Quorum of the Twelve Apostles,Face the Future with Faith,"Truth, covenants, and ordinances enable us to overcome fear and face the future with faith!",https://www.churchofjesuschrist.org/study/general-conference/2011/04/face-the-future-with-faith,1615.0,14:30,870.0,ok,,2011-04,4022,April,Of the Quorum of the Twelve Apostles,twelve,legacy_csv,legacy_csv_runtime,2,111.37931034482759,general-conference/2011/04/face-the-future-with-faith
2011,4,saturday-afternoon,3,Richard J. Maynes,Richard J. Maynes,Of the Seventy,Establishing a Christ-Centered Home,We understand and believe in the eternal nature of the family. This understanding and belief should inspire us to do everything in our power to establish a Christ-centered home.,https://www.churchofjesuschrist.org/study/general-conference/2011/04/establishing-a-christ-centered-home,1443.0,10:59,659.0,ok,,2011-04,4022,April,Of the Seventy,seventy,legacy_csv,legacy_csv_runtime,3,131.38088012139607,general-conference/2011/04/establishing-a-christ-centered-home
2011,4,saturday-afternoon,4,Cecil O. Samuelson Jr.,Cecil O. Samuelson Jr.,Of the Seventy,Testimony,"The fundamentals of gaining and retaining a testimony of the gospel of Jesus Christ are straightforward, clear, and within the capacity of every person.",https://www.churchofjesuschrist.org/study/general-conference/2011/04/testimony,1473.0,8:47,527.0,ok,,2011-04,4022,April,Of the Seventy,seventy,legacy_csv,legacy_csv_runtime,4,167.70398481973436,general-conference/2011/04/testimony
2011,4,saturday-afternoon,5,Dallin H. Oaks,Dallin H. Oaks,Of the Quorum of the Twelve Apostles,Desire,"To achieve our eternal destiny, we will desire and work for the qualities required to become an eternal being.",https://www.churchofjesuschrist.org/study/general-conference/2011/04/desire,1959.0,,967.566,ok,legacy runtime nan (missing) replaced by official video duration,2011-04,4022,April,Of the Quorum of the Twelve Apostles,twelve,legacy_csv,video_data_duration,5,121.48008507946744,general-conference/2011/04/desire
2011,4,saturday-afternoon,6,M. Russell Ballard,M. Russell Ballard,Of the Quorum of the Twelve Apostles,Finding Joy through Loving Service,"May we show our love and appreciation for the Savior’s atoning sacrifice through our simple, compassionate acts of service.",https://www.churchofjesuschrist.org/study/general-conference/2011/04/finding-joy-through-loving-service,1965.0,,902.835,ok,legacy runtime nan (missing) replaced by official video duration,2011-04,4022,April,Of the Quorum of the Twelve Apostles,twelve,legacy_csv,video_data_duration,6,130.5886457658376,general-conference/2011/04/finding-joy-through-loving-service
2011,4,saturday-morning,1,Thomas S. Monson,Thomas S. Monson,President of the Church,It’s Conference Once Again,"Thank you for your faith and devotion to the gospel, for the love and care you show to one another, and for the service you provide.",https://www.churchofjesuschrist.org/study/general-conference/2011/04/its-conference-once-again,629.0,5:29,329.0,ok,,2011-04,4022,April,President of the Church,church_president,legacy_csv,legacy_csv_runtime,1,114.7112462006079,general-conference/2011/04/its-conference-once-again
2011,4,saturday-morning,2,L. Tom Perry,L. Tom Perry,Of the Quorum of the Twelve Apostles,The Sabbath and the Sacrament,Let your family be filled with love as you honor the Sabbath all day long and experience its spiritual blessings throughout the week.,https://www.churchofjesuschrist.org/study/general-conference/2011/04/the-sabbath-and-the-sacrament,1845.0,14:19,859.0,ok,,2011-04,4022,April,Of the Quorum of the Twelve Apostles,twelve,legacy_csv,legacy_csv_runtime,2,128.8707799767171,general-conference/2011/04/the-sabbath-and-the-sacrament
2011,4,saturday-morning,3,Jean A. Stevens,Jean A. Stevens,First Counselor in the Primary General Presidency,Become as a Little Child,"If we have a heart to learn and a willingness to follow the example of children, their divine attributes can hold a key to unlocking our own spiritual growth.",https://www.churchofjesuschrist.org/study/general-conference/2011/04/become-as-a-little-child,1573.0,10:42,642.0,ok,,2011-04,4022,April,First Counselor in the Primary General Presidency,auxiliary_counselor,legacy_csv,legacy_csv_runtime,3,147.00934579439254,general-conference/2011/04/become-as-a-little-child
2011,4,saturday-morning,4,Walter F. González,Walter F. González,Of the Presidency of the Seventy,Followers of Christ,Followers of Christ pattern their lives after the Savior to walk in the light.,https://www.churchofjesuschrist.org/study/general-conference/2011/04/followers-of-christ,1332.0,10:30,630.0,ok,,2011-04,4022,April,Of the Presidency of the Seventy,seventy_presidency,legacy_csv,legacy_csv_runtime,4,126.85714285714286,general-conference/2011/04/followers-of-christ
2011,4,saturday-morning,5,Kent F. Richards,Kent F. Richards,Of the Seventy,The Atonement Covers All Pain,Our great personal challenge in mortality is to become “a saint through the atonement of Christ.”,https://www.churchofjesuschrist.org/study/general-conference/2011/04/the-atonement-covers-all-pain,1358.0,10:13,613.0,ok,,2011-04,4022,April,Of the Seventy,seventy,legacy_csv,legacy_csv_runtime,5,132.9200652528548,general-conference/2011/04/the-atonement-covers-all-pain
2011,4,saturday-morning,6,Quentin L. Cook,Quentin L. Cook,Of the Quorum of the Twelve Apostles,LDS Women Are Incredible!,Much of what we accomplish in the Church is due to the selfless service of women.,https://www.churchofjesuschrist.org/study/general-conference/2011/04/lds-women-are-incredible,2377.0,16:18,978.0,ok,,2011-04,4022,April,Of the Quorum of the Twelve Apostles,twelve,legacy_csv,legacy_csv_runtime,6,145.8282208588957,general-conference/2011/04/lds-women-are-incredible
2011,4,saturday-morning,7,Henry B. Eyring,Henry B. Eyring,First Counselor in the First Presidency,Opportunities to Do Good,The Lord’s way to help those in temporal need requires people who out of love have consecrated themselves and what they have to God and to His work.,https://www.churchofjesuschrist.org/study/general-conference/2011/04/opportunities-to-do-good,2687.0,20:14,1214.0,ok,,2011-04,4022,April,First Counselor in the First Presidency,first_presidency_counselor,legacy_csv,legacy_csv_runtime,7,132.8006589785832,general-conference/2011/04/opportunities-to-do-good
2011,4,sunday-afternoon,1,Richard G. Scott,Richard G. Scott,Of the Quorum of the Twelve Apostles,The Eternal Blessings of Marriage,The temple sealing has greater meaning as life unfolds. It will help you draw ever closer together and find greater joy and fulfillment.,https://www.churchofjesuschrist.org/study/general-conference/2011/04/the-eternal-blessings-of-marriage,1894.0,,902.0,ok,legacy runtime nan (missing) replaced by official video duration,2011-04,4022,April,Of the Quorum of the Twelve Apostles,twelve,legacy_csv,video_data_duration,1,125.98669623059867,general-conference/2011/04/the-eternal-blessings-of-marriage
2011,4,sunday-afternoon,2,D. Todd Christofferson,D. Todd Christofferson,Of the Quorum of the Twelve Apostles,"“As Many as I Love, I Rebuke and Chasten”",The very experience of enduring chastening can refine us and prepare us for greater spiritual privileges.,https://www.churchofjesuschrist.org/study/general-conference/2011/04/as-many-as-i-love-i-rebuke-and-chasten,2190.0,14:58,898.0,ok,,2011-04,4022,April,Of the Quorum of the Twelve Apostles,twelve,legacy_csv,legacy_csv_runtime,2,146.32516703786192,general-conference/2011/04/as-many-as-i-love-i-rebuke-and-chasten
2011,4,sunday-afternoon,3,Carl B. Pratt,Carl B. Pratt,Of the Seventy,The Lord’s Richest Blessings,"As we pay our tithing faithfully, the Lord will open the windows of heaven and pour out upon us His richest blessings.",https://www.churchofjesuschrist.org/study/general-conference/2011/04/the-lords-richest-blessings,1491.0,10:33,633.0,ok,,2011-04,4022,April,Of the Seventy,seventy,legacy_csv,legacy_csv_runtime,3,141.32701421800948,general-conference/2011/04/the-lords-richest-blessings
2011,4,sunday-afternoon,4,Lynn G. Robbins,Lynn G. Robbins,Of the Seventy,What Manner of Men and Women Ought Ye to Be?,May your efforts to develop Christlike attributes be successful so that His image may be engraven in your countenance and His attributes manifest in your behavior.,https://www.churchofjesuschrist.org/study/general-conference/2011/04/what-manner-of-men-and-women-ought-ye-to-be,1559.0,,608.808,ok,legacy runtime nan (missing) replaced by official video duration,2011-04,4022,April,Of the Seventy,seventy,legacy_csv,video_data_duration,4,153.6444987582292,general-conference/2011/04/what-manner-of-men-and-women-ought-ye-to-be
2011,4,sunday-afternoon,5,Benjamín De Hoyos,Benjamín De Hoyos,Of the Seventy,Called to Be Saints,How blessed we are to have been brought into this fellowship of the Latter-day Saints!,https://www.churchofjesuschrist.org/study/general-conference/2011/04/called-to-be-saints,1194.0,9:38,578.0,ok,,2011-04,4022,April,Of the Seventy,seventy,legacy_csv,legacy_csv_runtime,5,123.9446366782007,general-conference/2011/04/called-to-be-saints
2011,4,sunday-afternoon,6,C. Scott Grow,C. Scott Grow,Of the Seventy,The Miracle of the Atonement,"There is no sin or transgression, pain or sorrow, which is outside of the healing power of His Atonement.",https://www.churchofjesuschrist.org/study/general-conference/2011/04/the-miracle-of-the-atonement,1538.0,10:26,626.0,ok,,2011-04,4022,April,Of the Seventy,seventy,legacy_csv,legacy_csv_runtime,6,147.41214057507986,general-conference/2011/04/the-miracle-of-the-atonement
2011,4,sunday-afternoon,7,Jeffrey R. Holland,Jeffrey R. Holland,Of the Quorum of the Twelve Apostles,An Ensign to the Nations,"If we teach by the Spirit and you listen by the Spirit, some one of us will touch on your circumstance.",https://www.churchofjesuschrist.org/study/general-conference/2011/04/an-ensign-to-the-nations,1848.0,17:50,1070.0,ok,,2011-04,4022,April,Of the Quorum of the Twelve Apostles,twelve,legacy_csv,legacy_csv_runtime,7,103.62616822429908,general-conference/2011/04/an-ensign-to-the-nations
2011,4,sunday-afternoon,8,Thomas S. Monson,Thomas S. Monson,President of the Church,At Parting,"None of us can conceive the full import of what Christ did for us in Gethsemane, but I am grateful every day of my life for His atoning sacrifice.",https://www.churchofjesuschrist.org/study/general-conference/2011/04/at-parting,642.0,5:44,344.0,ok,,2011-04,4022,April,President of the Church,church_president,legacy_csv,legacy_csv_runtime,8,111.97674418604652,general-conference/2011/04/at-parting
2011,4,sunday-morning,1,Dieter F. Uchtdorf,Dieter F. Uchtdorf,Second Counselor in the First Presidency,Waiting on the Road to Damascus,Those who diligently seek to learn of Christ eventually will come to know Him.,https://www.churchofjesuschrist.org/study/general-conference/2011/04/waiting-on-the-road-to-damascus,2005.0,,1020.119,ok,legacy runtime nan (missing) replaced by official video duration,2011-04,4022,April,Second Counselor in the First Presidency,first_presidency_counselor,legacy_csv,video_data_duration,1,117.92741827178985,general-conference/2011/04/waiting-on-the-road-to-damascus
2011,4,sunday-morning,2,Paul V. Johnson,Paul V. Johnson,Of the Seventy,More Than Conquerors through Him That Loved Us,Trials are not just to test us. They are vitally important to the process of putting on the divine nature.,https://www.churchofjesuschrist.org/study/general-conference/2011/04/more-than-conquerors-through-him-that-loved-us,1432.0,11:29,689.0,ok,,2011-04,4022,April,Of the Seventy,seventy,legacy_csv,legacy_csv_runtime,2,124.70246734397679,general-conference/2011/04/more-than-conquerors-through-him-that-loved-us
2011,4,sunday-morning,3,H. David Burton,H. David Burton,Presiding Bishop,The Sanctifying Work of Welfare,"The work of caring for one another and being “kind to the poor” is a sanctifying work, commanded of the Father.",https://www.churchofjesuschrist.org/study/general-conference/2011/04/the-sanctifying-work-of-welfare,1616.0,14:35,875.0,ok,,2011-04,4022,April,Presiding Bishop,presiding_bishopric,legacy_csv,legacy_csv_runtime,3,110.81142857142856,general-conference/2011/04/the-sanctifying-work-of-welfare
2011,4,sunday-morning,4,Silvia H. Allred,Silvia H. Allred,First Counselor in the Relief Society General Presidency,The Essence of Discipleship,"When love becomes the guiding principle in our care for others, our service to them becomes the gospel in action.",https://www.churchofjesuschrist.org/study/general-conference/2011/04/the-essence-of-discipleship,1541.0,10:48,648.0,ok,,2011-04,4022,April,First Counselor in the Relief Society General Presidency,auxiliary_counselor,legacy_csv,legacy_csv_runtime,4,142.68518518518516,general-conference/2011/04/the-essence-of-discipleship
2011,4,sunday-morning,5,David A. Bednar,David A. Bednar,Of the Quorum of the Twelve Apostles,The Spirit of Revelation,The spirit of revelation is real—and can and does function in our individual lives and in the Church.,https://www.churchofjesuschrist.org/study/general-conference/2011/04/the-spirit-of-revelation,2128.0,,963.629,ok,legacy runtime nan (missing) replaced by official video duration,2011-04,4022,April,Of the Quorum of the Twelve Apostles,twelve,legacy_csv,video_data_duration,5,132.4991257008662,general-conference/2011/04/the-spirit-of-revelation
2011,4,sunday-morning,6,Thomas S. Monson,Thomas S. Monson,President of the Church,The Holy Temple—a Beacon to the World,The all-important and crowning blessings of membership in the Church are those blessings which we receive in the temples of God.,https://www.churchofjesuschrist.org/study/general-conference/2011/04/the-holy-temple-a-beacon-to-the-world,2445.0,21:20,1280.0,ok,,2011-04,4022,April,President of the Church,church_president,legacy_csv,legacy_csv_runtime,6,114.609375,general-conference/2011/04/the-holy-temple-a-beacon-to-the-world
2011,4,young-women,1,Ann M. Dibb,Ann M. Dibb,Second Counselor in the Young Women General Presidency,I Believe in Being Honest and True,"Being true to our beliefs—even when doing so isn’t popular, easy, or fun—keeps us safely on the path that leads to eternal life with our Heavenly Father.",https://www.churchofjesuschrist.org/study/general-conference/2011/04/i-believe-in-being-honest-and-true,1724.0,13:39,819.0,ok,,2011-04,4022,April,Second Counselor in the Young Women General Presidency,auxiliary_counselor,legacy_csv,legacy_csv_runtime,1,126.30036630036629,general-conference/2011/04/i-believe-in-being-honest-and-true
2011,4,young-women,2,Mary N. Cook,Mary N. Cook,First Counselor in the Young Women General Presidency,“Remember This: Kindness Begins with Me”,"Benevolence can bring joy and unity to your home, your class, your ward, and your school.",https://www.churchofjesuschrist.org/study/general-conference/2011/04/remember-this-kindness-begins-with-me,1743.0,11:30,690.0,ok,,2011-04,4022,April,First Counselor in the Young Women General Presidency,auxiliary_counselor,legacy_csv,legacy_csv_runtime,2,151.56521739130434,general-conference/2011/04/remember-this-kindness-begins-with-me
2011,4,young-women,3,Elaine S. Dalton,Elaine S. Dalton,Young Women General President,Guardians of Virtue,Prepare now so that you may qualify to receive all the blessings that await you in the Lord’s holy temples.,https://www.churchofjesuschrist.org/study/general-conference/2011/04/guardians-of-virtue,2151.0,,905.271,ok,legacy runtime nan (missing) replaced by official video duration,2011-04,4022,April,Young Women General President,auxiliary_president,legacy_csv,video_data_duration,3,142.56504405862995,general-conference/2011/04/guardians-of-virtue
2011,4,young-women,4,Henry B. Eyring,Henry B. Eyring,First Counselor in the First Presidency,A Living Testimony,"Testimony requires the nurturing by the prayer of faith, the hungering for the word of God in the scriptures, and the obedience to the truth.",https://www.churchofjesuschrist.org/study/general-conference/2011/04/a-living-testimony,2719.0,20:30,1230.0,ok,,2011-04,4022,April,First Counselor in the First Presidency,first_presidency_counselor,legacy_csv,legacy_csv_runtime,4,132.6341463414634,general-conference/2011/04/a-living-testimony
2011,10,priesthood,1,Jeffrey R. Holland,Jeffrey R. Holland,Of the Quorum of the Twelve Apostles,We Are All Enlisted,"From every man, young and old, who bears the priesthood, I ask for a stronger and more devoted voice, … a voice for good, a voice for the gospel, a voice for God.",https://www.churchofjesuschrist.org/study/general-conference/2011/10/we-are-all-enlisted,1886.0,15:27,927.0,ok,,2011-10,4023,October,Of the Quorum of the Twelve Apostles,twelve,legacy_csv,legacy_csv_runtime,1,122.07119741100324,general-conference/2011/10/we-are-all-enlisted
2011,10,priesthood,2,Keith B. McMullin,Keith B. McMullin,Second Counselor in the Presiding Bishopric,The Power of the Aaronic Priesthood,You and the Aaronic Priesthood office you hold are essential to Heavenly Father’s work with His children and the preparation of this earth for the Second Coming.,https://www.churchofjesuschrist.org/study/general-conference/2011/10/the-power-of-the-aaronic-priesthood,1513.0,11:30,690.0,ok,,2011-10,4023,October,Second Counselor in the Presiding Bishopric,presiding_bishopric,legacy_csv,legacy_csv_runtime,2,131.56521739130434,general-conference/2011/10/the-power-of-the-aaronic-priesthood
2011,10,priesthood,3,W. Christopher Waddell,W. Christopher Waddell,Of the Seventy,The Opportunity of a Lifetime,"Through your devoted service and willing sacrifice, your mission will become holy ground to you.",https://www.churchofjesuschrist.org/study/general-conference/2011/10/the-opportunity-of-a-lifetime,1898.0,11:13,673.0,ok,,2011-10,4023,October,Of the Seventy,seventy,legacy_csv,legacy_csv_runtime,3,169.21248142644873,general-conference/2011/10/the-opportunity-of-a-lifetime
2011,10,priesthood,4,Dieter F. Uchtdorf,Dieter F. Uchtdorf,Second Counselor in the First Presidency,Providing in the Lord’s Way,The welfare principles of the Church are not simply good ideas; they are revealed truths from God—they are His way of helping the needy.,https://www.churchofjesuschrist.org/study/general-conference/2011/10/providing-in-the-lords-way,2095.0,17:53,1073.0,ok,,2011-10,4023,October,Second Counselor in the First Presidency,first_presidency_counselor,legacy_csv,legacy_csv_runtime,4,117.14818266542405,general-conference/2011/10/providing-in-the-lords-way
2011,10,priesthood,5,Henry B. Eyring,Henry B. Eyring,First Counselor in the First Presidency,Preparation in the Priesthood: “I Need Your Help”,"Don’t worry about how inexperienced you are or think you are, but think about what, with the Lord’s help, you can become.",https://www.churchofjesuschrist.org/study/general-conference/2011/10/preparation-in-the-priesthood-i-need-your-help,2537.0,19:54,1194.0,ok,,2011-10,4023,October,First Counselor in the First Presidency,first_presidency_counselor,legacy_csv,legacy_csv_runtime,5,127.48743718592965,general-conference/2011/10/preparation-in-the-priesthood-i-need-your-help
2011,10,priesthood,6,Thomas S. Monson,Thomas S. Monson,President of the Church,Dare to Stand Alone,May we ever be courageous and prepared to stand for what we believe.,https://www.churchofjesuschrist.org/study/general-conference/2011/10/dare-to-stand-alone,2691.0,,1324.022,ok,legacy runtime nan (missing) replaced by official video duration,2011-10,4023,October,President of the Church,church_president,legacy_csv,video_data_duration,6,121.94661418012693,general-conference/2011/10/dare-to-stand-alone
2011,10,relief-society,1,Julie B. Beck,Julie B. Beck,Relief Society General President,What I Hope My Granddaughters (and Grandsons) Will Understand about Relief Society,"From the day the gospel began to be restored in this dispensation, the Lord has needed faithful women to participate as His disciples.",https://www.churchofjesuschrist.org/study/general-conference/2011/10/what-i-hope-my-granddaughters-and-grandsons-will-understand-about-relief-society,2429.0,17:27,1047.0,ok,,2011-10,4023,October,Relief Society General President,auxiliary_president,legacy_csv,legacy_csv_runtime,1,139.1977077363897,general-conference/2011/10/what-i-hope-my-granddaughters-and-grandsons-will-understand-about-relief-society
2011,10,relief-society,2,Silvia H. Allred,Silvia H. Allred,First Counselor in the Relief Society General Presidency,Charity Never Faileth,"Plead for a desire to be filled with the gift of charity, the pure love of Christ.",https://www.churchofjesuschrist.org/study/general-conference/2011/10/charity-never-faileth,1717.0,12:53,773.0,ok,,2011-10,4023,October,First Counselor in the Relief Society General Presidency,auxiliary_counselor,legacy_csv,legacy_csv_runtime,2,133.27296248382925,general-conference/2011/10/charity-never-faileth
2011,10,relief-society,3,Barbara Thompson,Barbara Thompson,Second Counselor in the Relief Society General Presidency,Cleave unto the Covenants,"As we have faith in Christ and cleave unto our covenants, we will receive the joy spoken of in the holy scriptures and promised by our latter-day prophets.",https://www.churchofjesuschrist.org/study/general-conference/2011/10/cleave-unto-the-covenants,1774.0,12:25,745.0,ok,,2011-10,4023,October,Second Counselor in the Relief Society General Presidency,auxiliary_counselor,legacy_csv,legacy_csv_runtime,3,142.87248322147653,general-conference/2011/10/cleave-unto-the-covenants
2011,10,relief-society,4,Dieter F. Uchtdorf,Dieter F. Uchtdorf,Second Counselor in the First Presidency,Forget Me Not,It is my prayer and blessing that you will never forget that you are truly precious daughters in God’s kingdom.,https://www.churchofjesuschrist.org/study/general-conference/2011/10/forget-me-not,2430.0,21:42,1302.0,ok,,2011-10,4023,October,Second Counselor in the First Presidency,first_presidency_counselor,legacy_csv,legacy_csv_runtime,4,111.9815668202765,general-conference/2011/10/forget-me-not
2011,10,saturday-afternoon,1,David A. Bednar,David A. Bednar,Of the Quorum of the Twelve Apostles,The Hearts of the Children Shall Turn,I invite the young people of the Church to learn about and experience the Spirit of Elijah.,https://www.churchofjesuschrist.org/study/general-conference/2011/10/the-hearts-of-the-children-shall-turn,2147.0,15:55,955.0,ok,,2011-10,4023,October,Of the Quorum of the Twelve Apostles,twelve,legacy_csv,legacy_csv_runtime,1,134.89005235602096,general-conference/2011/10/the-hearts-of-the-children-shall-turn
2011,10,saturday-afternoon,2,Neil L. Andersen,Neil L. Andersen,Of the Quorum of the Twelve Apostles,Children,I testify of the great blessing of children and of the happiness they will bring us in this life and in the eternities.,https://www.churchofjesuschrist.org/study/general-conference/2011/10/children,1861.0,15:49,949.0,ok,,2011-10,4023,October,Of the Quorum of the Twelve Apostles,twelve,legacy_csv,legacy_csv_runtime,2,117.66069546891465,general-conference/2011/10/children
2011,10,saturday-afternoon,3,Ian S. Ardern,Ian S. Ardern,Of the Seventy,A Time to Prepare,We must devote our time to the things that matter most.,https://www.churchofjesuschrist.org/study/general-conference/2011/10/a-time-to-prepare,1213.0,10:42,642.0,ok,,2011-10,4023,October,Of the Seventy,seventy,legacy_csv,legacy_csv_runtime,3,113.36448598130842,general-conference/2011/10/a-time-to-prepare
2011,10,saturday-afternoon,4,Carl B. Cook,Carl B. Cook,Of the Seventy,It Is Better to Look Up,"If we, like President Monson, exercise our faith and look to God for help, we will not be overwhelmed with the burdens of life.",https://www.churchofjesuschrist.org/study/general-conference/2011/10/it-is-better-to-look-up,1261.0,8:39,519.0,ok,,2011-10,4023,October,Of the Seventy,seventy,legacy_csv,legacy_csv_runtime,4,145.78034682080926,general-conference/2011/10/it-is-better-to-look-up
2011,10,saturday-afternoon,5,LeGrand R. Curtis Jr.,LeGrand R. Curtis Jr.,Of the Seventy,Redemption,"Through Christ, people can and do change their lives and obtain redemption.",https://www.churchofjesuschrist.org/study/general-conference/2011/10/redemption,1495.0,,541.574,ok,legacy runtime nan (missing) replaced by official video duration,2011-10,4023,October,Of the Seventy,seventy,legacy_csv,video_data_duration,5,165.62833518595798,general-conference/2011/10/redemption
2011,10,saturday-afternoon,6,D. Todd Christofferson,D. Todd Christofferson,Of the Quorum of the Twelve Apostles,The Divine Gift of Repentance,Only through repentance do we gain access to the atoning grace of Jesus Christ.,https://www.churchofjesuschrist.org/study/general-conference/2011/10/the-divine-gift-of-repentance,2140.0,15:23,923.0,ok,,2011-10,4023,October,Of the Quorum of the Twelve Apostles,twelve,legacy_csv,legacy_csv_runtime,6,139.1115926327194,general-conference/2011/10/the-divine-gift-of-repentance
2011,10,saturday-afternoon,7,L. Tom Perry,L. Tom Perry,Of the Quorum of the Twelve Apostles,Perfect Love Casteth Out Fear,"If you will respond to the invitation to share your beliefs and feelings about the restored gospel of Jesus Christ, a spirit of love and a spirit of courage will be your constant companion.",https://www.churchofjesuschrist.org/study/general-conference/2011/10/perfect-love-casteth-out-fear,1926.0,14:24,864.0,ok,,2011-10,4023,October,Of the Quorum of the Twelve Apostles,twelve,legacy_csv,legacy_csv_runtime,7,133.75,general-conference/2011/10/perfect-love-casteth-out-fear
2011,10,saturday-morning,1,Richard G. Scott,Richard G. Scott,Of the Quorum of the Twelve Apostles,The Power of Scripture,Scriptures are like packets of light that illuminate our minds and give place to guidance and inspiration from on high.,https://www.churchofjesuschrist.org/study/general-conference/2011/10/the-power-of-scripture,1867.0,,968.0,ok,legacy runtime nan (missing) replaced by official video duration,2011-10,4023,October,Of the Quorum of the Twelve Apostles,twelve,legacy_csv,video_data_duration,1,115.72314049586777,general-conference/2011/10/the-power-of-scripture
2011,10,saturday-morning,2,Barbara Thompson,Barbara Thompson,Second Counselor in the Relief Society General Presidency,Personal Revelation and Testimony,"If we diligently keep the commandments and ask in faith, answers will come in the Lord’s own way and in His time.",https://www.churchofjesuschrist.org/study/general-conference/2011/10/personal-revelation-and-testimony,1418.0,9:55,595.0,ok,,2011-10,4023,October,Second Counselor in the Relief Society General Presidency,auxiliary_counselor,legacy_csv,legacy_csv_runtime,2,142.99159663865547,general-conference/2011/10/personal-revelation-and-testimony
2011,10,saturday-morning,3,L. Whitney Clayton,L. Whitney Clayton,Of the Presidency of the Seventy,The Time Shall Come,"With you, I stand in awe as this work moves forward miraculously, marvelously, and irresistibly.",https://www.churchofjesuschrist.org/study/general-conference/2011/10/the-time-shall-come,1505.0,11:20,680.0,ok,,2011-10,4023,October,Of the Presidency of the Seventy,seventy_presidency,legacy_csv,legacy_csv_runtime,3,132.7941176470588,general-conference/2011/10/the-time-shall-come
2011,10,saturday-morning,4,Thomas S. Monson,Thomas S. Monson,President of the Church,As We Meet Again,It is my prayer that we may be filled with the Spirit of the Lord as we listen to the messages today and tomorrow and learn those things the Lord would have us know.,https://www.churchofjesuschrist.org/study/general-conference/2011/10/as-we-meet-again,723.0,,363.229,ok,legacy runtime nan (missing) replaced by official video duration,2011-10,4023,October,President of the Church,church_president,legacy_csv,video_data_duration,4,119.4287901021119,general-conference/2011/10/as-we-meet-again
2011,10,saturday-morning,5,Jose L. Alonso,Jose L. Alonso,Of the Seventy,"Doing the Right Thing at the Right Time, without Delay",The Savior … gave us a great example about not waiting to administer relief to those who have lost a sense of happiness and joy.,https://www.churchofjesuschrist.org/study/general-conference/2011/10/doing-the-right-thing-at-the-right-time-without-delay,1157.0,,607.673,ok,legacy runtime nan (missing) replaced by official video duration,2011-10,4023,October,Of the Seventy,seventy,legacy_csv,video_data_duration,5,114.23907265914399,general-conference/2011/10/doing-the-right-thing-at-the-right-time-without-delay
2011,10,saturday-morning,6,Boyd K. Packer,Boyd K. Packer,President of the Quorum of the Twelve Apostles,Counsel to Youth,"Despite the opposition, trials, and temptations, you need not fail or fear.",https://www.churchofjesuschrist.org/study/general-conference/2011/10/counsel-to-youth,2063.0,15:54,954.0,ok,,2011-10,4023,October,President of the Quorum of the Twelve Apostles,twelve_president,legacy_csv,legacy_csv_runtime,6,129.74842767295598,general-conference/2011/10/counsel-to-youth
2011,10,saturday-morning,7,Dieter F. Uchtdorf,Dieter F. Uchtdorf,Second Counselor in the First Presidency,You Matter to Him,The Lord uses a scale very different from the world’s to weigh the worth of a soul.,https://www.churchofjesuschrist.org/study/general-conference/2011/10/you-matter-to-him,2219.0,19:30,1170.0,ok,,2011-10,4023,October,Second Counselor in the First Presidency,first_presidency_counselor,legacy_csv,legacy_csv_runtime,7,113.7948717948718,general-conference/2011/10/you-matter-to-him
2011,10,sunday-afternoon,1,Russell M. Nelson,Russell M. Nelson,Of the Quorum of the Twelve Apostles,Covenants,"When we realize that we are children of the covenant, we know who we are and what God expects of us.",https://www.churchofjesuschrist.org/study/general-conference/2011/10/covenants,1576.0,14:19,859.0,ok,,2011-10,4023,October,Of the Quorum of the Twelve Apostles,twelve,legacy_csv,legacy_csv_runtime,1,110.081490104773,general-conference/2011/10/covenants
2011,10,sunday-afternoon,2,Dallin H. Oaks,Dallin H. Oaks,Of the Quorum of the Twelve Apostles,Teachings of Jesus,Jesus Christ is the Only Begotten and Beloved Son of God. … He is our Savior from sin and death. This is the most important knowledge on earth.,https://www.churchofjesuschrist.org/study/general-conference/2011/10/teachings-of-jesus,2194.0,16:39,999.0,ok,,2011-10,4023,October,Of the Quorum of the Twelve Apostles,twelve,legacy_csv,legacy_csv_runtime,2,131.7717717717718,general-conference/2011/10/teachings-of-jesus
2011,10,sunday-afternoon,3,Matthew O. Richardson,Matthew O. Richardson,Second Counselor in the Sunday School General Presidency,Teaching after the Manner of the Spirit,"While we are all teachers, we must fully realize that it is the Holy Ghost who is the real teacher and witness of all truth.",https://www.churchofjesuschrist.org/study/general-conference/2011/10/teaching-after-the-manner-of-the-spirit,1434.0,10:31,631.0,ok,,2011-10,4023,October,Second Counselor in the Sunday School General Presidency,auxiliary_counselor,legacy_csv,legacy_csv_runtime,3,136.35499207606972,general-conference/2011/10/teaching-after-the-manner-of-the-spirit
2011,10,sunday-afternoon,4,Kazuhiko Yamashita,Kazuhiko Yamashita,Of the Seventy,Missionaries Are a Treasure of the Church,"I am thankful that missionaries are called by the Lord, that they respond to that call, and that they are serving throughout the world.",https://www.churchofjesuschrist.org/study/general-conference/2011/10/missionaries-are-a-treasure-of-the-church,1118.0,9:37,577.0,ok,,2011-10,4023,October,Of the Seventy,seventy,legacy_csv,legacy_csv_runtime,4,116.25649913344887,general-conference/2011/10/missionaries-are-a-treasure-of-the-church
2011,10,sunday-afternoon,5,Randall K. Bennett,Randall K. Bennett,Of the Seventy,Choose Eternal Life,Your eternal destiny will not be the result of chance but of choice. It is never too late to begin to choose eternal life!,https://www.churchofjesuschrist.org/study/general-conference/2011/10/choose-eternal-life,1282.0,,609.0,ok,legacy runtime nan (missing) replaced by official video duration,2011-10,4023,October,Of the Seventy,seventy,legacy_csv,video_data_duration,5,126.30541871921181,general-conference/2011/10/choose-eternal-life
2011,10,sunday-afternoon,6,J. Devn Cornish,J. Devn Cornish,Of the Seventy,The Privilege of Prayer,Prayer is one of the most precious gifts of God to man.,https://www.churchofjesuschrist.org/study/general-conference/2011/10/the-privilege-of-prayer,1849.0,,606.606,ok,legacy runtime nan (missing) replaced by official video duration,2011-10,4023,October,Of the Seventy,seventy,legacy_csv,video_data_duration,6,182.8864205101829,general-conference/2011/10/the-privilege-of-prayer
2011,10,sunday-afternoon,7,Quentin L. Cook,Quentin L. Cook,Of the Quorum of the Twelve Apostles,The Songs They Could Not Sing,"While we do not know all the answers, we do know important principles that allow us to face tragedies with faith and confidence.",https://www.churchofjesuschrist.org/study/general-conference/2011/10/the-songs-they-could-not-sing,2129.0,,963.0,ok,legacy runtime nan (missing) replaced by official video duration,2011-10,4023,October,Of the Quorum of the Twelve Apostles,twelve,legacy_csv,video_data_duration,7,132.64797507788163,general-conference/2011/10/the-songs-they-could-not-sing
2011,10,sunday-afternoon,8,Thomas S. Monson,Thomas S. Monson,President of the Church,Until We Meet Again,May the spirit we have felt here be and abide with us as we go about those things which occupy us each day.,https://www.churchofjesuschrist.org/study/general-conference/2011/10/until-we-meet-again,761.0,6:11,371.0,ok,,2011-10,4023,October,President of the Church,church_president,legacy_csv,legacy_csv_runtime,8,123.07277628032344,general-conference/2011/10/until-we-meet-again
2011,10,sunday-morning,1,Henry B. Eyring,Henry B. Eyring,First Counselor in the First Presidency,A Witness,The Book of Mormon is the best guide to learn how well we are doing and how to do better.,https://www.churchofjesuschrist.org/study/general-conference/2011/10/a-witness,2250.0,16:52,1012.0,ok,,2011-10,4023,October,First Counselor in the First Presidency,first_presidency_counselor,legacy_csv,legacy_csv_runtime,1,133.399209486166,general-conference/2011/10/a-witness
2011,10,sunday-morning,2,Robert D. Hales,Robert D. Hales,Of the Quorum of the Twelve Apostles,Waiting upon the Lord: Thy Will Be Done,"The purpose of our life on earth is to grow, develop, and be strengthened through our own experiences.",https://www.churchofjesuschrist.org/study/general-conference/2011/10/waiting-upon-the-lord-thy-will-be-done,1696.0,16:12,972.0,ok,,2011-10,4023,October,Of the Quorum of the Twelve Apostles,twelve,legacy_csv,legacy_csv_runtime,2,104.69135802469137,general-conference/2011/10/waiting-upon-the-lord-thy-will-be-done
2011,10,sunday-morning,3,Tad R. Callister,Tad R. Callister,Of the Presidency of the Seventy,The Book of Mormon—a Book from God,"Together with the Bible, the Book of Mormon is an indispensable witness of the doctrines of Christ and His divinity.",https://www.churchofjesuschrist.org/study/general-conference/2011/10/the-book-of-mormon-a-book-from-god,1719.0,10:15,615.0,ok,,2011-10,4023,October,Of the Presidency of the Seventy,seventy_presidency,legacy_csv,legacy_csv_runtime,3,167.70731707317074,general-conference/2011/10/the-book-of-mormon-a-book-from-god
2011,10,sunday-morning,4,Elaine S. Dalton,Elaine S. Dalton,Young Women General President,Love Her Mother,"How can a father raise a happy, well-adjusted daughter in today’s increasingly toxic world? The answer has been taught by the Lord’s prophets.",https://www.churchofjesuschrist.org/study/general-conference/2011/10/love-her-mother,1547.0,10:51,651.0,ok,,2011-10,4023,October,Young Women General President,auxiliary_president,legacy_csv,legacy_csv_runtime,4,142.58064516129033,general-conference/2011/10/love-her-mother
2011,10,sunday-morning,5,M. Russell Ballard,M. Russell Ballard,Of the Quorum of the Twelve Apostles,The Importance of a Name,Let us develop the habit … of making it clear that The Church of Jesus Christ of Latter-day Saints is the name by which the Lord Himself has directed that we be known.,https://www.churchofjesuschrist.org/study/general-conference/2011/10/the-importance-of-a-name,1844.0,14:17,857.0,ok,,2011-10,4023,October,Of the Quorum of the Twelve Apostles,twelve,legacy_csv,legacy_csv_runtime,5,129.10151691948658,general-conference/2011/10/the-importance-of-a-name
2011,10,sunday-morning,6,Thomas S. Monson,Thomas S. Monson,President of the Church,Stand in Holy Places,Communication with our Father in Heaven—including our prayers to Him and His inspiration to us—is necessary in order for us to weather the storms and trials of life.,https://www.churchofjesuschrist.org/study/general-conference/2011/10/stand-in-holy-places,2564.0,21:52,1312.0,ok,,2011-10,4023,October,President of the Church,church_president,legacy_csv,legacy_csv_runtime,6,117.2560975609756,general-conference/2011/10/stand-in-holy-places
2012,4,priesthood,1,David A. Bednar,David A. Bednar,Of the Quorum of the Twelve Apostles,The Powers of Heaven,Priesthood holders young and old need both authority and power—the necessary permission and the spiritual capacity to represent God in the work of salvation.,https://www.churchofjesuschrist.org/study/general-conference/2012/04/the-powers-of-heaven,2167.0,16:27,987.0,ok,,2012-04,4024,April,Of the Quorum of the Twelve Apostles,twelve,legacy_csv,legacy_csv_runtime,1,131.73252279635258,general-conference/2012/04/the-powers-of-heaven
2012,4,priesthood,2,Richard C. Edgley,Richard C. Edgley,Recently Released First Counselor in the Presiding Bishopric,The Rescue for Real Growth,Saving souls is the work the Savior has called all of us to do.,https://www.churchofjesuschrist.org/study/general-conference/2012/04/the-rescue-for-real-growth,1546.0,11:26,686.0,ok,,2012-04,4024,April,First Counselor in the Presiding Bishopric,presiding_bishopric,legacy_csv,legacy_csv_runtime,2,135.21865889212827,general-conference/2012/04/the-rescue-for-real-growth
2012,4,priesthood,3,Adrián Ochoa,Adrián Ochoa,Second Counselor in the Young Men General Presidency,Aaronic Priesthood: Arise and Use the Power of God,"The priesthood needs to be exercised to accomplish any good. You are called to “arise and shine forth,” not to hide your light in darkness.",https://www.churchofjesuschrist.org/study/general-conference/2012/04/aaronic-priesthood-arise-and-use-the-power-of-god,1584.0,11:46,706.0,ok,,2012-04,4024,April,Second Counselor in the Young Men General Presidency,auxiliary_counselor,legacy_csv,legacy_csv_runtime,3,134.61756373937675,general-conference/2012/04/aaronic-priesthood-arise-and-use-the-power-of-god
2012,4,priesthood,4,Dieter F. Uchtdorf,Dieter F. Uchtdorf,Second Counselor in the First Presidency,The Why of Priesthood Service,Understanding the why of the gospel and the why of the priesthood will help us to see the divine purpose of all of this.,https://www.churchofjesuschrist.org/study/general-conference/2012/04/the-why-of-priesthood-service,2127.0,18:44,1124.0,ok,,2012-04,4024,April,Second Counselor in the First Presidency,first_presidency_counselor,legacy_csv,legacy_csv_runtime,4,113.54092526690391,general-conference/2012/04/the-why-of-priesthood-service
2012,4,priesthood,5,Henry B. Eyring,Henry B. Eyring,First Counselor in the First Presidency,Families under Covenant,There is nothing that has come or will come into your family as important as the sealing blessings.,https://www.churchofjesuschrist.org/study/general-conference/2012/04/families-under-covenant,2417.0,18:15,1095.0,ok,,2012-04,4024,April,First Counselor in the First Presidency,first_presidency_counselor,legacy_csv,legacy_csv_runtime,5,132.43835616438355,general-conference/2012/04/families-under-covenant
2012,4,priesthood,6,Thomas S. Monson,Thomas S. Monson,President of the Church,Willing and Worthy to Serve,"Miracles are everywhere to be found when the priesthood is understood, its power is honored and used properly, and faith is exerted.",https://www.churchofjesuschrist.org/study/general-conference/2012/04/willing-and-worthy-to-serve,2214.0,18:17,1097.0,ok,,2012-04,4024,April,President of the Church,church_president,legacy_csv,legacy_csv_runtime,6,121.09389243391065,general-conference/2012/04/willing-and-worthy-to-serve
2012,4,saturday-afternoon,1,Jeffrey R. Holland,Jeffrey R. Holland,Of the Quorum of the Twelve Apostles,The Laborers in the Vineyard,"Please listen to the prompting of the Holy Spirit telling you right now, this very moment, that you should accept the atoning gift of the Lord Jesus Christ.",https://www.churchofjesuschrist.org/study/general-conference/2012/04/the-laborers-in-the-vineyard,1743.0,15:23,923.0,ok,,2012-04,4024,April,Of the Quorum of the Twelve Apostles,twelve,legacy_csv,legacy_csv_runtime,1,113.3044420368364,general-conference/2012/04/the-laborers-in-the-vineyard
2012,4,saturday-afternoon,2,Robert D. Hales,Robert D. Hales,Of the Quorum of the Twelve Apostles,"Coming to Ourselves: The Sacrament, the Temple, and Sacrifice in Service",We become converted and spiritually self-reliant as we prayerfully live our covenants.,https://www.churchofjesuschrist.org/study/general-conference/2012/04/coming-to-ourselves-the-sacrament-the-temple-and-sacrifice-in-service,1506.0,13:53,833.0,ok,,2012-04,4024,April,Of the Quorum of the Twelve Apostles,twelve,legacy_csv,legacy_csv_runtime,2,108.47539015606243,general-conference/2012/04/coming-to-ourselves-the-sacrament-the-temple-and-sacrifice-in-service
2012,4,saturday-afternoon,3,Ulisses Soares,Ulisses Soares,Of the Seventy,Abide in the Lord’s Territory!,"Our daily question must be, “Do my actions place me in the Lord’s or in the enemy’s territory?”",https://www.churchofjesuschrist.org/study/general-conference/2012/04/abide-in-the-lords-territory,1299.0,,545.278,ok,legacy runtime nan (missing) replaced by official video duration,2012-04,4024,April,Of the Seventy,seventy,legacy_csv,video_data_duration,3,142.93626370401887,general-conference/2012/04/abide-in-the-lords-territory
2012,4,saturday-afternoon,4,David S. Baxter,David S. Baxter,Of the Seventy,"Faith, Fortitude, Fulfillment: A Message to Single Parents","You are striving to raise your children in righteousness and truth, knowing that while you cannot change the past, you can shape the future.",https://www.churchofjesuschrist.org/study/general-conference/2012/04/faith-fortitude-fulfillment-a-message-to-single-parents,1282.0,8:36,516.0,ok,,2012-04,4024,April,Of the Seventy,seventy,legacy_csv,legacy_csv_runtime,4,149.06976744186048,general-conference/2012/04/faith-fortitude-fulfillment-a-message-to-single-parents
2012,4,saturday-afternoon,5,Quentin L. Cook,Quentin L. Cook,Of the Quorum of the Twelve Apostles,In Tune with the Music of Faith,God loves all His children. He wants all of them to return to Him. He desires everyone to be in tune with the sacred music of faith.,https://www.churchofjesuschrist.org/study/general-conference/2012/04/in-tune-with-the-music-of-faith,2054.0,14:53,893.0,ok,,2012-04,4024,April,Of the Quorum of the Twelve Apostles,twelve,legacy_csv,legacy_csv_runtime,5,138.006718924972,general-conference/2012/04/in-tune-with-the-music-of-faith
2012,4,saturday-afternoon,6,Richard G. Scott,Richard G. Scott,Of the Quorum of the Twelve Apostles,How to Obtain Revelation and Inspiration for Your Personal Life,Why does the Lord want us to pray to Him and to ask? Because that is how revelation is received.,https://www.churchofjesuschrist.org/study/general-conference/2012/04/how-to-obtain-revelation-and-inspiration-for-your-personal-life,1840.0,16:30,990.0,ok,,2012-04,4024,April,Of the Quorum of the Twelve Apostles,twelve,legacy_csv,legacy_csv_runtime,6,111.51515151515152,general-conference/2012/04/how-to-obtain-revelation-and-inspiration-for-your-personal-life
2012,4,saturday-morning,1,Thomas S. Monson,Thomas S. Monson,President of the Church,As We Gather Once Again,Our Heavenly Father is mindful of each of us and our needs. May we be filled with His Spirit as we partake of the proceedings of this conference.,https://www.churchofjesuschrist.org/study/general-conference/2012/04/as-we-gather-once-again,631.0,5:47,347.0,ok,,2012-04,4024,April,President of the Church,church_president,legacy_csv,legacy_csv_runtime,1,109.10662824207493,general-conference/2012/04/as-we-gather-once-again
2012,4,saturday-morning,2,Boyd K. Packer,Boyd K. Packer,President of the Quorum of the Twelve Apostles,And a Little Child Shall Lead Them,Husbands and wives should understand that their first calling—from which they will never be released—is to one another and then to their children.,https://www.churchofjesuschrist.org/study/general-conference/2012/04/and-a-little-child-shall-lead-them,2402.0,16:55,1015.0,ok,,2012-04,4024,April,President of the Quorum of the Twelve Apostles,twelve_president,legacy_csv,legacy_csv_runtime,2,141.99014778325122,general-conference/2012/04/and-a-little-child-shall-lead-them
2012,4,saturday-morning,3,Cheryl A. Esplin,Cheryl A. Esplin,Second Counselor in the Primary General Presidency,Teaching Our Children to Understand,Teaching our children to understand is more than just imparting information. It’s helping our children get the doctrine into their hearts.,https://www.churchofjesuschrist.org/study/general-conference/2012/04/teaching-our-children-to-understand,1514.0,10:10,610.0,ok,,2012-04,4024,April,Second Counselor in the Primary General Presidency,auxiliary_counselor,legacy_csv,legacy_csv_runtime,3,148.91803278688525,general-conference/2012/04/teaching-our-children-to-understand
2012,4,saturday-morning,4,Donald L. Hallstrom,Donald L. Hallstrom,Of the Presidency of the Seventy,Converted to His Gospel through His Church,The purpose of the Church is to help us live the gospel.,https://www.churchofjesuschrist.org/study/general-conference/2012/04/converted-to-his-gospel-through-his-church,1494.0,11:35,695.0,ok,,2012-04,4024,April,Of the Presidency of the Seventy,seventy_presidency,legacy_csv,legacy_csv_runtime,4,128.97841726618705,general-conference/2012/04/converted-to-his-gospel-through-his-church
2012,4,saturday-morning,5,Paul E. Koelliker,Paul E. Koelliker,Of the Seventy,He Truly Loves Us,"Because of the heaven-designed pattern of the family, we more fully understand how our Heavenly Father truly loves each of us equally and fully.",https://www.churchofjesuschrist.org/study/general-conference/2012/04/he-truly-loves-us,1705.0,11:29,689.0,ok,,2012-04,4024,April,Of the Seventy,seventy,legacy_csv,legacy_csv_runtime,5,148.47605224963718,general-conference/2012/04/he-truly-loves-us
2012,4,saturday-morning,6,Dallin H. Oaks,Dallin H. Oaks,Of the Quorum of the Twelve Apostles,Sacrifice,Our lives of service and sacrifice are the most appropriate expressions of our commitment to serve the Master and our fellowmen.,https://www.churchofjesuschrist.org/study/general-conference/2012/04/sacrifice,2014.0,16:31,991.0,ok,,2012-04,4024,April,Of the Quorum of the Twelve Apostles,twelve,legacy_csv,legacy_csv_runtime,6,121.93743693239153,general-conference/2012/04/sacrifice
2012,4,saturday-morning,7,Henry B. Eyring,Henry B. Eyring,First Counselor in the First Presidency,Mountains to Climb,"If we have faith in Jesus Christ, the hardest as well as the easiest times in life can be a blessing.",https://www.churchofjesuschrist.org/study/general-conference/2012/04/mountains-to-climb,2380.0,19:38,1178.0,ok,,2012-04,4024,April,First Counselor in the First Presidency,first_presidency_counselor,legacy_csv,legacy_csv_runtime,7,121.22241086587437,general-conference/2012/04/mountains-to-climb
2012,4,sunday-afternoon,1,L. Tom Perry,L. Tom Perry,Of the Quorum of the Twelve Apostles,The Power of Deliverance,We can be delivered from the ways of evil and wickedness by turning to the teachings of the holy scriptures.,https://www.churchofjesuschrist.org/study/general-conference/2012/04/the-power-of-deliverance,1892.0,14:28,868.0,ok,,2012-04,4024,April,Of the Quorum of the Twelve Apostles,twelve,legacy_csv,legacy_csv_runtime,1,130.78341013824885,general-conference/2012/04/the-power-of-deliverance
2012,4,sunday-afternoon,2,M. Russell Ballard,M. Russell Ballard,Of the Quorum of the Twelve Apostles,That the Lost May Be Found,"As you seek to live the gospel and doctrine of Christ, the Holy Ghost will guide you and your family.",https://www.churchofjesuschrist.org/study/general-conference/2012/04/that-the-lost-may-be-found,1974.0,,1024.757,ok,legacy runtime nan (missing) replaced by official video duration,2012-04,4024,April,Of the Quorum of the Twelve Apostles,twelve,legacy_csv,video_data_duration,2,115.57862010213154,general-conference/2012/04/that-the-lost-may-be-found
2012,4,sunday-afternoon,3,O. Vincent Haleck,O. Vincent Haleck,Of the Seventy,Having the Vision to Do,"If we are to prosper rather than perish, we must gain a vision of ourselves as the Savior sees us.",https://www.churchofjesuschrist.org/study/general-conference/2012/04/having-the-vision-to-do,1504.0,,544.11,ok,legacy runtime nan (missing) replaced by official video duration,2012-04,4024,April,Of the Seventy,seventy,legacy_csv,video_data_duration,3,165.84881733473011,general-conference/2012/04/having-the-vision-to-do
2012,4,sunday-afternoon,4,Larry Y. Wilson,Larry Y. Wilson,Of the Seventy,Only upon the Principles of Righteousness,Wise parents prepare their children to get along without them. They provide opportunities for growth as children acquire the spiritual maturity to exercise their agency properly.,https://www.churchofjesuschrist.org/study/general-conference/2012/04/only-upon-the-principles-of-righteousness,1455.0,10:17,617.0,ok,,2012-04,4024,April,Of the Seventy,seventy,legacy_csv,legacy_csv_runtime,4,141.4910858995138,general-conference/2012/04/only-upon-the-principles-of-righteousness
2012,4,sunday-afternoon,5,David F. Evans,David F. Evans,Of the Seventy,Was It Worth It?,The work of naturally and normally sharing the gospel with those we care about and love will be the work and joy of our lives.,https://www.churchofjesuschrist.org/study/general-conference/2012/04/was-it-worth-it,1843.0,,660.0,ok,legacy runtime nan (missing) replaced by official video duration,2012-04,4024,April,Of the Seventy,seventy,legacy_csv,video_data_duration,5,167.54545454545453,general-conference/2012/04/was-it-worth-it
2012,4,sunday-afternoon,6,Paul B. Pieper,Paul B. Pieper,Of the Seventy,To Hold Sacred,"Sacred things are to be treated with more care, given greater deference, and regarded with deeper reverence.",https://www.churchofjesuschrist.org/study/general-conference/2012/04/to-hold-sacred,1360.0,9:58,598.0,ok,,2012-04,4024,April,Of the Seventy,seventy,legacy_csv,legacy_csv_runtime,6,136.45484949832775,general-conference/2012/04/to-hold-sacred
2012,4,sunday-afternoon,7,Neil L. Andersen,Neil L. Andersen,Of the Quorum of the Twelve Apostles,What Thinks Christ of Me?,"As you love Him, trust Him, believe Him, and follow Him, you will feel His love and approval.",https://www.churchofjesuschrist.org/study/general-conference/2012/04/what-thinks-christ-of-me,1778.0,14:49,889.0,ok,,2012-04,4024,April,Of the Quorum of the Twelve Apostles,twelve,legacy_csv,legacy_csv_runtime,7,120.0,general-conference/2012/04/what-thinks-christ-of-me
2012,4,sunday-afternoon,8,Thomas S. Monson,Thomas S. Monson,President of the Church,As We Close This Conference,"May you ponder the truths you have heard, and may they help you to become even better than you were when conference began.",https://www.churchofjesuschrist.org/study/general-conference/2012/04/as-we-close-this-conference,734.0,6:24,384.0,ok,,2012-04,4024,April,President of the Church,church_president,legacy_csv,legacy_csv_runtime,8,114.6875,general-conference/2012/04/as-we-close-this-conference
2012,4,sunday-morning,1,Dieter F. Uchtdorf,Dieter F. Uchtdorf,Second Counselor in the First Presidency,The Merciful Obtain Mercy,"When our hearts are filled with the love of God, we become “kind one to another, tenderhearted, forgiving.”",https://www.churchofjesuschrist.org/study/general-conference/2012/04/the-merciful-obtain-mercy,1836.0,16:47,1007.0,ok,,2012-04,4024,April,Second Counselor in the First Presidency,first_presidency_counselor,legacy_csv,legacy_csv_runtime,1,109.39424031777556,general-conference/2012/04/the-merciful-obtain-mercy
2012,4,sunday-morning,2,Russell M. Nelson,Russell M. Nelson,Of the Quorum of the Twelve Apostles,Thanks Be to God,How much better it would be if all could be more aware of God’s providence and love and express that gratitude to Him.,https://www.churchofjesuschrist.org/study/general-conference/2012/04/thanks-be-to-god,1570.0,14:37,877.0,ok,,2012-04,4024,April,Of the Quorum of the Twelve Apostles,twelve,legacy_csv,legacy_csv_runtime,2,107.41163055872292,general-conference/2012/04/thanks-be-to-god
2012,4,sunday-morning,3,Ronald A. Rasband,Ronald A. Rasband,Of the Presidency of the Seventy,Special Lessons,It is my hope and prayer that we will continue to bear nobly our burdens and to reach out to those among us who are suffering.,https://www.churchofjesuschrist.org/study/general-conference/2012/04/special-lessons,1461.0,11:28,688.0,ok,,2012-04,4024,April,Of the Presidency of the Seventy,seventy_presidency,legacy_csv,legacy_csv_runtime,3,127.41279069767442,general-conference/2012/04/special-lessons
2012,4,sunday-morning,4,Julie B. Beck,Julie B. Beck,Recently Released Relief Society General President,"The Vision of Prophets regarding Relief Society: Faith, Family, Relief","Faith, family, and relief—these three simple words have come to express the vision of prophets for sisters in the Church.",https://www.churchofjesuschrist.org/study/general-conference/2012/04/the-vision-of-prophets-regarding-relief-society-faith-family-relief,1440.0,10:32,632.0,ok,,2012-04,4024,April,Relief Society General President,auxiliary_president,legacy_csv,legacy_csv_runtime,4,136.70886075949366,general-conference/2012/04/the-vision-of-prophets-regarding-relief-society-faith-family-relief
2012,4,sunday-morning,5,D. Todd Christofferson,D. Todd Christofferson,Of the Quorum of the Twelve Apostles,The Doctrine of Christ,"In the Church today, just as anciently, establishing the doctrine of Christ or correcting doctrinal deviations is a matter of divine revelation.",https://www.churchofjesuschrist.org/study/general-conference/2012/04/the-doctrine-of-christ,2177.0,15:15,915.0,ok,,2012-04,4024,April,Of the Quorum of the Twelve Apostles,twelve,legacy_csv,legacy_csv_runtime,5,142.75409836065575,general-conference/2012/04/the-doctrine-of-christ
2012,4,sunday-morning,6,Thomas S. Monson,Thomas S. Monson,President of the Church,The Race of Life,Where did we come from? Why are we here? Where do we go after this life? No longer need these universal questions remain unanswered.,https://www.churchofjesuschrist.org/study/general-conference/2012/04/the-race-of-life,2183.0,19:45,1185.0,ok,,2012-04,4024,April,President of the Church,church_president,legacy_csv,legacy_csv_runtime,6,110.53164556962025,general-conference/2012/04/the-race-of-life
2012,4,young-women,1,Ann M. Dibb,Ann M. Dibb,Second Counselor in the Young Women General Presidency,Arise and Shine Forth,One of the greatest ways we can arise and shine forth is to confidently obey the commandments of God.,https://www.churchofjesuschrist.org/study/general-conference/2012/04/arise-and-shine-forth,1571.0,,728.194,ok,legacy runtime nan (missing) replaced by official video duration,2012-04,4024,April,Second Counselor in the Young Women General Presidency,auxiliary_counselor,legacy_csv,video_data_duration,1,129.4435274116513,general-conference/2012/04/arise-and-shine-forth
2012,4,young-women,2,Mary N. Cook,Mary N. Cook,First Counselor in the Young Women General Presidency,Seek Learning: You Have a Work to Do,Bless your children and your future home by learning as much as you can now.,https://www.churchofjesuschrist.org/study/general-conference/2012/04/seek-learning-you-have-a-work-to-do,1756.0,11:28,688.0,ok,,2012-04,4024,April,First Counselor in the Young Women General Presidency,auxiliary_counselor,legacy_csv,legacy_csv_runtime,2,153.13953488372093,general-conference/2012/04/seek-learning-you-have-a-work-to-do
2012,4,young-women,3,Elaine S. Dalton,Elaine S. Dalton,Young Women General President,Now Is the Time to Arise and Shine!,"As daughters of God, you were born to lead.",https://www.churchofjesuschrist.org/study/general-conference/2012/04/now-is-the-time-to-arise-and-shine,1994.0,14:11,851.0,ok,,2012-04,4024,April,Young Women General President,auxiliary_president,legacy_csv,legacy_csv_runtime,3,140.58754406580493,general-conference/2012/04/now-is-the-time-to-arise-and-shine
2012,4,young-women,4,Thomas S. Monson,Thomas S. Monson,President of the Church,"Believe, Obey, and Endure",Believe that remaining strong and faithful to the truths of the gospel is of utmost importance. I testify that it is!,https://www.churchofjesuschrist.org/study/general-conference/2012/04/believe-obey-and-endure,2317.0,19:43,1183.0,ok,,2012-04,4024,April,President of the Church,church_president,legacy_csv,legacy_csv_runtime,4,117.51479289940829,general-conference/2012/04/believe-obey-and-endure
2012,10,priesthood,1,D. Todd Christofferson,D. Todd Christofferson,Of the Quorum of the Twelve Apostles,"Brethren, We Have Work to Do","As men of the priesthood, we have an essential role to play in society, at home, and in the Church.",https://www.churchofjesuschrist.org/study/general-conference/2012/10/brethren-we-have-work-to-do,2266.0,16:19,979.0,ok,,2012-10,4025,October,Of the Quorum of the Twelve Apostles,twelve,legacy_csv,legacy_csv_runtime,1,138.87640449438203,general-conference/2012/10/brethren-we-have-work-to-do
2012,10,priesthood,2,Gary E. Stevenson,Gary E. Stevenson,Presiding Bishop,"Be Valiant in Courage, Strength, and Activity","Qualify yourselves as did the 2,000 stripling soldiers by being valiant in courage as worthy priesthood holders.",https://www.churchofjesuschrist.org/study/general-conference/2012/10/be-valiant-in-courage-strength-and-activity,1529.0,10:35,635.0,ok,,2012-10,4025,October,Presiding Bishop,presiding_bishopric,legacy_csv,legacy_csv_runtime,2,144.47244094488187,general-conference/2012/10/be-valiant-in-courage-strength-and-activity
2012,10,priesthood,3,Anthony D. Perkins,Anthony D. Perkins,Of the Seventy,Beware Concerning Yourselves,Stay on the priesthood path by deepening your conversion and strengthening your family. … Avoid tragedy by heeding spiritual “Beware” signs placed along our way by God and prophets.,https://www.churchofjesuschrist.org/study/general-conference/2012/10/beware-concerning-yourselves,1458.0,11:16,676.0,ok,,2012-10,4025,October,Of the Seventy,seventy,legacy_csv,legacy_csv_runtime,3,129.40828402366864,general-conference/2012/10/beware-concerning-yourselves
2012,10,priesthood,4,Dieter F. Uchtdorf,Dieter F. Uchtdorf,Second Counselor in the First Presidency,The Joy of the Priesthood,Let us embrace and understand the wonder and privilege of the priesthood. Let us accept and love the responsibilities we are asked to fulfill.,https://www.churchofjesuschrist.org/study/general-conference/2012/10/the-joy-of-the-priesthood,2064.0,,1087.219,ok,legacy runtime nan (missing) replaced by official video duration,2012-10,4025,October,Second Counselor in the First Presidency,first_presidency_counselor,legacy_csv,video_data_duration,4,113.90529414956876,general-conference/2012/10/the-joy-of-the-priesthood
2012,10,priesthood,5,Henry B. Eyring,Henry B. Eyring,First Counselor in the First Presidency,Help Them Aim High,"With your guidance, those you lead will be able to see, want, and believe they can achieve their full potential for service in God’s kingdom.",https://www.churchofjesuschrist.org/study/general-conference/2012/10/help-them-aim-high,2727.0,,1201.4,ok,legacy runtime nan (missing) replaced by official video duration,2012-10,4025,October,First Counselor in the First Presidency,first_presidency_counselor,legacy_csv,video_data_duration,5,136.19111037123355,general-conference/2012/10/help-them-aim-high
2012,10,priesthood,6,Thomas S. Monson,Thomas S. Monson,President of the Church,See Others as They May Become,We must develop the capacity to see men not as they are at present but as they may become.,https://www.churchofjesuschrist.org/study/general-conference/2012/10/see-others-as-they-may-become,2586.0,20:32,1232.0,ok,,2012-10,4025,October,President of the Church,church_president,legacy_csv,legacy_csv_runtime,6,125.94155844155843,general-conference/2012/10/see-others-as-they-may-become
2012,10,relief-society,1,Linda K. Burton,Linda K. Burton,Relief Society General President,Is Faith in the Atonement of Jesus Christ Written in Our Hearts?,"Making, keeping, and rejoicing in our covenants will be the evidence that the Atonement of Jesus Christ is truly written in our hearts.",https://www.churchofjesuschrist.org/study/general-conference/2012/10/is-faith-in-the-atonement-of-jesus-christ-written-in-our-hearts,2352.0,15:22,922.0,ok,,2012-10,4025,October,Relief Society General President,auxiliary_president,legacy_csv,legacy_csv_runtime,1,153.05856832971799,general-conference/2012/10/is-faith-in-the-atonement-of-jesus-christ-written-in-our-hearts
2012,10,relief-society,2,Carole M. Stephens,Carole M. Stephens,First Counselor in the Relief Society General Presidency,Wide Awake to Our Duties,"We must be awake to our duty and continue with faith as we draw upon the comforting, strengthening, enabling, and healing power of the Atonement.",https://www.churchofjesuschrist.org/study/general-conference/2012/10/wide-awake-to-our-duties,1748.0,12:53,773.0,ok,,2012-10,4025,October,First Counselor in the Relief Society General Presidency,auxiliary_counselor,legacy_csv,legacy_csv_runtime,2,135.6791720569211,general-conference/2012/10/wide-awake-to-our-duties
2012,10,relief-society,3,Linda S. Reeves,Linda S. Reeves,Second Counselor in the Relief Society General Presidency,The Lord Has Not Forgotten You,"Our Heavenly Father and our Savior, Jesus Christ, know us and love us. … We can feel of Their love and compassion in our suffering.",https://www.churchofjesuschrist.org/study/general-conference/2012/10/the-lord-has-not-forgotten-you,1403.0,12:23,743.0,ok,,2012-10,4025,October,Second Counselor in the Relief Society General Presidency,auxiliary_counselor,legacy_csv,legacy_csv_runtime,3,113.29744279946165,general-conference/2012/10/the-lord-has-not-forgotten-you
2012,10,relief-society,4,Henry B. Eyring,Henry B. Eyring,First Counselor in the First Presidency,The Caregiver,You will be strengthened and yet inspired to know the limits and extent of your ability to serve.,https://www.churchofjesuschrist.org/study/general-conference/2012/10/the-caregiver,2709.0,21:32,1292.0,ok,,2012-10,4025,October,First Counselor in the First Presidency,first_presidency_counselor,legacy_csv,legacy_csv_runtime,4,125.8049535603715,general-conference/2012/10/the-caregiver
2012,10,saturday-afternoon,1,L. Tom Perry,L. Tom Perry,Of the Quorum of the Twelve Apostles,Becoming Goodly Parents,There are many ways that goodly parents can access the help and support they need to teach the gospel of Jesus Christ to their children.,https://www.churchofjesuschrist.org/study/general-conference/2012/10/becoming-goodly-parents,1915.0,14:24,864.0,ok,,2012-10,4025,October,Of the Quorum of the Twelve Apostles,twelve,legacy_csv,legacy_csv_runtime,1,132.98611111111111,general-conference/2012/10/becoming-goodly-parents
2012,10,saturday-afternoon,2,M. Russell Ballard,M. Russell Ballard,Of the Quorum of the Twelve Apostles,Be Anxiously Engaged,Great things are brought about and burdens are lightened through the efforts of many hands “anxiously engaged in a good cause.”,https://www.churchofjesuschrist.org/study/general-conference/2012/10/be-anxiously-engaged,1768.0,,900.0,ok,legacy runtime nan (missing) replaced by official video duration,2012-10,4025,October,Of the Quorum of the Twelve Apostles,twelve,legacy_csv,video_data_duration,2,117.86666666666666,general-conference/2012/10/be-anxiously-engaged
2012,10,saturday-afternoon,3,Larry J. Echo Hawk,Larry Echo Hawk,Of the Seventy,"“Come unto Me, O Ye House of Israel”","As we come unto our Savior, Jesus Christ, and purify our hearts, we will all be instruments in fulfilling the mighty promises of the Book of Mormon.",https://www.churchofjesuschrist.org/study/general-conference/2012/10/come-unto-me-o-ye-house-of-israel,1261.0,10:33,633.0,ok,,2012-10,4025,October,Of the Seventy,seventy,legacy_csv,legacy_csv_runtime,3,119.52606635071089,general-conference/2012/10/come-unto-me-o-ye-house-of-israel
2012,10,saturday-afternoon,4,Robert C. Gay,Robert C. Gay,Of the Seventy,What Shall a Man Give in Exchange for His Soul?,"We are to give up all our sins, big or small, for the Father’s reward of eternal life.",https://www.churchofjesuschrist.org/study/general-conference/2012/10/what-shall-a-man-give-in-exchange-for-his-soul,1487.0,,605.104,ok,legacy runtime nan (missing) replaced by official video duration,2012-10,4025,October,Of the Seventy,seventy,legacy_csv,video_data_duration,4,147.44572833760807,general-conference/2012/10/what-shall-a-man-give-in-exchange-for-his-soul
2012,10,saturday-afternoon,5,Scott D. Whiting,Scott D. Whiting,Of the Seventy,Temple Standard,The high standards of temple building employed by this Church are a type and even a symbol of how we should be living our own lives.,https://www.churchofjesuschrist.org/study/general-conference/2012/10/temple-standard,1409.0,9:13,553.0,ok,,2012-10,4025,October,Of the Seventy,seventy,legacy_csv,legacy_csv_runtime,5,152.875226039783,general-conference/2012/10/temple-standard
2012,10,saturday-afternoon,6,Neil L. Andersen,Neil L. Andersen,Of the Quorum of the Twelve Apostles,Trial of Your Faith,"Like the intense fire that transforms iron into steel, as we remain faithful during the fiery trial ofourfaith, we are spiritually refined and strengthened.",https://www.churchofjesuschrist.org/study/general-conference/2012/10/trial-of-your-faith,2015.0,14:56,896.0,ok,,2012-10,4025,October,Of the Quorum of the Twelve Apostles,twelve,legacy_csv,legacy_csv_runtime,6,134.93303571428572,general-conference/2012/10/trial-of-your-faith
2012,10,saturday-afternoon,7,Dallin H. Oaks,Dallin H. Oaks,Of the Quorum of the Twelve Apostles,Protect the Children,None should resist the plea that we unite to increase our concern for the welfare and future of our children—the rising generation.,https://www.churchofjesuschrist.org/study/general-conference/2012/10/protect-the-children,1963.0,16:35,995.0,ok,,2012-10,4025,October,Of the Quorum of the Twelve Apostles,twelve,legacy_csv,legacy_csv_runtime,7,118.37185929648243,general-conference/2012/10/protect-the-children
2012,10,saturday-morning,1,Thomas S. Monson,Thomas S. Monson,President of the Church,Welcome to Conference,"May we listen attentively to the messages … , that we may feel the Spirit of the Lord and gain the knowledge He would desire for us.",https://www.churchofjesuschrist.org/study/general-conference/2012/10/welcome-to-conference,828.0,7:20,440.0,ok,,2012-10,4025,October,President of the Church,church_president,legacy_csv,legacy_csv_runtime,1,112.90909090909092,general-conference/2012/10/welcome-to-conference
2012,10,saturday-morning,2,Quentin L. Cook,Quentin L. Cook,Of the Quorum of the Twelve Apostles,Can Ye Feel So Now?,Some in the Church believe they can’t answer Alma’s question with a resounding yes. They do not “feel so now.”,https://www.churchofjesuschrist.org/study/general-conference/2012/10/can-ye-feel-so-now,2177.0,15:46,946.0,ok,,2012-10,4025,October,Of the Quorum of the Twelve Apostles,twelve,legacy_csv,legacy_csv_runtime,2,138.07610993657505,general-conference/2012/10/can-ye-feel-so-now
2012,10,saturday-morning,3,Ann M. Dibb,Ann M. Dibb,Second Counselor in the Young Women General Presidency,I Know It. I Live It. I Love It.,"We are followers of our Savior, Jesus Christ. Such conversion and confidence is the result of diligent and deliberate effort. It is individual. It is the process of a lifetime.",https://www.churchofjesuschrist.org/study/general-conference/2012/10/i-know-it-i-live-it-i-love-it,1434.0,11:16,676.0,ok,,2012-10,4025,October,Second Counselor in the Young Women General Presidency,auxiliary_counselor,legacy_csv,legacy_csv_runtime,3,127.27810650887574,general-conference/2012/10/i-know-it-i-live-it-i-love-it
2012,10,saturday-morning,4,Craig C. Christensen,Craig C. Christensen,Of the Presidency of the Seventy,An Unspeakable Gift from God,"The Holy Ghost works in perfect unity with Heavenly Father and Jesus Christ, fulfilling many important roles and distinct responsibilities.",https://www.churchofjesuschrist.org/study/general-conference/2012/10/an-unspeakable-gift-from-god,1719.0,,660.86,ok,legacy runtime nan (missing) replaced by official video duration,2012-10,4025,October,Of the Presidency of the Seventy,seventy_presidency,legacy_csv,video_data_duration,4,156.0693641618497,general-conference/2012/10/an-unspeakable-gift-from-god
2012,10,saturday-morning,5,Shayne M. Bowen,Shayne M. Bowen,Of the Seventy,"“Because I Live, Ye Shall Live Also”","Because of Him, even our Savior, Jesus Christ, those feelings of sorrow, loneliness, and despair will one day be swallowed up in a fulness of joy.",https://www.churchofjesuschrist.org/study/general-conference/2012/10/because-i-live-ye-shall-live-also,1864.0,11:26,686.0,ok,,2012-10,4025,October,Of the Seventy,seventy,legacy_csv,legacy_csv_runtime,5,163.03206997084547,general-conference/2012/10/because-i-live-ye-shall-live-also
2012,10,saturday-morning,6,Russell M. Nelson,Russell M. Nelson,Of the Quorum of the Twelve Apostles,Ask the Missionaries! They Can Help You!,"All missionaries, younger and older, serve with the sole hope of making life better for other people.",https://www.churchofjesuschrist.org/study/general-conference/2012/10/ask-the-missionaries-they-can-help-you,1854.0,15:49,949.0,ok,,2012-10,4025,October,Of the Quorum of the Twelve Apostles,twelve,legacy_csv,legacy_csv_runtime,6,117.21812434141201,general-conference/2012/10/ask-the-missionaries-they-can-help-you
2012,10,saturday-morning,7,Dieter F. Uchtdorf,Dieter F. Uchtdorf,Second Counselor in the First Presidency,Of Regrets and Resolutions,"The more we devote ourselves to the pursuit of holiness and happiness, the less likely we will be on a path to regrets.",https://www.churchofjesuschrist.org/study/general-conference/2012/10/of-regrets-and-resolutions,2325.0,19:46,1186.0,ok,,2012-10,4025,October,Second Counselor in the First Presidency,first_presidency_counselor,legacy_csv,legacy_csv_runtime,7,117.62225969645868,general-conference/2012/10/of-regrets-and-resolutions
2012,10,sunday-afternoon,1,Robert D. Hales,Robert D. Hales,Of the Quorum of the Twelve Apostles,Being a More Christian Christian,This is the call of Christ to every Christian today: “Feed my lambs. … Feed my sheep.”,https://www.churchofjesuschrist.org/study/general-conference/2012/10/being-a-more-christian-christian,1581.0,15:10,910.0,ok,,2012-10,4025,October,Of the Quorum of the Twelve Apostles,twelve,legacy_csv,legacy_csv_runtime,1,104.24175824175825,general-conference/2012/10/being-a-more-christian-christian
2012,10,sunday-afternoon,2,Richard G. Scott,Richard G. Scott,Of the Quorum of the Twelve Apostles,The Joy of Redeeming the Dead,"“He shall plant in the hearts of the children the promises made to the fathers, and the hearts of the children shall turn to their fathers.”",https://www.churchofjesuschrist.org/study/general-conference/2012/10/the-joy-of-redeeming-the-dead,1783.0,16:42,1002.0,ok,,2012-10,4025,October,Of the Quorum of the Twelve Apostles,twelve,legacy_csv,legacy_csv_runtime,2,106.76646706586827,general-conference/2012/10/the-joy-of-redeeming-the-dead
2012,10,sunday-afternoon,3,Russell T. Osguthorpe,Russell T. Osguthorpe,Sunday School General President,One Step Closer to the Savior,Conversion is the goal of all gospel learning and teaching. Conversion is not a onetime event. It is a lifelong quest to become more like the Savior.,https://www.churchofjesuschrist.org/study/general-conference/2012/10/one-step-closer-to-the-savior,1597.0,,660.593,ok,legacy runtime nan (missing) replaced by official video duration,2012-10,4025,October,Sunday School General President,auxiliary_president,legacy_csv,video_data_duration,3,145.05149161435256,general-conference/2012/10/one-step-closer-to-the-savior
2012,10,sunday-afternoon,4,Marcus B. Nash,Marcus B. Nash,Of the Seventy,By Faith All Things Are Fulfilled,"Faith will help us to safely climb the gospel path, overcome every challenge of mortality, and return to the majestic presence of our Heavenly Father.",https://www.churchofjesuschrist.org/study/general-conference/2012/10/by-faith-all-things-are-fulfilled,1371.0,10:59,659.0,ok,,2012-10,4025,October,Of the Seventy,seventy,legacy_csv,legacy_csv_runtime,4,124.82549317147193,general-conference/2012/10/by-faith-all-things-are-fulfilled
2012,10,sunday-afternoon,5,Daniel L. Johnson,Daniel L. Johnson,Of the Seventy,Becoming a True Disciple,"As we obey His commandments and serve our fellowmen, we become better disciples of Jesus Christ.",https://www.churchofjesuschrist.org/study/general-conference/2012/10/becoming-a-true-disciple,1501.0,10:20,620.0,ok,,2012-10,4025,October,Of the Seventy,seventy,legacy_csv,legacy_csv_runtime,5,145.25806451612902,general-conference/2012/10/becoming-a-true-disciple
2012,10,sunday-afternoon,6,Don R. Clarke,Don R. Clarke,Of the Seventy,Blessings of the Sacrament,"We will be blessed as we feel gratitude for the Atonement of Jesus Christ, renew our baptismal covenants, feel forgiveness, and receive inspiration from the Holy Ghost.",https://www.churchofjesuschrist.org/study/general-conference/2012/10/blessings-of-the-sacrament,1445.0,9:53,593.0,ok,,2012-10,4025,October,Of the Seventy,seventy,legacy_csv,legacy_csv_runtime,6,146.20573355817876,general-conference/2012/10/blessings-of-the-sacrament
2012,10,sunday-afternoon,7,David A. Bednar,David A. Bednar,Of the Quorum of the Twelve Apostles,Converted unto the Lord,Knowing that the gospel is true is the essence of a testimony. Consistently being true to the gospel is the essence of conversion.,https://www.churchofjesuschrist.org/study/general-conference/2012/10/converted-unto-the-lord,2015.0,15:20,920.0,ok,,2012-10,4025,October,Of the Quorum of the Twelve Apostles,twelve,legacy_csv,legacy_csv_runtime,7,131.41304347826087,general-conference/2012/10/converted-unto-the-lord
2012,10,sunday-afternoon,8,Thomas S. Monson,Thomas S. Monson,President of the Church,God Be with You Till We Meet Again,"As we take the messages of the past two days into our hearts and into our lives, we will be blessed.",https://www.churchofjesuschrist.org/study/general-conference/2012/10/god-be-with-you-till-we-meet-again,761.0,5:59,359.0,ok,,2012-10,4025,October,President of the Church,church_president,legacy_csv,legacy_csv_runtime,8,127.1866295264624,general-conference/2012/10/god-be-with-you-till-we-meet-again
2012,10,sunday-morning,1,Henry B. Eyring,Henry B. Eyring,First Counselor in the First Presidency,Where Is the Pavilion?,"The pavilion that seems to intercept divine aid does not cover God but occasionally covers us. God is never hidden, yet sometimes we are.",https://www.churchofjesuschrist.org/study/general-conference/2012/10/where-is-the-pavilion,2381.0,18:15,1095.0,ok,,2012-10,4025,October,First Counselor in the First Presidency,first_presidency_counselor,legacy_csv,legacy_csv_runtime,1,130.46575342465752,general-conference/2012/10/where-is-the-pavilion
2012,10,sunday-morning,2,Boyd K. Packer,Boyd K. Packer,President of the Quorum of the Twelve Apostles,The Atonement,"Wherever our members and missionaries may go, our message is one of faith and hope in the Savior Jesus Christ.",https://www.churchofjesuschrist.org/study/general-conference/2012/10/the-atonement,1845.0,14:49,889.0,ok,,2012-10,4025,October,President of the Quorum of the Twelve Apostles,twelve_president,legacy_csv,legacy_csv_runtime,2,124.52193475815523,general-conference/2012/10/the-atonement
2012,10,sunday-morning,3,Linda K. Burton,Linda K. Burton,Relief Society General President,"First Observe, Then Serve","With practice, each of us can become more like the Savior as we serve God’s children.",https://www.churchofjesuschrist.org/study/general-conference/2012/10/first-observe-then-serve,1567.0,,602.535,ok,legacy runtime nan (missing) replaced by official video duration,2012-10,4025,October,Relief Society General President,auxiliary_president,legacy_csv,video_data_duration,3,156.04072792451893,general-conference/2012/10/first-observe-then-serve
2012,10,sunday-morning,4,Walter F. González,Walter F. González,Of the Presidency of the Seventy,Learning with Our Hearts,One way to come unto Christ is by seeking to learn essential truths with our hearts.,https://www.churchofjesuschrist.org/study/general-conference/2012/10/learning-with-our-hearts,1213.0,10:30,630.0,ok,,2012-10,4025,October,Of the Presidency of the Seventy,seventy_presidency,legacy_csv,legacy_csv_runtime,4,115.52380952380952,general-conference/2012/10/learning-with-our-hearts
2012,10,sunday-morning,5,Jeffrey R. Holland,Jeffrey R. Holland,Of the Quorum of the Twelve Apostles,The First Great Commandment,We have a life of devoted discipleship to give in demonstrating our love of the Lord.,https://www.churchofjesuschrist.org/study/general-conference/2012/10/the-first-great-commandment,1875.0,19:48,1188.0,ok,,2012-10,4025,October,Of the Quorum of the Twelve Apostles,twelve,legacy_csv,legacy_csv_runtime,5,94.69696969696969,general-conference/2012/10/the-first-great-commandment
2012,10,sunday-morning,6,Thomas S. Monson,Thomas S. Monson,President of the Church,Consider the Blessings,Our Heavenly Father is aware of our needs and will help us as we call upon Him for assistance.,https://www.churchofjesuschrist.org/study/general-conference/2012/10/consider-the-blessings,2550.0,20:46,1246.0,ok,,2012-10,4025,October,President of the Church,church_president,legacy_csv,legacy_csv_runtime,6,122.79293739967898,general-conference/2012/10/consider-the-blessings
2013,4,priesthood,1,Robert D. Hales,Robert D. Hales,Of the Quorum of the Twelve Apostles,Stand Strong in Holy Places,"Standing obedient and strong on the doctrine of our God, we stand in holy places, for His doctrine is sacred and will not change.",https://www.churchofjesuschrist.org/study/general-conference/2013/04/stand-strong-in-holy-places,1722.0,16:12,972.0,ok,,2013-04,4026,April,Of the Quorum of the Twelve Apostles,twelve,legacy_csv,legacy_csv_runtime,1,106.2962962962963,general-conference/2013/04/stand-strong-in-holy-places
2013,4,priesthood,2,Tad R. Callister,Tad R. Callister,Of the Presidency of the Seventy,The Power of the Priesthood in the Boy,The priesthood in the boy is just as powerful as the priesthood in the man when exercised in righteousness.,https://www.churchofjesuschrist.org/study/general-conference/2013/04/the-power-of-the-priesthood-in-the-boy,1842.0,10:52,652.0,ok,,2013-04,4026,April,Of the Presidency of the Seventy,seventy_presidency,legacy_csv,legacy_csv_runtime,2,169.5092024539877,general-conference/2013/04/the-power-of-the-priesthood-in-the-boy
2013,4,priesthood,3,David L. Beck,David L. Beck,Young Men General President,Your Sacred Duty to Minister,"You received the power, the authority, and the sacred duty to minister the moment you were ordained to the priesthood.",https://www.churchofjesuschrist.org/study/general-conference/2013/04/your-sacred-duty-to-minister,1469.0,10:25,625.0,ok,,2013-04,4026,April,Young Men General President,auxiliary_president,legacy_csv,legacy_csv_runtime,3,141.024,general-conference/2013/04/your-sacred-duty-to-minister
2013,4,priesthood,4,Dieter F. Uchtdorf,Dieter F. Uchtdorf,Second Counselor in the First Presidency,Four Titles,I would like to suggest four titles … that may help us recognize our individual roles in God’s eternal plan and our potential as priesthood holders.,https://www.churchofjesuschrist.org/study/general-conference/2013/04/four-titles,2139.0,19:19,1159.0,ok,,2013-04,4026,April,Second Counselor in the First Presidency,first_presidency_counselor,legacy_csv,legacy_csv_runtime,4,110.73339085418465,general-conference/2013/04/four-titles
2013,4,priesthood,5,Henry B. Eyring,Henry B. Eyring,First Counselor in the First Presidency,We Are One,"I pray that wherever we are and whatever duties we have in the priesthood of God, we will be united in the cause to bring the gospel to all the world.",https://www.churchofjesuschrist.org/study/general-conference/2013/04/we-are-one,2372.0,15:43,943.0,ok,,2013-04,4026,April,First Counselor in the First Presidency,first_presidency_counselor,legacy_csv,legacy_csv_runtime,5,150.92258748674442,general-conference/2013/04/we-are-one
2013,4,priesthood,6,Thomas S. Monson,Thomas S. Monson,President of the Church,"Come, All Ye Sons of God","May each one of us search the scriptures with diligence, plan his life with purpose, teach the truth with testimony, and serve the Lord with love.",https://www.churchofjesuschrist.org/study/general-conference/2013/04/come-all-ye-sons-of-god,2129.0,19:25,1165.0,ok,,2013-04,4026,April,President of the Church,church_president,legacy_csv,legacy_csv_runtime,6,109.64806866952789,general-conference/2013/04/come-all-ye-sons-of-god
2013,4,saturday-afternoon,1,Richard G. Scott,Richard G. Scott,Of the Quorum of the Twelve Apostles,For Peace at Home,"One of the greatest blessings we can offer to the world is the power of a Christ-centered home where the gospel is taught, covenants are kept, and love abounds.",https://www.churchofjesuschrist.org/study/general-conference/2013/04/for-peace-at-home,1715.0,15:29,929.0,ok,,2013-04,4026,April,Of the Quorum of the Twelve Apostles,twelve,legacy_csv,legacy_csv_runtime,1,110.76426264800861,general-conference/2013/04/for-peace-at-home
2013,4,saturday-afternoon,2,Quentin L. Cook,Quentin L. Cook,Of the Quorum of the Twelve Apostles,Personal Peace: The Reward of Righteousness,"Even with the trials of life, because of the Savior’s Atonement and His grace, righteous living will be rewarded with personal peace.",https://www.churchofjesuschrist.org/study/general-conference/2013/04/personal-peace-the-reward-of-righteousness,2093.0,15:58,958.0,ok,,2013-04,4026,April,Of the Quorum of the Twelve Apostles,twelve,legacy_csv,legacy_csv_runtime,2,131.0855949895616,general-conference/2013/04/personal-peace-the-reward-of-righteousness
2013,4,saturday-afternoon,3,Stanley G. Ellis,Stanley G. Ellis,Of the Seventy,The Lord’s Way,"The Lord’s way is that we hearken to our leaders’ teachings, understand correct principles, and govern ourselves.",https://www.churchofjesuschrist.org/study/general-conference/2013/04/the-lords-way,1429.0,9:36,576.0,ok,,2013-04,4026,April,Of the Seventy,seventy,legacy_csv,legacy_csv_runtime,3,148.85416666666669,general-conference/2013/04/the-lords-way
2013,4,saturday-afternoon,4,John B. Dickson,John B. Dickson,Of the Seventy,The Gospel to All the World,"The Church has moved steadily across the world from nation to nation, culture to culture, people to people, on the Lord’s calendar and in His time.",https://www.churchofjesuschrist.org/study/general-conference/2013/04/the-gospel-to-all-the-world,1267.0,,545.433,ok,legacy runtime nan (missing) replaced by official video duration,2013-04,4026,April,Of the Seventy,seventy,legacy_csv,video_data_duration,4,139.37550533246062,general-conference/2013/04/the-gospel-to-all-the-world
2013,4,saturday-afternoon,5,David A. Bednar,David A. Bednar,Of the Quorum of the Twelve Apostles,We Believe in Being Chaste,Obedience to the law of chastity will increase our happiness in mortality and make possible our progress in eternity.,https://www.churchofjesuschrist.org/study/general-conference/2013/04/we-believe-in-being-chaste,2055.0,15:47,947.0,ok,,2013-04,4026,April,Of the Quorum of the Twelve Apostles,twelve,legacy_csv,legacy_csv_runtime,5,130.20063357972546,general-conference/2013/04/we-believe-in-being-chaste
2013,4,saturday-afternoon,6,Russell M. Nelson,Russell M. Nelson,Of the Quorum of the Twelve Apostles,Catch the Wave,"I thank God and His Son, Jesus Christ, for the Restoration and its power to propel a magnificent wave of truth and righteousness across the earth.",https://www.churchofjesuschrist.org/study/general-conference/2013/04/catch-the-wave,1571.0,14:15,855.0,ok,,2013-04,4026,April,Of the Quorum of the Twelve Apostles,twelve,legacy_csv,legacy_csv_runtime,6,110.24561403508773,general-conference/2013/04/catch-the-wave
2013,4,saturday-morning,1,Thomas S. Monson,Thomas S. Monson,President of the Church,Welcome to Conference,I urge you to be attentive and receptive to the messages which we will hear. That we may do so is my prayer.,https://www.churchofjesuschrist.org/study/general-conference/2013/04/welcome-to-conference,584.0,4:30,270.0,ok,,2013-04,4026,April,President of the Church,church_president,legacy_csv,legacy_csv_runtime,1,129.77777777777777,general-conference/2013/04/welcome-to-conference
2013,4,saturday-morning,2,Boyd K. Packer,Boyd K. Packer,President of the Quorum of the Twelve Apostles,These Things I Know,"Of all that I have read and taught and learned, the one most precious and sacred truth that I have to offer is my special witness of Jesus Christ.",https://www.churchofjesuschrist.org/study/general-conference/2013/04/these-things-i-know,1680.0,14:13,853.0,ok,,2013-04,4026,April,President of the Quorum of the Twelve Apostles,twelve_president,legacy_csv,legacy_csv_runtime,2,118.17116060961312,general-conference/2013/04/these-things-i-know
2013,4,saturday-morning,3,Dean M. Davies,Dean M. Davies,Second Counselor in the Presiding Bishopric,A Sure Foundation,Let us accept the Savior’s invitation to come unto Him. Let us build our lives upon a safe and a sure foundation.,https://www.churchofjesuschrist.org/study/general-conference/2013/04/a-sure-foundation,1668.0,10:49,649.0,ok,,2013-04,4026,April,Second Counselor in the Presiding Bishopric,presiding_bishopric,legacy_csv,legacy_csv_runtime,3,154.2064714946071,general-conference/2013/04/a-sure-foundation
2013,4,saturday-morning,4,Elaine S. Dalton,Elaine S. Dalton,Recently Released Young Women General President,We Are Daughters of Our Heavenly Father,As daughters of God we are each unique and different in our circumstances and experiences. And yet our part matters—because we matter.,https://www.churchofjesuschrist.org/study/general-conference/2013/04/we-are-daughters-of-our-heavenly-father,1539.0,11:33,693.0,ok,,2013-04,4026,April,Young Women General President,auxiliary_president,legacy_csv,legacy_csv_runtime,4,133.24675324675323,general-conference/2013/04/we-are-daughters-of-our-heavenly-father
2013,4,saturday-morning,5,Craig A. Cardon,Craig A. Cardon,Of the Seventy,The Savior Wants to Forgive,The Lord loves us and wants us to understand His willingness to forgive.,https://www.churchofjesuschrist.org/study/general-conference/2013/04/the-savior-wants-to-forgive,1533.0,11:14,674.0,ok,,2013-04,4026,April,Of the Seventy,seventy,legacy_csv,legacy_csv_runtime,5,136.46884272997033,general-conference/2013/04/the-savior-wants-to-forgive
2013,4,saturday-morning,6,M. Russell Ballard,M. Russell Ballard,Of the Quorum of the Twelve Apostles,“This Is My Work and Glory”,"God has freely given His power to those who accept and honor His priesthood, which leads to the promised blessings of immortality and eternal life.",https://www.churchofjesuschrist.org/study/general-conference/2013/04/this-is-my-work-and-glory,2016.0,17:11,1031.0,ok,,2013-04,4026,April,Of the Quorum of the Twelve Apostles,twelve,legacy_csv,legacy_csv_runtime,6,117.32298739088263,general-conference/2013/04/this-is-my-work-and-glory
2013,4,saturday-morning,7,Henry B. Eyring,Henry B. Eyring,First Counselor in the First Presidency,“Come unto Me”,"By His words and His example, Christ has shown us how to draw closer to Him.",https://www.churchofjesuschrist.org/study/general-conference/2013/04/come-unto-me,2490.0,17:37,1057.0,ok,,2013-04,4026,April,First Counselor in the First Presidency,first_presidency_counselor,legacy_csv,legacy_csv_runtime,7,141.3434247871334,general-conference/2013/04/come-unto-me
2013,4,sunday-afternoon,1,Jeffrey R. Holland,Jeffrey R. Holland,Of the Quorum of the Twelve Apostles,"“Lord, I Believe”","Honestly acknowledge your questions and your concerns, but first and forever fan the flame of your faith, because all things are possible to them that believe.",https://www.churchofjesuschrist.org/study/general-conference/2013/04/lord-i-believe,1650.0,14:43,883.0,ok,,2013-04,4026,April,Of the Quorum of the Twelve Apostles,twelve,legacy_csv,legacy_csv_runtime,1,112.11778029445074,general-conference/2013/04/lord-i-believe
2013,4,sunday-afternoon,2,Dallin H. Oaks,Dallin H. Oaks,Of the Quorum of the Twelve Apostles,Followers of Christ,Following Christ is not a casual or occasional practice but a continuous commitment and way of life that applies at all times and in all places.,https://www.churchofjesuschrist.org/study/general-conference/2013/04/followers-of-christ,1983.0,15:21,921.0,ok,,2013-04,4026,April,Of the Quorum of the Twelve Apostles,twelve,legacy_csv,legacy_csv_runtime,2,129.185667752443,general-conference/2013/04/followers-of-christ
2013,4,sunday-afternoon,3,Christoffel Golden,Christoffel Golden,Of the Seventy,The Father and the Son,At the heart of the gospel of Jesus Christ and its power to save is a correct understanding of the Father and the Son.,https://www.churchofjesuschrist.org/study/general-conference/2013/04/the-father-and-the-son,1244.0,,666.733,ok,legacy runtime nan (missing) replaced by official video duration,2013-04,4026,April,Of the Seventy,seventy,legacy_csv,video_data_duration,3,111.94886108832173,general-conference/2013/04/the-father-and-the-son
2013,4,sunday-afternoon,4,Enrique R. Falabella,Enrique R. Falabella,Of the Seventy,The Home: The School of Life,Lessons are learned in a home—the place that can become a piece of heaven here on earth.,https://www.churchofjesuschrist.org/study/general-conference/2013/04/the-home-the-school-of-life,1379.0,10:52,652.0,ok,,2013-04,4026,April,Of the Seventy,seventy,legacy_csv,legacy_csv_runtime,4,126.90184049079754,general-conference/2013/04/the-home-the-school-of-life
2013,4,sunday-afternoon,5,Erich W. Kopischke,Erich W. Kopischke,Of the Seventy,Being Accepted of the Lord,Seeking and receiving the acceptance of the Lord will lead to the knowledge that we are chosen and blessed by Him.,https://www.churchofjesuschrist.org/study/general-conference/2013/04/being-accepted-of-the-lord,1468.0,11:11,671.0,ok,,2013-04,4026,April,Of the Seventy,seventy,legacy_csv,legacy_csv_runtime,5,131.26676602086437,general-conference/2013/04/being-accepted-of-the-lord
2013,4,sunday-afternoon,6,Bruce D. Porter,Bruce D. Porter,Of the Seventy,Beautiful Mornings,"We need not fear the future, nor falter in hope and good cheer, because God is with us.",https://www.churchofjesuschrist.org/study/general-conference/2013/04/beautiful-mornings,1306.0,10:28,628.0,ok,,2013-04,4026,April,Of the Seventy,seventy,legacy_csv,legacy_csv_runtime,6,124.77707006369427,general-conference/2013/04/beautiful-mornings
2013,4,sunday-afternoon,7,D. Todd Christofferson,D. Todd Christofferson,Of the Quorum of the Twelve Apostles,Redemption,"Inasmuch as we follow Christ, we seek to participate in and further His redemptive work.",https://www.churchofjesuschrist.org/study/general-conference/2013/04/redemption,2123.0,15:22,922.0,ok,,2013-04,4026,April,Of the Quorum of the Twelve Apostles,twelve,legacy_csv,legacy_csv_runtime,7,138.15618221258134,general-conference/2013/04/redemption
2013,4,sunday-afternoon,8,Thomas S. Monson,Thomas S. Monson,President of the Church,Until We Meet Again,"I pray that the Lord will bless and keep you, my brothers and sisters. May His promised peace be with you now and always.",https://www.churchofjesuschrist.org/study/general-conference/2013/04/until-we-meet-again,683.0,6:33,393.0,ok,,2013-04,4026,April,President of the Church,church_president,legacy_csv,legacy_csv_runtime,8,104.27480916030535,general-conference/2013/04/until-we-meet-again
2013,4,sunday-morning,1,Dieter F. Uchtdorf,Dieter F. Uchtdorf,Second Counselor in the First Presidency,The Hope of God’s Light,"As we seek to increase our love for God and strive to love our neighbor, the light of the gospel will surround and uplift us.",https://www.churchofjesuschrist.org/study/general-conference/2013/04/the-hope-of-gods-light,2041.0,17:12,1032.0,ok,,2013-04,4026,April,Second Counselor in the First Presidency,first_presidency_counselor,legacy_csv,legacy_csv_runtime,1,118.66279069767442,general-conference/2013/04/the-hope-of-gods-light
2013,4,sunday-morning,2,Neil L. Andersen,Neil L. Andersen,Of the Quorum of the Twelve Apostles,It’s a Miracle,"If you’re not a full-time missionary with a missionary badge pinned on your coat, now is the time to paint one on your heart—painted, as Paul said, “not with ink, but with the Spirit of the living God.”",https://www.churchofjesuschrist.org/study/general-conference/2013/04/its-a-miracle,1845.0,15:53,953.0,ok,,2013-04,4026,April,Of the Quorum of the Twelve Apostles,twelve,legacy_csv,legacy_csv_runtime,2,116.1594963273872,general-conference/2013/04/its-a-miracle
2013,4,sunday-morning,3,Rosemary M. Wixom,Rosemary M. Wixom,Primary General President,The Words We Speak,How we speak to our children and the words we use can encourage and uplift them and strengthen their faith.,https://www.churchofjesuschrist.org/study/general-conference/2013/04/the-words-we-speak,1342.0,10:24,624.0,ok,,2013-04,4026,April,Primary General President,auxiliary_president,legacy_csv,legacy_csv_runtime,3,129.03846153846155,general-conference/2013/04/the-words-we-speak
2013,4,sunday-morning,4,L. Whitney Clayton,L. Whitney Clayton,Of the Presidency of the Seventy,Marriage: Watch and Learn,"The promises of the Lord are extended to all those who follow the pattern of life that builds happy, holy marriage relationships.",https://www.churchofjesuschrist.org/study/general-conference/2013/04/marriage-watch-and-learn,1303.0,10:39,639.0,ok,,2013-04,4026,April,Of the Presidency of the Seventy,seventy_presidency,legacy_csv,legacy_csv_runtime,4,122.34741784037558,general-conference/2013/04/marriage-watch-and-learn
2013,4,sunday-morning,5,L. Tom Perry,L. Tom Perry,Of the Quorum of the Twelve Apostles,Obedience to Law Is Liberty,"Men and women receive their agency as a gift from God, but their liberty and, in turn, their eternal happiness come from obedience to His laws.",https://www.churchofjesuschrist.org/study/general-conference/2013/04/obedience-to-law-is-liberty,1711.0,14:42,882.0,ok,,2013-04,4026,April,Of the Quorum of the Twelve Apostles,twelve,legacy_csv,legacy_csv_runtime,5,116.39455782312926,general-conference/2013/04/obedience-to-law-is-liberty
2013,4,sunday-morning,6,Thomas S. Monson,Thomas S. Monson,President of the Church,Obedience Brings Blessings,A knowledge of truth and the answers to our greatest questions come to us as we are obedient to the commandments of God.,https://www.churchofjesuschrist.org/study/general-conference/2013/04/obedience-brings-blessings,2313.0,,1263.966,ok,legacy runtime nan (missing) replaced by official video duration,2013-04,4026,April,President of the Church,church_president,legacy_csv,video_data_duration,6,109.7972572047033,general-conference/2013/04/obedience-brings-blessings
2013,4,young-women,1,Ann M. Dibb,Ann M. Dibb,Second Counselor in the Young Women General Presidency,Your Holy Places,"Whether [your holy places] are geographic or moments in time, they are equally sacred and have incredible strengthening power.",https://www.churchofjesuschrist.org/study/general-conference/2013/04/your-holy-places,1553.0,,727.0,ok,legacy runtime nan (missing) replaced by official video duration,2013-04,4026,April,Second Counselor in the Young Women General Presidency,auxiliary_counselor,legacy_csv,video_data_duration,1,128.17056396148556,general-conference/2013/04/your-holy-places
2013,4,young-women,2,Mary N. Cook,Mary N. Cook,First Counselor in the Young Women General Presidency,"When You Save a Girl, You Save Generations","Your virtuous lives will bless your ancestors, your families now, and family members yet to come.",https://www.churchofjesuschrist.org/study/general-conference/2013/04/when-you-save-a-girl-you-save-generations,1886.0,,729.0,ok,legacy runtime nan (missing) replaced by official video duration,2013-04,4026,April,First Counselor in the Young Women General Presidency,auxiliary_counselor,legacy_csv,video_data_duration,2,155.22633744855966,general-conference/2013/04/when-you-save-a-girl-you-save-generations
2013,4,young-women,3,Elaine S. Dalton,Elaine S. Dalton,Young Women General President,Be Not Moved!,Stand firm. Be steadfast. “Stand for truth and righteousness.” Stand as a witness. Be a standard to the world. Stand in holy places.,https://www.churchofjesuschrist.org/study/general-conference/2013/04/be-not-moved,1930.0,14:51,891.0,ok,,2013-04,4026,April,Young Women General President,auxiliary_president,legacy_csv,legacy_csv_runtime,3,129.96632996632997,general-conference/2013/04/be-not-moved
2013,4,young-women,4,Dieter F. Uchtdorf,Dieter F. Uchtdorf,Second Counselor in the First Presidency,Your Wonderful Journey Home,"As you joyfully use the map your loving Father has provided for your journey, it will lead you to holy places and you will rise to your supernal potential.",https://www.churchofjesuschrist.org/study/general-conference/2013/04/your-wonderful-journey-home,2802.0,23:28,1408.0,ok,,2013-04,4026,April,Second Counselor in the First Presidency,first_presidency_counselor,legacy_csv,legacy_csv_runtime,4,119.4034090909091,general-conference/2013/04/your-wonderful-journey-home
2013,10,priesthood,1,L. Tom Perry,L. Tom Perry,Of the Quorum of the Twelve Apostles,The Doctrines and Principles Contained in the Articles of Faith,Each article of faith adds unique value to our understanding of the gospel of Jesus Christ.,https://www.churchofjesuschrist.org/study/general-conference/2013/10/the-doctrines-and-principles-contained-in-the-articles-of-faith,1697.0,14:28,868.0,ok,,2013-10,4027,October,Of the Quorum of the Twelve Apostles,twelve,legacy_csv,legacy_csv_runtime,1,117.3041474654378,general-conference/2013/10/the-doctrines-and-principles-contained-in-the-articles-of-faith
2013,10,priesthood,2,Gérald Caussé,Gérald Caussé,First Counselor in the Presiding Bishopric,Ye Are No More Strangers,In this Church there are no strangers and no outcasts. There are only brothers and sisters.,https://www.churchofjesuschrist.org/study/general-conference/2013/10/ye-are-no-more-strangers,1679.0,,727.333,ok,legacy runtime nan (missing) replaced by official video duration,2013-10,4027,October,First Counselor in the Presiding Bishopric,presiding_bishopric,legacy_csv,video_data_duration,2,138.50602131348364,general-conference/2013/10/ye-are-no-more-strangers
2013,10,priesthood,3,Randy D. Funk,Randy D. Funk,Of the Seventy,Called of Him to Declare His Word,"If you are humble and obedient and hearken to the voice of the Spirit, you will find great happiness in your service as a missionary.",https://www.churchofjesuschrist.org/study/general-conference/2013/10/called-of-him-to-declare-his-word,1583.0,12:58,778.0,ok,,2013-10,4027,October,Of the Seventy,seventy,legacy_csv,legacy_csv_runtime,3,122.08226221079691,general-conference/2013/10/called-of-him-to-declare-his-word
2013,10,priesthood,4,Dieter F. Uchtdorf,Dieter F. Uchtdorf,Second Counselor in the First Presidency,You Can Do It Now!,"As long as we are willing to rise up again and continue on the path, … we can learn something from failure and become better and happier.",https://www.churchofjesuschrist.org/study/general-conference/2013/10/you-can-do-it-now,1846.0,16:18,978.0,ok,,2013-10,4027,October,Second Counselor in the First Presidency,first_presidency_counselor,legacy_csv,legacy_csv_runtime,4,113.25153374233129,general-conference/2013/10/you-can-do-it-now
2013,10,priesthood,5,Henry B. Eyring,Henry B. Eyring,First Counselor in the First Presidency,Bind Up Their Wounds,I pray that we may prepare ourselves to give whatever priesthood service the Lord may set before us on our mortal journey.,https://www.churchofjesuschrist.org/study/general-conference/2013/10/bind-up-their-wounds,2179.0,16:24,984.0,ok,,2013-10,4027,October,First Counselor in the First Presidency,first_presidency_counselor,legacy_csv,legacy_csv_runtime,5,132.8658536585366,general-conference/2013/10/bind-up-their-wounds
2013,10,priesthood,6,Thomas S. Monson,Thomas S. Monson,President of the Church,True Shepherds,Home teaching answers many prayers and permits us to see the transformations which can take place in people’s lives.,https://www.churchofjesuschrist.org/study/general-conference/2013/10/true-shepherds,2009.0,17:33,1053.0,ok,,2013-10,4027,October,President of the Church,church_president,legacy_csv,legacy_csv_runtime,6,114.47293447293447,general-conference/2013/10/true-shepherds
2013,10,relief-society,1,Linda K. Burton,Linda K. Burton,Relief Society General President,"The Power, Joy, and Love of Covenant Keeping","I invite each of us to evaluate how much we love the Savior, using as a measure how joyfully we keep our covenants.",https://www.churchofjesuschrist.org/study/general-conference/2013/10/the-power-joy-and-love-of-covenant-keeping,2311.0,15:36,936.0,ok,,2013-10,4027,October,Relief Society General President,auxiliary_president,legacy_csv,legacy_csv_runtime,1,148.14102564102564,general-conference/2013/10/the-power-joy-and-love-of-covenant-keeping
2013,10,relief-society,2,Carole M. Stephens,Carole M. Stephens,First Counselor in the Relief Society General Presidency,We Have Great Reason to Rejoice,"When you love, watch over, and serve others in small and simple ways, you are actively participating in the work of salvation.",https://www.churchofjesuschrist.org/study/general-conference/2013/10/we-have-great-reason-to-rejoice,1884.0,12:47,767.0,ok,,2013-10,4027,October,First Counselor in the Relief Society General Presidency,auxiliary_counselor,legacy_csv,legacy_csv_runtime,2,147.3794002607562,general-conference/2013/10/we-have-great-reason-to-rejoice
2013,10,relief-society,3,Linda S. Reeves,Linda S. Reeves,Second Counselor in the Relief Society General Presidency,Claim the Blessings of Your Covenants,"As we renew and honor our covenants, our burdens can be lightened and we can continually become purified and strengthened.",https://www.churchofjesuschrist.org/study/general-conference/2013/10/claim-the-blessings-of-your-covenants,1565.0,,724.366,ok,legacy runtime nan (missing) replaced by official video duration,2013-10,4027,October,Second Counselor in the Relief Society General Presidency,auxiliary_counselor,legacy_csv,video_data_duration,3,129.63060110496627,general-conference/2013/10/claim-the-blessings-of-your-covenants
2013,10,relief-society,4,Thomas S. Monson,Thomas S. Monson,President of the Church,We Never Walk Alone,"You will one day stand aside and look at your difficult times, and you will realize that He was always there beside you.",https://www.churchofjesuschrist.org/study/general-conference/2013/10/we-never-walk-alone,2117.0,16:33,993.0,ok,,2013-10,4027,October,President of the Church,church_president,legacy_csv,legacy_csv_runtime,4,127.91540785498489,general-conference/2013/10/we-never-walk-alone
2013,10,saturday-afternoon,1,Boyd K. Packer,Boyd K. Packer,President of the Quorum of the Twelve Apostles,The Key to Spiritual Protection,Peace can be settled in the heart of each who turns to the scriptures and unlocks the promises of protection and redemption.,https://www.churchofjesuschrist.org/study/general-conference/2013/10/the-key-to-spiritual-protection,1763.0,14:40,880.0,ok,,2013-10,4027,October,President of the Quorum of the Twelve Apostles,twelve_president,legacy_csv,legacy_csv_runtime,1,120.20454545454545,general-conference/2013/10/the-key-to-spiritual-protection
2013,10,saturday-afternoon,2,D. Todd Christofferson,D. Todd Christofferson,Of the Quorum of the Twelve Apostles,The Moral Force of Women,"Your intuition is to do good and to be good, and as you follow the Holy Spirit, your moral authority and influence will grow.",https://www.churchofjesuschrist.org/study/general-conference/2013/10/the-moral-force-of-women,2028.0,15:11,911.0,ok,,2013-10,4027,October,Of the Quorum of the Twelve Apostles,twelve,legacy_csv,legacy_csv_runtime,2,133.5675082327113,general-conference/2013/10/the-moral-force-of-women
2013,10,saturday-afternoon,3,S. Gifford Nielsen,S. Gifford Nielsen,Of the Seventy,Hastening the Lord’s Game Plan!,We each must develop and carry out our own personal game plan to serve with enthusiasm alongside the full-time missionaries.,https://www.churchofjesuschrist.org/study/general-conference/2013/10/hastening-the-lords-game-plan,1476.0,,546.466,ok,legacy runtime nan (missing) replaced by official video duration,2013-10,4027,October,Of the Seventy,seventy,legacy_csv,video_data_duration,3,162.05948768999352,general-conference/2013/10/hastening-the-lords-game-plan
2013,10,saturday-afternoon,4,Arnulfo Valenzuela,Arnulfo Valenzuela,Of the Seventy,Small and Simple Things,Let us reach out to others with faith and with love.,https://www.churchofjesuschrist.org/study/general-conference/2013/10/small-and-simple-things,1128.0,9:33,573.0,ok,,2013-10,4027,October,Of the Seventy,seventy,legacy_csv,legacy_csv_runtime,4,118.11518324607329,general-conference/2013/10/small-and-simple-things
2013,10,saturday-afternoon,5,Timothy J. Dyches,Timothy J. Dyches,Of the Seventy,Wilt Thou Be Made Whole?,"As we repent and become converted to the Lord, we become whole, and our guilt is swept away.",https://www.churchofjesuschrist.org/study/general-conference/2013/10/wilt-thou-be-made-whole,1462.0,9:36,576.0,ok,,2013-10,4027,October,Of the Seventy,seventy,legacy_csv,legacy_csv_runtime,5,152.29166666666669,general-conference/2013/10/wilt-thou-be-made-whole
2013,10,saturday-afternoon,6,Jeffrey R. Holland,Jeffrey R. Holland,Of the Quorum of the Twelve Apostles,Like a Broken Vessel,How do you best respond when mental or emotional challenges confront you or those you love?,https://www.churchofjesuschrist.org/study/general-conference/2013/10/like-a-broken-vessel,1643.0,14:11,851.0,ok,,2013-10,4027,October,Of the Quorum of the Twelve Apostles,twelve,legacy_csv,legacy_csv_runtime,6,115.84018801410106,general-conference/2013/10/like-a-broken-vessel
2013,10,saturday-afternoon,7,M. Russell Ballard,M. Russell Ballard,Of the Quorum of the Twelve Apostles,Put Your Trust in the Lord,Become engaged in doing what you can in sharing the great message of the Restoration of the gospel of Jesus Christ.,https://www.churchofjesuschrist.org/study/general-conference/2013/10/put-your-trust-in-the-lord,1957.0,15:42,942.0,ok,,2013-10,4027,October,Of the Quorum of the Twelve Apostles,twelve,legacy_csv,legacy_csv_runtime,7,124.64968152866243,general-conference/2013/10/put-your-trust-in-the-lord
2013,10,saturday-morning,1,Thomas S. Monson,Thomas S. Monson,President of the Church,Welcome to Conference,It is my prayer that we may be filled with the Spirit of the Lord as we listen and learn.,https://www.churchofjesuschrist.org/study/general-conference/2013/10/welcome-to-conference,493.0,4:28,268.0,ok,,2013-10,4027,October,President of the Church,church_president,legacy_csv,legacy_csv_runtime,1,110.3731343283582,general-conference/2013/10/welcome-to-conference
2013,10,saturday-morning,2,Robert D. Hales,Robert D. Hales,Of the Quorum of the Twelve Apostles,General Conference: Strengthening Faith and Testimony,"Oh, how we need general conference! Through conferences our faith is fortified and our testimonies deepened.",https://www.churchofjesuschrist.org/study/general-conference/2013/10/general-conference-strengthening-faith-and-testimony,1769.0,15:49,949.0,ok,,2013-10,4027,October,Of the Quorum of the Twelve Apostles,twelve,legacy_csv,legacy_csv_runtime,2,111.8440463645943,general-conference/2013/10/general-conference-strengthening-faith-and-testimony
2013,10,saturday-morning,3,Ulisses Soares,Ulisses Soares,Of the Presidency of the Seventy,Be Meek and Lowly of Heart,"Being meek does not mean weakness, but it does mean behaving with goodness and kindness.",https://www.churchofjesuschrist.org/study/general-conference/2013/10/be-meek-and-lowly-of-heart,1569.0,11:21,681.0,ok,,2013-10,4027,October,Of the Presidency of the Seventy,seventy_presidency,legacy_csv,legacy_csv_runtime,3,138.23788546255508,general-conference/2013/10/be-meek-and-lowly-of-heart
2013,10,saturday-morning,4,Carole M. Stephens,Carole M. Stephens,First Counselor in the Relief Society General Presidency,Do We Know What We Have?,"Priesthood ordinances and covenants provide access to the fulness of the blessings promised to us by God, which are made possible by the Savior’s Atonement.",https://www.churchofjesuschrist.org/study/general-conference/2013/10/do-we-know-what-we-have,1569.0,11:33,693.0,ok,,2013-10,4027,October,First Counselor in the Relief Society General Presidency,auxiliary_counselor,legacy_csv,legacy_csv_runtime,4,135.84415584415584,general-conference/2013/10/do-we-know-what-we-have
2013,10,saturday-morning,5,Edward Dube,Edward Dube,Of the Seventy,Look Ahead and Believe,"In the sight of the Lord, it is not so much what we have done or where we have been but much more where we are willing to go.",https://www.churchofjesuschrist.org/study/general-conference/2013/10/look-ahead-and-believe,1427.0,10:31,631.0,ok,,2013-10,4027,October,Of the Seventy,seventy,legacy_csv,legacy_csv_runtime,5,135.68938193343897,general-conference/2013/10/look-ahead-and-believe
2013,10,saturday-morning,6,David A. Bednar,David A. Bednar,Of the Quorum of the Twelve Apostles,The Windows of Heaven,Spiritual and temporal blessings come into our lives as we live the law of tithing.,https://www.churchofjesuschrist.org/study/general-conference/2013/10/the-windows-of-heaven,2133.0,16:55,1015.0,ok,,2013-10,4027,October,Of the Quorum of the Twelve Apostles,twelve,legacy_csv,legacy_csv_runtime,6,126.0886699507389,general-conference/2013/10/the-windows-of-heaven
2013,10,saturday-morning,7,Dieter F. Uchtdorf,Dieter F. Uchtdorf,Second Counselor in the First Presidency,"Come, Join with Us","Regardless of your circumstances, your personal history, or the strength of your testimony, there is room for you in this Church.",https://www.churchofjesuschrist.org/study/general-conference/2013/10/come-join-with-us,2021.0,17:60,1079.766,ok,legacy runtime '17:60' (unparseable) replaced by official video duration,2013-10,4027,October,Second Counselor in the First Presidency,first_presidency_counselor,legacy_csv,video_data_duration,7,112.30210990158977,general-conference/2013/10/come-join-with-us
2013,10,sunday-afternoon,1,Quentin L. Cook,Quentin L. Cook,Of the Quorum of the Twelve Apostles,Lamentations of Jeremiah: Beware of Bondage,"Our challenge is to avoid bondage of any kind, help the Lord gather His elect, and sacrifice for the rising generation.",https://www.churchofjesuschrist.org/study/general-conference/2013/10/lamentations-of-jeremiah-beware-of-bondage,2027.0,14:32,872.0,ok,,2013-10,4027,October,Of the Quorum of the Twelve Apostles,twelve,legacy_csv,legacy_csv_runtime,1,139.4724770642202,general-conference/2013/10/lamentations-of-jeremiah-beware-of-bondage
2013,10,sunday-afternoon,2,Neil L. Andersen,Neil L. Andersen,Of the Quorum of the Twelve Apostles,Power in the Priesthood,"A man may open the drapes so the warm sunlight comes into the room, but the man does not own the sun or the light or the warmth it brings.",https://www.churchofjesuschrist.org/study/general-conference/2013/10/power-in-the-priesthood,1849.0,14:56,896.0,ok,,2013-10,4027,October,Of the Quorum of the Twelve Apostles,twelve,legacy_csv,legacy_csv_runtime,2,123.81696428571428,general-conference/2013/10/power-in-the-priesthood
2013,10,sunday-afternoon,3,David M. McConkie,David M. McConkie,First Counselor in the Sunday School General Presidency,Teaching with the Power and Authority of God,The Lord has provided the way for every worthy Latter-day Saint to teach in the Savior’s way.,https://www.churchofjesuschrist.org/study/general-conference/2013/10/teaching-with-the-power-and-authority-of-god,1431.0,10:43,643.0,ok,,2013-10,4027,October,First Counselor in the Sunday School General Presidency,auxiliary_counselor,legacy_csv,legacy_csv_runtime,3,133.5303265940902,general-conference/2013/10/teaching-with-the-power-and-authority-of-god
2013,10,sunday-afternoon,4,Kevin S. Hamilton,Kevin S. Hamilton,Of the Seventy,Continually Holding Fast,May we continually hold fast to the iron rod that leads to the presence of our Heavenly Father.,https://www.churchofjesuschrist.org/study/general-conference/2013/10/continually-holding-fast,1561.0,10:11,611.0,ok,,2013-10,4027,October,Of the Seventy,seventy,legacy_csv,legacy_csv_runtime,4,153.28968903436987,general-conference/2013/10/continually-holding-fast
2013,10,sunday-afternoon,5,Adrián Ochoa,Adrián Ochoa,Of the Seventy,Look Up,Today is the time to look to the Source of truth and ensure that our testimonies are strong.,https://www.churchofjesuschrist.org/study/general-conference/2013/10/look-up,1377.0,10:24,624.0,ok,,2013-10,4027,October,Of the Seventy,seventy,legacy_csv,legacy_csv_runtime,5,132.40384615384616,general-conference/2013/10/look-up
2013,10,sunday-afternoon,6,Terence M. Vinson,Terence M. Vinson,Of the Seventy,Drawing Closer to God,Our Savior wants us to really love Him to the point that we want to align our will with His.,https://www.churchofjesuschrist.org/study/general-conference/2013/10/drawing-closer-to-god,1510.0,10:18,618.0,ok,,2013-10,4027,October,Of the Seventy,seventy,legacy_csv,legacy_csv_runtime,6,146.6019417475728,general-conference/2013/10/drawing-closer-to-god
2013,10,sunday-afternoon,7,Russell M. Nelson,Russell M. Nelson,Of the Quorum of the Twelve Apostles,Decisions for Eternity,"The wise use of your freedom to make your own decisions is crucial to your spiritual growth, now and for eternity.",https://www.churchofjesuschrist.org/study/general-conference/2013/10/decisions-for-eternity,1485.0,14:25,865.0,ok,,2013-10,4027,October,Of the Quorum of the Twelve Apostles,twelve,legacy_csv,legacy_csv_runtime,7,103.00578034682081,general-conference/2013/10/decisions-for-eternity
2013,10,sunday-afternoon,8,Thomas S. Monson,Thomas S. Monson,President of the Church,Till We Meet Again,"May we show increased kindness toward one another, and may we ever be found doing the work of the Lord.",https://www.churchofjesuschrist.org/study/general-conference/2013/10/till-we-meet-again,339.0,,180.0,ok,legacy runtime nan (missing) replaced by official video duration,2013-10,4027,October,President of the Church,church_president,legacy_csv,video_data_duration,8,113.0,general-conference/2013/10/till-we-meet-again
2013,10,sunday-morning,1,Henry B. Eyring,Henry B. Eyring,First Counselor in the First Presidency,To My Grandchildren,There is one overarching commandment that will help us to meet the challenges and lead to the heart of a happy family life.,https://www.churchofjesuschrist.org/study/general-conference/2013/10/to-my-grandchildren,2178.0,16:46,1006.0,ok,,2013-10,4027,October,First Counselor in the First Presidency,first_presidency_counselor,legacy_csv,legacy_csv_runtime,1,129.9005964214712,general-conference/2013/10/to-my-grandchildren
2013,10,sunday-morning,2,Dallin H. Oaks,Dallin H. Oaks,Of the Quorum of the Twelve Apostles,No Other Gods,Are we serving priorities or gods ahead of the God we profess to worship?,https://www.churchofjesuschrist.org/study/general-conference/2013/10/no-other-gods,1883.0,16:44,1004.0,ok,,2013-10,4027,October,Of the Quorum of the Twelve Apostles,twelve,legacy_csv,legacy_csv_runtime,2,112.52988047808765,general-conference/2013/10/no-other-gods
2013,10,sunday-morning,3,Bonnie L. Oscarson,Bonnie L. Oscarson,Young Women General President,Be Ye Converted,"True conversion occurs as you continue to act upon the doctrines you know are true and keep the commandments, day after day, month after month.",https://www.churchofjesuschrist.org/study/general-conference/2013/10/be-ye-converted,1845.0,11:30,690.0,ok,,2013-10,4027,October,Young Women General President,auxiliary_president,legacy_csv,legacy_csv_runtime,3,160.43478260869566,general-conference/2013/10/be-ye-converted
2013,10,sunday-morning,4,Richard J. Maynes,Richard J. Maynes,Of the Presidency of the Seventy,The Strength to Endure,Our ability to endure to the end in righteousness will be in direct proportion to the strength of our testimony and the depth of our conversion.,https://www.churchofjesuschrist.org/study/general-conference/2013/10/the-strength-to-endure,1824.0,,785.0,ok,legacy runtime nan (missing) replaced by official video duration,2013-10,4027,October,Of the Presidency of the Seventy,seventy_presidency,legacy_csv,video_data_duration,4,139.4140127388535,general-conference/2013/10/the-strength-to-endure
2013,10,sunday-morning,5,Richard G. Scott,Richard G. Scott,Of the Quorum of the Twelve Apostles,Personal Strength through the Atonement of Jesus Christ,"Through the Atonement of Jesus Christ, each of us can become clean and the burden of our rebellion will be lifted.",https://www.churchofjesuschrist.org/study/general-conference/2013/10/personal-strength-through-the-atonement-of-jesus-christ,1588.0,15:26,926.0,ok,,2013-10,4027,October,Of the Quorum of the Twelve Apostles,twelve,legacy_csv,legacy_csv_runtime,5,102.89416846652267,general-conference/2013/10/personal-strength-through-the-atonement-of-jesus-christ
2013,10,sunday-morning,6,Thomas S. Monson,Thomas S. Monson,President of the Church,"“I Will Not Fail Thee, nor Forsake Thee”",Our Heavenly Father … knows that we learn and grow and become stronger as we face and survive the trials through which we must pass.,https://www.churchofjesuschrist.org/study/general-conference/2013/10/i-will-not-fail-thee-nor-forsake-thee,1937.0,18:16,1096.0,ok,,2013-10,4027,October,President of the Church,church_president,legacy_csv,legacy_csv_runtime,6,106.04014598540147,general-conference/2013/10/i-will-not-fail-thee-nor-forsake-thee
2014,4,priesthood,1,Dallin H. Oaks,Dallin H. Oaks,Of the Quorum of the Twelve Apostles,The Keys and Authority of the Priesthood,"Priesthood keys direct women as well as men, and priesthood ordinances and priesthood authority pertain to women as well as men.",https://www.churchofjesuschrist.org/study/general-conference/2014/04/the-keys-and-authority-of-the-priesthood,1921.0,16:21,981.0,ok,,2014-04,4028,April,Of the Quorum of the Twelve Apostles,twelve,legacy_csv,legacy_csv_runtime,1,117.49235474006115,general-conference/2014/04/the-keys-and-authority-of-the-priesthood
2014,4,priesthood,2,Donald L. Hallstrom,Donald L. Hallstrom,Of the Presidency of the Seventy,What Manner of Men?,What changes are required of us to become the manner of men we ought to be?,https://www.churchofjesuschrist.org/study/general-conference/2014/04/what-manner-of-men,1513.0,11:57,717.0,ok,,2014-04,4028,April,Of the Presidency of the Seventy,seventy_presidency,legacy_csv,legacy_csv_runtime,2,126.61087866108787,general-conference/2014/04/what-manner-of-men
2014,4,priesthood,3,Randall L. Ridd,Randall L. Ridd,Second Counselor in the Young Men General Presidency,The Choice Generation,You were chosen to participate in His work at this time because He trusts you to make the right choices.,https://www.churchofjesuschrist.org/study/general-conference/2014/04/the-choice-generation,1380.0,11:24,684.0,ok,,2014-04,4028,April,Second Counselor in the Young Men General Presidency,auxiliary_counselor,legacy_csv,legacy_csv_runtime,3,121.05263157894737,general-conference/2014/04/the-choice-generation
2014,4,priesthood,4,Dieter F. Uchtdorf,Dieter F. Uchtdorf,Second Counselor in the First Presidency,Are You Sleeping through the Restoration?,"There is too much at stake for us as individuals, as families, and as Christ’s Church to give only a halfhearted effort to this sacred work.",https://www.churchofjesuschrist.org/study/general-conference/2014/04/are-you-sleeping-through-the-restoration,1958.0,18:31,1111.0,ok,,2014-04,4028,April,Second Counselor in the First Presidency,first_presidency_counselor,legacy_csv,legacy_csv_runtime,4,105.74257425742574,general-conference/2014/04/are-you-sleeping-through-the-restoration
2014,4,priesthood,5,Henry B. Eyring,Henry B. Eyring,First Counselor in the First Presidency,The Priesthood Man,"You can be a great model, an average one, or a bad model. You may think it doesn’t matter to you, but it does to the Lord.",https://www.churchofjesuschrist.org/study/general-conference/2014/04/the-priesthood-man,2167.0,16:23,983.0,ok,,2014-04,4028,April,First Counselor in the First Presidency,first_presidency_counselor,legacy_csv,legacy_csv_runtime,5,132.26856561546288,general-conference/2014/04/the-priesthood-man
2014,4,priesthood,6,Thomas S. Monson,Thomas S. Monson,President of the Church,Be Strong and of a Good Courage,"Let us—all of us—have the courage to defy the consensus, the courage to stand for principle.",https://www.churchofjesuschrist.org/study/general-conference/2014/04/be-strong-and-of-a-good-courage,1813.0,16:18,978.0,ok,,2014-04,4028,April,President of the Church,church_president,legacy_csv,legacy_csv_runtime,6,111.22699386503066,general-conference/2014/04/be-strong-and-of-a-good-courage
2014,4,saturday-afternoon,1,Russell M. Nelson,Russell M. Nelson,Of the Quorum of the Twelve Apostles,Let Your Faith Show,"Day after day, on your path toward your eternal destiny, increase your faith. Proclaim your faith! Let your faith show!",https://www.churchofjesuschrist.org/study/general-conference/2014/04/let-your-faith-show,1536.0,14:56,896.0,ok,,2014-04,4028,April,Of the Quorum of the Twelve Apostles,twelve,legacy_csv,legacy_csv_runtime,1,102.85714285714286,general-conference/2014/04/let-your-faith-show
2014,4,saturday-afternoon,2,Richard G. Scott,Richard G. Scott,Of the Quorum of the Twelve Apostles,“I Have Given You an Example”,"The greatest example who ever walked the earth is our Savior, Jesus Christ. … He invites us to follow His perfect example.",https://www.churchofjesuschrist.org/study/general-conference/2014/04/i-have-given-you-an-example,1642.0,14:58,898.0,ok,,2014-04,4028,April,Of the Quorum of the Twelve Apostles,twelve,legacy_csv,legacy_csv_runtime,2,109.71046770601336,general-conference/2014/04/i-have-given-you-an-example
2014,4,saturday-afternoon,3,Robert D. Hales,Robert D. Hales,Of the Quorum of the Twelve Apostles,"“If Ye Love Me, Keep My Commandments”",Using our agency to obey means choosing to “do what is right [and letting] the consequence follow.”,https://www.churchofjesuschrist.org/study/general-conference/2014/04/if-ye-love-me-keep-my-commandments,1553.0,,965.931,ok,legacy runtime nan (missing) replaced by official video duration,2014-04,4028,April,Of the Quorum of the Twelve Apostles,twelve,legacy_csv,video_data_duration,3,96.4665177947493,general-conference/2014/04/if-ye-love-me-keep-my-commandments
2014,4,saturday-afternoon,4,Claudio D. Zivic,Claudio D. Zivic,Of the Seventy,Let’s Not Take the Wrong Way,I pray that we will not lose sight of the way so that we may always be connected with the heavens.,https://www.churchofjesuschrist.org/study/general-conference/2014/04/lets-not-take-the-wrong-way,1158.0,9:17,557.0,ok,,2014-04,4028,April,Of the Seventy,seventy,legacy_csv,legacy_csv_runtime,4,124.73967684021544,general-conference/2014/04/lets-not-take-the-wrong-way
2014,4,saturday-afternoon,5,W. Craig Zwick,W. Craig Zwick,Of the Seventy,What Are You Thinking?,"I plead with you to practice asking this question, with tender regard for another’s experience: “What are you thinking?”",https://www.churchofjesuschrist.org/study/general-conference/2014/04/what-are-you-thinking,1440.0,10:47,647.0,ok,,2014-04,4028,April,Of the Seventy,seventy,legacy_csv,legacy_csv_runtime,5,133.53941267387944,general-conference/2014/04/what-are-you-thinking
2014,4,saturday-afternoon,6,Quentin L. Cook,Quentin L. Cook,Of the Quorum of the Twelve Apostles,Roots and Branches,Hastening family history and temple work in our day is essential for the salvation and exaltation of families.,https://www.churchofjesuschrist.org/study/general-conference/2014/04/roots-and-branches,2076.0,16:24,984.0,ok,,2014-04,4028,April,Of the Quorum of the Twelve Apostles,twelve,legacy_csv,legacy_csv_runtime,6,126.58536585365854,general-conference/2014/04/roots-and-branches
2014,4,saturday-morning,1,Thomas S. Monson,Thomas S. Monson,President of the Church,Welcome to Conference,We are … united in our faith and in our desire to listen to and learn from the messages which will be presented to us.,https://www.churchofjesuschrist.org/study/general-conference/2014/04/welcome-to-conference,507.0,4:34,274.0,ok,,2014-04,4028,April,President of the Church,church_president,legacy_csv,legacy_csv_runtime,1,111.02189781021899,general-conference/2014/04/welcome-to-conference
2014,4,saturday-morning,2,Jeffrey R. Holland,Jeffrey R. Holland,Of the Quorum of the Twelve Apostles,The Cost—and Blessings—of Discipleship,Be strong. Live the gospel faithfully even if others around you don’t live it at all.,https://www.churchofjesuschrist.org/study/general-conference/2014/04/the-cost-and-blessings-of-discipleship,1695.0,14:45,885.0,ok,,2014-04,4028,April,Of the Quorum of the Twelve Apostles,twelve,legacy_csv,legacy_csv_runtime,2,114.91525423728814,general-conference/2014/04/the-cost-and-blessings-of-discipleship
2014,4,saturday-morning,3,Ronald A. Rasband,Ronald A. Rasband,Of the Presidency of the Seventy,The Joyful Burden of Discipleship,To sustain our leaders is a privilege; it comes coupled with a personal responsibility to share their burden and to be disciples of the Lord.,https://www.churchofjesuschrist.org/study/general-conference/2014/04/the-joyful-burden-of-discipleship,1418.0,,668.0,ok,legacy runtime nan (missing) replaced by official video duration,2014-04,4028,April,Of the Presidency of the Seventy,seventy_presidency,legacy_csv,video_data_duration,3,127.36526946107784,general-conference/2014/04/the-joyful-burden-of-discipleship
2014,4,saturday-morning,4,Carlos H. Amado,Carlos H. Amado,Of the Seventy,Christ the Redeemer,"[The Redeemer’s] sacrifice blessed everyone, from Adam, the first, to the last of all human beings.",https://www.churchofjesuschrist.org/study/general-conference/2014/04/christ-the-redeemer,1407.0,10:28,628.0,ok,,2014-04,4028,April,Of the Seventy,seventy,legacy_csv,legacy_csv_runtime,4,134.42675159235668,general-conference/2014/04/christ-the-redeemer
2014,4,saturday-morning,5,Linda S. Reeves,Linda S. Reeves,Second Counselor in the Relief Society General Presidency,Protection from Pornography—a Christ-Focused Home,The greatest filter in the world … is the personal internal filter that comes from a deep and abiding testimony.,https://www.churchofjesuschrist.org/study/general-conference/2014/04/protection-from-pornography-a-christ-focused-home,1476.0,12:13,733.0,ok,,2014-04,4028,April,Second Counselor in the Relief Society General Presidency,auxiliary_counselor,legacy_csv,legacy_csv_runtime,5,120.81855388813096,general-conference/2014/04/protection-from-pornography-a-christ-focused-home
2014,4,saturday-morning,6,Neil L. Andersen,Neil L. Andersen,Of the Quorum of the Twelve Apostles,Spiritual Whirlwinds,Don’t let the whirlwinds drag you down. These are your days—to stand strong as disciples of the Lord Jesus Christ.,https://www.churchofjesuschrist.org/study/general-conference/2014/04/spiritual-whirlwinds,1924.0,15:54,954.0,ok,,2014-04,4028,April,Of the Quorum of the Twelve Apostles,twelve,legacy_csv,legacy_csv_runtime,6,121.0062893081761,general-conference/2014/04/spiritual-whirlwinds
2014,4,saturday-morning,7,Henry B. Eyring,Henry B. Eyring,First Counselor in the First Presidency,A Priceless Heritage of Hope,"When you choose whether to make or keep a covenant with God, you choose whether you will leave an inheritance of hope to those who might follow your example.",https://www.churchofjesuschrist.org/study/general-conference/2014/04/a-priceless-heritage-of-hope,2628.0,20:48,1248.0,ok,,2014-04,4028,April,First Counselor in the First Presidency,first_presidency_counselor,legacy_csv,legacy_csv_runtime,7,126.34615384615384,general-conference/2014/04/a-priceless-heritage-of-hope
2014,4,sunday-afternoon,1,Boyd K. Packer,Boyd K. Packer,President of the Quorum of the Twelve Apostles,The Witness,I wish to share with you those truths which are the most worth knowing.,https://www.churchofjesuschrist.org/study/general-conference/2014/04/the-witness,1800.0,14:43,883.0,ok,,2014-04,4028,April,President of the Quorum of the Twelve Apostles,twelve_president,legacy_csv,legacy_csv_runtime,1,122.31030577576443,general-conference/2014/04/the-witness
2014,4,sunday-afternoon,2,William R. Walker,William R. Walker,Of the Seventy,Live True to the Faith,Each of us will be greatly blessed if we know the stories of faith and sacrifice that led our forefathers to join the Lord’s Church.,https://www.churchofjesuschrist.org/study/general-conference/2014/04/live-true-to-the-faith,1679.0,,666.0,ok,legacy runtime nan (missing) replaced by official video duration,2014-04,4028,April,Of the Seventy,seventy,legacy_csv,video_data_duration,2,151.26126126126127,general-conference/2014/04/live-true-to-the-faith
2014,4,sunday-afternoon,3,L. Tom Perry,L. Tom Perry,Of the Quorum of the Twelve Apostles,Obedience through Our Faithfulness,"Obedience is an emblem of our faith in the wisdom and power of the highest authority, even God.",https://www.churchofjesuschrist.org/study/general-conference/2014/04/obedience-through-our-faithfulness,1800.0,14:57,897.0,ok,,2014-04,4028,April,Of the Quorum of the Twelve Apostles,twelve,legacy_csv,legacy_csv_runtime,3,120.40133779264215,general-conference/2014/04/obedience-through-our-faithfulness
2014,4,sunday-afternoon,4,Lawrence E. Corbridge,Lawrence E. Corbridge,Of the Seventy,The Prophet Joseph Smith,The revelations poured out upon Joseph Smith affirm that he was a prophet of God.,https://www.churchofjesuschrist.org/study/general-conference/2014/04/the-prophet-joseph-smith,1332.0,10:44,644.0,ok,,2014-04,4028,April,Of the Seventy,seventy,legacy_csv,legacy_csv_runtime,4,124.09937888198759,general-conference/2014/04/the-prophet-joseph-smith
2014,4,sunday-afternoon,5,Michael John U. Teh,Michael John U. Teh,Of the Seventy,Where Your Treasure Is,"If we are not careful, we will begin to chase after the temporal more than the spiritual.",https://www.churchofjesuschrist.org/study/general-conference/2014/04/where-your-treasure-is,1349.0,9:27,567.0,ok,,2014-04,4028,April,Of the Seventy,seventy,legacy_csv,legacy_csv_runtime,5,142.75132275132276,general-conference/2014/04/where-your-treasure-is
2014,4,sunday-afternoon,6,Marcos A. Aidukaitis,Marcos A. Aidukaitis,Of the Seventy,If Ye Lack Wisdom,God will reveal truth to those who seek for it as prescribed in the scriptures.,https://www.churchofjesuschrist.org/study/general-conference/2014/04/if-ye-lack-wisdom,1444.0,10:11,611.0,ok,,2014-04,4028,April,Of the Seventy,seventy,legacy_csv,legacy_csv_runtime,6,141.80032733224223,general-conference/2014/04/if-ye-lack-wisdom
2014,4,sunday-afternoon,7,D. Todd Christofferson,D. Todd Christofferson,Of the Quorum of the Twelve Apostles,The Resurrection of Jesus Christ,"Jesus of Nazareth is the resurrected Redeemer, and I testify of all that follows from the fact of His Resurrection.",https://www.churchofjesuschrist.org/study/general-conference/2014/04/the-resurrection-of-jesus-christ,2089.0,15:42,942.0,ok,,2014-04,4028,April,Of the Quorum of the Twelve Apostles,twelve,legacy_csv,legacy_csv_runtime,7,133.05732484076432,general-conference/2014/04/the-resurrection-of-jesus-christ
2014,4,sunday-afternoon,8,Thomas S. Monson,Thomas S. Monson,President of the Church,Until We Meet Again,May the Spirit we have felt during these past two days be and abide with us as we go about those things which occupy us each day.,https://www.churchofjesuschrist.org/study/general-conference/2014/04/until-we-meet-again,519.0,,245.378,ok,legacy runtime nan (missing) replaced by official video duration,2014-04,4028,April,President of the Church,church_president,legacy_csv,video_data_duration,8,126.90624261343723,general-conference/2014/04/until-we-meet-again
2014,4,sunday-morning,1,Dieter F. Uchtdorf,Dieter F. Uchtdorf,Second Counselor in the First Presidency,Grateful in Any Circumstances,"Have we not reason to be filled with gratitude, regardless of the circumstances in which we find ourselves?",https://www.churchofjesuschrist.org/study/general-conference/2014/04/grateful-in-any-circumstances,1873.0,16:59,1019.0,ok,,2014-04,4028,April,Second Counselor in the First Presidency,first_presidency_counselor,legacy_csv,legacy_csv_runtime,1,110.2845927379784,general-conference/2014/04/grateful-in-any-circumstances
2014,4,sunday-morning,2,M. Russell Ballard,M. Russell Ballard,Of the Quorum of the Twelve Apostles,Following Up,We can all be more consistently involved in missionary work by replacing our fear with real faith.,https://www.churchofjesuschrist.org/study/general-conference/2014/04/following-up,1903.0,,962.795,ok,legacy runtime nan (missing) replaced by official video duration,2014-04,4028,April,Of the Quorum of the Twelve Apostles,twelve,legacy_csv,video_data_duration,2,118.59222368209224,general-conference/2014/04/following-up
2014,4,sunday-morning,3,Jean A. Stevens,Jean A. Stevens,First Counselor in the Primary General Presidency,“Fear Not; I Am with Thee”,"As we develop greater faith and trust in the Lord, we can access His power to bless and deliver us.",https://www.churchofjesuschrist.org/study/general-conference/2014/04/fear-not-i-am-with-thee,1610.0,,668.434,ok,legacy runtime nan (missing) replaced by official video duration,2014-04,4028,April,First Counselor in the Primary General Presidency,auxiliary_counselor,legacy_csv,video_data_duration,3,144.5168857359141,general-conference/2014/04/fear-not-i-am-with-thee
2014,4,sunday-morning,4,Gary E. Stevenson,Gary E. Stevenson,Presiding Bishop,Your Four Minutes,The miracle of the Atonement can make up for imperfections in our performance.,https://www.churchofjesuschrist.org/study/general-conference/2014/04/your-four-minutes,1567.0,11:14,674.0,ok,,2014-04,4028,April,Presiding Bishop,presiding_bishopric,legacy_csv,legacy_csv_runtime,4,139.49554896142433,general-conference/2014/04/your-four-minutes
2014,4,sunday-morning,5,David A. Bednar,David A. Bednar,Of the Quorum of the Twelve Apostles,Bear Up Their Burdens with Ease,"The unique burdens in each of our lives help us to rely upon the merits, mercy, and grace of the Holy Messiah.",https://www.churchofjesuschrist.org/study/general-conference/2014/04/bear-up-their-burdens-with-ease,2100.0,16:23,983.0,ok,,2014-04,4028,April,Of the Quorum of the Twelve Apostles,twelve,legacy_csv,legacy_csv_runtime,5,128.17904374364193,general-conference/2014/04/bear-up-their-burdens-with-ease
2014,4,sunday-morning,6,Thomas S. Monson,Thomas S. Monson,President of the Church,Love—the Essence of the Gospel,We cannot truly love God if we do not love our fellow travelers on this mortal journey.,https://www.churchofjesuschrist.org/study/general-conference/2014/04/love-the-essence-of-the-gospel,1851.0,15:53,953.0,ok,,2014-04,4028,April,President of the Church,church_president,legacy_csv,legacy_csv_runtime,6,116.53725078698847,general-conference/2014/04/love-the-essence-of-the-gospel
2014,4,womens,1,Rosemary M. Wixom,Rosemary M. Wixom,Primary General President,"Keeping Covenants Protects Us, Prepares Us, and Empowers Us",We are covenant-making women of all ages walking the path of mortality back to His presence.,https://www.churchofjesuschrist.org/study/general-conference/2014/04/keeping-covenants-protects-us-prepares-us-and-empowers-us,1422.0,11:12,672.0,ok,,2014-04,4028,April,Primary General President,auxiliary_president,legacy_csv,legacy_csv_runtime,1,126.96428571428572,general-conference/2014/04/keeping-covenants-protects-us-prepares-us-and-empowers-us
2014,4,womens,2,Bonnie L. Oscarson,Bonnie L. Oscarson,Young Women General President,"Sisterhood: Oh, How We Need Each Other",We must stop concentrating on our differences and look for what we have in common.,https://www.churchofjesuschrist.org/study/general-conference/2014/04/sisterhood-oh-how-we-need-each-other,1753.0,11:19,679.0,ok,,2014-04,4028,April,Young Women General President,auxiliary_president,legacy_csv,legacy_csv_runtime,2,154.90427098674522,general-conference/2014/04/sisterhood-oh-how-we-need-each-other
2014,4,womens,3,Linda K. Burton,Linda K. Burton,Relief Society General President,Wanted: Hands and Hearts to Hasten the Work,We can offer hands to help and hearts to hasten Heavenly Father’s wonderful work.,https://www.churchofjesuschrist.org/study/general-conference/2014/04/wanted-hands-and-hearts-to-hasten-the-work,1480.0,10:28,628.0,ok,,2014-04,4028,April,Relief Society General President,auxiliary_president,legacy_csv,legacy_csv_runtime,3,141.40127388535032,general-conference/2014/04/wanted-hands-and-hearts-to-hasten-the-work
2014,4,womens,4,Henry B. Eyring,Henry B. Eyring,First Counselor in the First Presidency,Daughters in the Covenant,The path … we must take on our journey back to our Heavenly Father … is marked by sacred covenants with God.,https://www.churchofjesuschrist.org/study/general-conference/2014/04/daughters-in-the-covenant,2257.0,,1027.0,ok,legacy runtime nan (missing) replaced by official video duration,2014-04,4028,April,First Counselor in the First Presidency,first_presidency_counselor,legacy_csv,video_data_duration,4,131.8597857838364,general-conference/2014/04/daughters-in-the-covenant
2014,10,priesthood,1,Quentin L. Cook,Quentin L. Cook,Of the Quorum of the Twelve Apostles,Choose Wisely,"“Refuse the evil, and choose the good” (Isaiah 7:15).",https://www.churchofjesuschrist.org/study/general-conference/2014/10/choose-wisely,2107.0,15:20,920.0,ok,,2014-10,4029,October,Of the Quorum of the Twelve Apostles,twelve,legacy_csv,legacy_csv_runtime,1,137.41304347826087,general-conference/2014/10/choose-wisely
2014,10,priesthood,2,Craig C. Christensen,Craig C. Christensen,Of the Presidency of the Seventy,I Know These Things of Myself,Learning for ourselves that the restored gospel of Jesus Christ is true can be one of the greatest and most joyful experiences in life.,https://www.churchofjesuschrist.org/study/general-conference/2014/10/i-know-these-things-of-myself,1799.0,11:55,715.0,ok,,2014-10,4029,October,Of the Presidency of the Seventy,seventy_presidency,legacy_csv,legacy_csv_runtime,2,150.96503496503496,general-conference/2014/10/i-know-these-things-of-myself
2014,10,priesthood,3,Dean M. Davies,Dean M. Davies,Second Counselor in the Presiding Bishopric,The Law of the Fast: A Personal Responsibility to Care for the Poor and Needy,"As followers of the Savior, we have a personal responsibility to care for the poor and needy.",https://www.churchofjesuschrist.org/study/general-conference/2014/10/the-law-of-the-fast-a-personal-responsibility-to-care-for-the-poor-and-needy,1651.0,11:33,693.0,ok,,2014-10,4029,October,Second Counselor in the Presiding Bishopric,presiding_bishopric,legacy_csv,legacy_csv_runtime,3,142.94372294372295,general-conference/2014/10/the-law-of-the-fast-a-personal-responsibility-to-care-for-the-poor-and-needy
2014,10,priesthood,4,Dieter F. Uchtdorf,Dieter F. Uchtdorf,Second Counselor in the First Presidency,"“Lord, Is It I?”","We must put aside our pride, see beyond our vanity, and in humility ask, “Lord, is it I?”",https://www.churchofjesuschrist.org/study/general-conference/2014/10/lord-is-it-i,1901.0,18:18,1098.0,ok,,2014-10,4029,October,Second Counselor in the First Presidency,first_presidency_counselor,legacy_csv,legacy_csv_runtime,4,103.87978142076503,general-conference/2014/10/lord-is-it-i
2014,10,priesthood,5,Henry B. Eyring,Henry B. Eyring,First Counselor in the First Presidency,The Preparatory Priesthood,"In priesthood preparation, “show me” counts more than “tell me.”",https://www.churchofjesuschrist.org/study/general-conference/2014/10/the-preparatory-priesthood,2285.0,16:54,1014.0,ok,,2014-10,4029,October,First Counselor in the First Presidency,first_presidency_counselor,legacy_csv,legacy_csv_runtime,5,135.207100591716,general-conference/2014/10/the-preparatory-priesthood
2014,10,priesthood,6,Thomas S. Monson,Thomas S. Monson,President of the Church,Guided Safely Home,"We look heavenward for that unfailing sense of direction, that we might chart and follow a wise and proper course.",https://www.churchofjesuschrist.org/study/general-conference/2014/10/guided-safely-home,1602.0,,841.473,ok,legacy runtime nan (missing) replaced by official video duration,2014-10,4029,October,President of the Church,church_president,legacy_csv,video_data_duration,6,114.22826400847086,general-conference/2014/10/guided-safely-home
2014,10,saturday-afternoon,1,Dallin H. Oaks,Dallin H. Oaks,Of the Quorum of the Twelve Apostles,Loving Others and Living with Differences,As followers of Christ we should live peacefully with others who do not share our values or accept the teachings upon which they are based.,https://www.churchofjesuschrist.org/study/general-conference/2014/10/loving-others-and-living-with-differences,1868.0,15:12,912.0,ok,,2014-10,4029,October,Of the Quorum of the Twelve Apostles,twelve,legacy_csv,legacy_csv_runtime,1,122.89473684210527,general-conference/2014/10/loving-others-and-living-with-differences
2014,10,saturday-afternoon,2,Neil L. Andersen,Neil L. Andersen,Of the Quorum of the Twelve Apostles,Joseph Smith,"Jesus Christ chose a holy man, a righteous man, to lead the Restoration of the fulness of His gospel. He chose Joseph Smith.",https://www.churchofjesuschrist.org/study/general-conference/2014/10/joseph-smith,1845.0,14:49,889.0,ok,,2014-10,4029,October,Of the Quorum of the Twelve Apostles,twelve,legacy_csv,legacy_csv_runtime,2,124.52193475815523,general-conference/2014/10/joseph-smith
2014,10,saturday-afternoon,3,Tad R. Callister,Tad R. Callister,Sunday School General President,Parents: The Prime Gospel Teachers of Their Children,"When all is said and done, the home is the ideal forum for teaching the gospel of Jesus Christ.",https://www.churchofjesuschrist.org/study/general-conference/2014/10/parents-the-prime-gospel-teachers-of-their-children,1518.0,9:40,580.0,ok,,2014-10,4029,October,Sunday School General President,auxiliary_president,legacy_csv,legacy_csv_runtime,3,157.0344827586207,general-conference/2014/10/parents-the-prime-gospel-teachers-of-their-children
2014,10,saturday-afternoon,4,Jörg Klebingat,Jörg Klebingat,Of the Seventy,Approaching the Throne of God with Confidence,"By applying the Atonement of Jesus Christ, you can begin increasing your spiritual confidence today if you are willing to listen and act.",https://www.churchofjesuschrist.org/study/general-conference/2014/10/approaching-the-throne-of-god-with-confidence,1703.0,10:23,623.0,ok,,2014-10,4029,October,Of the Seventy,seventy,legacy_csv,legacy_csv_runtime,4,164.0128410914928,general-conference/2014/10/approaching-the-throne-of-god-with-confidence
2014,10,saturday-afternoon,5,Eduardo Gavarret,Eduardo Gavarret,Of the Seventy,"Yes, Lord, I Will Follow Thee","The Lord invites us using various verbs: “Come unto me,” “Follow me,” “Walk with me.” In each case it is an invitation to act.",https://www.churchofjesuschrist.org/study/general-conference/2014/10/yes-lord-i-will-follow-thee,1462.0,10:59,659.0,ok,,2014-10,4029,October,Of the Seventy,seventy,legacy_csv,legacy_csv_runtime,5,133.11077389984825,general-conference/2014/10/yes-lord-i-will-follow-thee
2014,10,saturday-afternoon,6,Jeffrey R. Holland,Jeffrey R. Holland,Of the Quorum of the Twelve Apostles,Are We Not All Beggars?,"Rich or poor, we are to “do what we can” when others are in need.",https://www.churchofjesuschrist.org/study/general-conference/2014/10/are-we-not-all-beggars,1673.0,15:41,941.0,ok,,2014-10,4029,October,Of the Quorum of the Twelve Apostles,twelve,legacy_csv,legacy_csv_runtime,6,106.67375132837407,general-conference/2014/10/are-we-not-all-beggars
2014,10,saturday-afternoon,7,L. Tom Perry,L. Tom Perry,Of the Quorum of the Twelve Apostles,Finding Lasting Peace and Building Eternal Families,It is the gospel of Jesus Christ that provides the foundation upon which we can find lasting peace and build eternal family units.,https://www.churchofjesuschrist.org/study/general-conference/2014/10/finding-lasting-peace-and-building-eternal-families,1910.0,,906.405,ok,legacy runtime nan (missing) replaced by official video duration,2014-10,4029,October,Of the Quorum of the Twelve Apostles,twelve,legacy_csv,video_data_duration,7,126.43354791732173,general-conference/2014/10/finding-lasting-peace-and-building-eternal-families
2014,10,saturday-morning,1,Thomas S. Monson,Thomas S. Monson,President of the Church,Welcome to Conference,"As we listen, may our hearts be touched and our faith increased.",https://www.churchofjesuschrist.org/study/general-conference/2014/10/welcome-to-conference,567.0,4:54,294.0,ok,,2014-10,4029,October,President of the Church,church_president,legacy_csv,legacy_csv_runtime,1,115.71428571428571,general-conference/2014/10/welcome-to-conference
2014,10,saturday-morning,2,Boyd K. Packer,Boyd K. Packer,President of the Quorum of the Twelve Apostles,The Reason for Our Hope,A testimony of the hope of redemption is something which cannot be measured or counted. Jesus Christ is the source of that hope.,https://www.churchofjesuschrist.org/study/general-conference/2014/10/the-reason-for-our-hope,1588.0,12:50,770.0,ok,,2014-10,4029,October,President of the Quorum of the Twelve Apostles,twelve_president,legacy_csv,legacy_csv_runtime,2,123.74025974025973,general-conference/2014/10/the-reason-for-our-hope
2014,10,saturday-morning,3,Lynn G. Robbins,Lynn G. Robbins,Of the Presidency of the Seventy,Which Way Do You Face?,Trying to please others before pleasing God is inverting the first and second great commandments.,https://www.churchofjesuschrist.org/study/general-conference/2014/10/which-way-do-you-face,1733.0,10:59,659.0,ok,,2014-10,4029,October,Of the Presidency of the Seventy,seventy_presidency,legacy_csv,legacy_csv_runtime,3,157.7845220030349,general-conference/2014/10/which-way-do-you-face
2014,10,saturday-morning,4,Cheryl A. Esplin,Cheryl A. Esplin,Second Counselor in the Primary General Presidency,The Sacrament—a Renewal for the Soul,The Spirit heals and renews our souls. The promised blessing of the sacrament is that we will “always have his Spirit to be with [us].”,https://www.churchofjesuschrist.org/study/general-conference/2014/10/the-sacrament-a-renewal-for-the-soul,1322.0,10:39,639.0,ok,,2014-10,4029,October,Second Counselor in the Primary General Presidency,auxiliary_counselor,legacy_csv,legacy_csv_runtime,4,124.13145539906102,general-conference/2014/10/the-sacrament-a-renewal-for-the-soul
2014,10,saturday-morning,5,Chi Hong (Sam) Wong,Chi Hong (Sam) Wong,Of the Seventy,Rescue in Unity,"In order to assist the Savior, we have to work together in unity and in harmony. Everyone, every position, and every calling is important.",https://www.churchofjesuschrist.org/study/general-conference/2014/10/rescue-in-unity,1131.0,10:38,638.0,ok,,2014-10,4029,October,Of the Seventy,seventy,legacy_csv,legacy_csv_runtime,5,106.36363636363637,general-conference/2014/10/rescue-in-unity
2014,10,saturday-morning,6,D. Todd Christofferson,D. Todd Christofferson,Of the Quorum of the Twelve Apostles,"Free Forever, to Act for Themselves",It is God’s will that we be free men and women enabled to rise to our full potential both temporally and spiritually.,https://www.churchofjesuschrist.org/study/general-conference/2014/10/free-forever-to-act-for-themselves,2042.0,14:51,891.0,ok,,2014-10,4029,October,Of the Quorum of the Twelve Apostles,twelve,legacy_csv,legacy_csv_runtime,6,137.50841750841752,general-conference/2014/10/free-forever-to-act-for-themselves
2014,10,saturday-morning,7,Dieter F. Uchtdorf,Dieter F. Uchtdorf,Second Counselor in the First Presidency,Receiving a Testimony of Light and Truth,"Your personal testimony of light and truth will not only bless you and your posterity here in mortality, but it will also accompany you throughout all eternity.",https://www.churchofjesuschrist.org/study/general-conference/2014/10/receiving-a-testimony-of-light-and-truth,1960.0,1:23,,implausible,,2014-10,4029,October,Second Counselor in the First Presidency,first_presidency_counselor,legacy_csv,legacy_csv_runtime,7,,general-conference/2014/10/receiving-a-testimony-of-light-and-truth
2014,10,sunday-afternoon,1,M. Russell Ballard,M. Russell Ballard,Of the Quorum of the Twelve Apostles,Stay in the Boat and Hold On!,"If we keep our focus on the Lord, we are promised a blessing beyond comparison.",https://www.churchofjesuschrist.org/study/general-conference/2014/10/stay-in-the-boat-and-hold-on,1845.0,16:16,976.0,ok,,2014-10,4029,October,Of the Quorum of the Twelve Apostles,twelve,legacy_csv,legacy_csv_runtime,1,113.422131147541,general-conference/2014/10/stay-in-the-boat-and-hold-on
2014,10,sunday-afternoon,2,Richard G. Scott,Richard G. Scott,Of the Quorum of the Twelve Apostles,Make the Exercise of Faith Your First Priority,"Despite all of the negative challenges we have in life, we must take time to actively exercise our faith.",https://www.churchofjesuschrist.org/study/general-conference/2014/10/make-the-exercise-of-faith-your-first-priority,1539.0,,905.337,ok,legacy runtime nan (missing) replaced by official video duration,2014-10,4029,October,Of the Quorum of the Twelve Apostles,twelve,legacy_csv,video_data_duration,2,101.99516864990605,general-conference/2014/10/make-the-exercise-of-faith-your-first-priority
2014,10,sunday-afternoon,3,Carlos A. Godoy,Carlos A. Godoy,Of the Seventy,The Lord Has a Plan for Us!,"If we continue to live as we are living, will the promised blessings be fulfilled?",https://www.churchofjesuschrist.org/study/general-conference/2014/10/the-lord-has-a-plan-for-us,1619.0,11:16,676.0,ok,,2014-10,4029,October,Of the Seventy,seventy,legacy_csv,legacy_csv_runtime,3,143.698224852071,general-conference/2014/10/the-lord-has-a-plan-for-us
2014,10,sunday-afternoon,4,Allan F. Packer,Allan F. Packer,Of the Seventy,The Book,Family history and temple work should be a regular part of our personal worship.,https://www.churchofjesuschrist.org/study/general-conference/2014/10/the-book,1388.0,11:37,697.0,ok,,2014-10,4029,October,Of the Seventy,seventy,legacy_csv,legacy_csv_runtime,4,119.48350071736012,general-conference/2014/10/the-book
2014,10,sunday-afternoon,5,Hugo E. Martinez,Hugo E. Martinez,Of the Seventy,Our Personal Ministries,The love of Jesus Christ must be our guide if we are to become aware of the needs of those we can help in some way.,https://www.churchofjesuschrist.org/study/general-conference/2014/10/our-personal-ministries,1325.0,10:23,623.0,ok,,2014-10,4029,October,Of the Seventy,seventy,legacy_csv,legacy_csv_runtime,5,127.60834670947031,general-conference/2014/10/our-personal-ministries
2014,10,sunday-afternoon,6,Larry S. Kacher,Larry S. Kacher,Of the Seventy,Trifle Not with Sacred Things,"Examine your choices by asking yourself the question, “Are my decisions firmly planted in the rich soil of the gospel of Jesus Christ?”",https://www.churchofjesuschrist.org/study/general-conference/2014/10/trifle-not-with-sacred-things,1644.0,10:43,643.0,ok,,2014-10,4029,October,Of the Seventy,seventy,legacy_csv,legacy_csv_runtime,6,153.40590979782272,general-conference/2014/10/trifle-not-with-sacred-things
2014,10,sunday-afternoon,7,David A. Bednar,David A. Bednar,Of the Quorum of the Twelve Apostles,Come and See,The Church of Jesus Christ always has been and always will be a missionary church.,https://www.churchofjesuschrist.org/study/general-conference/2014/10/come-and-see,2028.0,15:28,928.0,ok,,2014-10,4029,October,Of the Quorum of the Twelve Apostles,twelve,legacy_csv,legacy_csv_runtime,7,131.1206896551724,general-conference/2014/10/come-and-see
2014,10,sunday-afternoon,8,Thomas S. Monson,Thomas S. Monson,President of the Church,Until We Meet Again,"May we all ponder the truths we have heard, and may they help us to become even more valiant disciples.",https://www.churchofjesuschrist.org/study/general-conference/2014/10/until-we-meet-again,442.0,3:25,205.0,ok,,2014-10,4029,October,President of the Church,church_president,legacy_csv,legacy_csv_runtime,8,129.3658536585366,general-conference/2014/10/until-we-meet-again
2014,10,sunday-morning,1,Henry B. Eyring,Henry B. Eyring,First Counselor in the First Presidency,Continuing Revelation,Human judgment and logical thinking will not be enough to get answers to the questions that matter most in life. We need revelation from God.,https://www.churchofjesuschrist.org/study/general-conference/2014/10/continuing-revelation,2412.0,17:30,1050.0,ok,,2014-10,4029,October,First Counselor in the First Presidency,first_presidency_counselor,legacy_csv,legacy_csv_runtime,1,137.82857142857142,general-conference/2014/10/continuing-revelation
2014,10,sunday-morning,2,Russell M. Nelson,Russell M. Nelson,Of the Quorum of the Twelve Apostles,Sustaining the Prophets,Our sustaining of prophets is a personal commitment that we will do our utmost to uphold their prophetic priorities.,https://www.churchofjesuschrist.org/study/general-conference/2014/10/sustaining-the-prophets,1630.0,15:20,920.0,ok,,2014-10,4029,October,Of the Quorum of the Twelve Apostles,twelve,legacy_csv,legacy_csv_runtime,2,106.30434782608695,general-conference/2014/10/sustaining-the-prophets
2014,10,sunday-morning,3,Carol F. McConkie,Carol F. McConkie,First Counselor in the Young Women General Presidency,Live according to the Words of the Prophets,"To be in harmony with heaven’s divine purposes, we sustain the prophet and choose to live according to his words.",https://www.churchofjesuschrist.org/study/general-conference/2014/10/live-according-to-the-words-of-the-prophets,1466.0,10:41,641.0,ok,,2014-10,4029,October,First Counselor in the Young Women General Presidency,auxiliary_counselor,legacy_csv,legacy_csv_runtime,3,137.22308892355693,general-conference/2014/10/live-according-to-the-words-of-the-prophets
2014,10,sunday-morning,4,Robert D. Hales,Robert D. Hales,Of the Quorum of the Twelve Apostles,"Eternal Life—to Know Our Heavenly Father and His Son, Jesus Christ","God and Christ are literally a Father and a Son—separate, distinct, individual beings who are wholly unified in Their purpose.",https://www.churchofjesuschrist.org/study/general-conference/2014/10/eternal-life-to-know-our-heavenly-father-and-his-son-jesus-christ,1571.0,14:35,875.0,ok,,2014-10,4029,October,Of the Quorum of the Twelve Apostles,twelve,legacy_csv,legacy_csv_runtime,4,107.72571428571428,general-conference/2014/10/eternal-life-to-know-our-heavenly-father-and-his-son-jesus-christ
2014,10,sunday-morning,5,James J. Hamula,James J. Hamula,Of the Seventy,The Sacrament and the Atonement,The ordinance of the sacrament needs to become more holy and sacred to each of us.,https://www.churchofjesuschrist.org/study/general-conference/2014/10/the-sacrament-and-the-atonement,1522.0,,725.0,ok,legacy runtime nan (missing) replaced by official video duration,2014-10,4029,October,Of the Seventy,seventy,legacy_csv,video_data_duration,5,125.95862068965516,general-conference/2014/10/the-sacrament-and-the-atonement
2014,10,sunday-morning,6,Thomas S. Monson,Thomas S. Monson,President of the Church,Ponder the Path of Thy Feet,"As we look to Jesus as our Exemplar and as we follow in His footsteps, we can return safely to our Heavenly Father.",https://www.churchofjesuschrist.org/study/general-conference/2014/10/ponder-the-path-of-thy-feet,1719.0,14:26,866.0,ok,,2014-10,4029,October,President of the Church,church_president,legacy_csv,legacy_csv_runtime,6,119.09930715935334,general-conference/2014/10/ponder-the-path-of-thy-feet
2014,10,womens,1,Linda K. Burton,Linda K. Burton,Relief Society General President,Prepared in a Manner That Never Had Been Known,May we prepare to worthily receive saving ordinances drop by drop and keep the associated covenants wholeheartedly.,https://www.churchofjesuschrist.org/study/general-conference/2014/10/prepared-in-a-manner-that-never-had-been-known,1579.0,10:11,611.0,ok,,2014-10,4029,October,Relief Society General President,auxiliary_president,legacy_csv,legacy_csv_runtime,1,155.0572831423895,general-conference/2014/10/prepared-in-a-manner-that-never-had-been-known
2014,10,womens,2,Jean A. Stevens,Jean A. Stevens,First Counselor in the Primary General Presidency,Covenant Daughters of God,"When daughters of God focus on the temple and on their sacred covenants, God is able to send blessings in personal and powerful ways.",https://www.churchofjesuschrist.org/study/general-conference/2014/10/covenant-daughters-of-god,1735.0,,787.52,ok,legacy runtime nan (missing) replaced by official video duration,2014-10,4029,October,First Counselor in the Primary General Presidency,auxiliary_counselor,legacy_csv,video_data_duration,2,132.18711905729378,general-conference/2014/10/covenant-daughters-of-god
2014,10,womens,3,Neill F. Marriott,Neill F. Marriott,Second Counselor in the Young Women General Presidency,Sharing Your Light,We must stand firm in our faith and lift our voices to proclaim true doctrine.,https://www.churchofjesuschrist.org/study/general-conference/2014/10/sharing-your-light,1663.0,12:18,738.0,ok,,2014-10,4029,October,Second Counselor in the Young Women General Presidency,auxiliary_counselor,legacy_csv,legacy_csv_runtime,3,135.2032520325203,general-conference/2014/10/sharing-your-light
2014,10,womens,4,Dieter F. Uchtdorf,Dieter F. Uchtdorf,Second Counselor in the First Presidency,Living the Gospel Joyful,Trust in the saving power of Jesus Christ; keep His laws and commandments. In other words—live the gospel joyful.,https://www.churchofjesuschrist.org/study/general-conference/2014/10/living-the-gospel-joyful,2199.0,,1208.106,ok,legacy runtime nan (missing) replaced by official video duration,2014-10,4029,October,Second Counselor in the First Presidency,first_presidency_counselor,legacy_csv,video_data_duration,4,109.21227110866099,general-conference/2014/10/living-the-gospel-joyful
2015,4,priesthood,1,M. Russell Ballard,M. Russell Ballard,Of the Quorum of the Twelve Apostles,The Greatest Generation of Young Adults,What we need now is the greatest generation of young adults in the history of the Church. We need your whole heart and soul.,https://www.churchofjesuschrist.org/study/general-conference/2015/04/the-greatest-generation-of-young-adults,1845.0,15:45,945.0,ok,,2015-04,4030,April,Of the Quorum of the Twelve Apostles,twelve,legacy_csv,legacy_csv_runtime,1,117.14285714285714,general-conference/2015/04/the-greatest-generation-of-young-adults
2015,4,priesthood,2,Ulisses Soares,Ulisses Soares,Of the Presidency of the Seventy,"Yes, We Can and Will Win!",We must hold ever more tightly to our testimony of the gospel of Jesus Christ. Then we will win the daily battles against evil.,https://www.churchofjesuschrist.org/study/general-conference/2015/04/yes-we-can-and-will-win,1675.0,11:60,719.518,ok,legacy runtime '11:60' (unparseable) replaced by official video duration,2015-04,4030,April,Of the Presidency of the Seventy,seventy_presidency,legacy_csv,video_data_duration,2,139.67683921736497,general-conference/2015/04/yes-we-can-and-will-win
2015,4,priesthood,3,Larry M. Gibson,Larry M. Gibson,Recently Released First Counselor in the Young Men General Presidency,Fatherhood—Our Eternal Destiny,May we each enjoy the fulness of Father’s blessings in this life and the fulfillment ofHis workandHis gloryby becoming fathers to our families for eternity.,https://www.churchofjesuschrist.org/study/general-conference/2015/04/fatherhood-our-eternal-destiny,1551.0,10:29,629.0,ok,,2015-04,4030,April,First Counselor in the Young Men General Presidency,auxiliary_counselor,legacy_csv,legacy_csv_runtime,3,147.94912559618444,general-conference/2015/04/fatherhood-our-eternal-destiny
2015,4,priesthood,4,Dieter F. Uchtdorf,Dieter F. Uchtdorf,Second Counselor in the First Presidency,On Being Genuine,"I pray that we will resist the temptation to draw attention to ourselves and, instead, strive for a far greater honor: to become humble, genuine disciples of Jesus Christ.",https://www.churchofjesuschrist.org/study/general-conference/2015/04/on-being-genuine,1907.0,17:51,1071.0,ok,,2015-04,4030,April,Second Counselor in the First Presidency,first_presidency_counselor,legacy_csv,legacy_csv_runtime,4,106.83473389355741,general-conference/2015/04/on-being-genuine
2015,4,priesthood,5,Henry B. Eyring,Henry B. Eyring,First Counselor in the First Presidency,Priesthood and Personal Prayer,God can grant us power in the priesthood for whatever circumstance we may be in. It simply requires that we ask in humility.,https://www.churchofjesuschrist.org/study/general-conference/2015/04/priesthood-and-personal-prayer,2442.0,16:59,1019.0,ok,,2015-04,4030,April,First Counselor in the First Presidency,first_presidency_counselor,legacy_csv,legacy_csv_runtime,5,143.7880274779195,general-conference/2015/04/priesthood-and-personal-prayer
2015,4,priesthood,6,Thomas S. Monson,Thomas S. Monson,President of the Church,The Priesthood—a Sacred Gift,Each of us has been entrusted with one of the most precious gifts ever bestowed upon mankind.,https://www.churchofjesuschrist.org/study/general-conference/2015/04/the-priesthood-a-sacred-gift,1570.0,13:15,795.0,ok,,2015-04,4030,April,President of the Church,church_president,legacy_csv,legacy_csv_runtime,6,118.49056603773585,general-conference/2015/04/the-priesthood-a-sacred-gift
2015,4,saturday-afternoon,1,David A. Bednar,David A. Bednar,Of the Quorum of the Twelve Apostles,Therefore They Hushed Their Fears,"Unlike worldly fear that creates alarm and anxiety, godly fear is a source of peace, assurance, and confidence.",https://www.churchofjesuschrist.org/study/general-conference/2015/04/therefore-they-hushed-their-fears,2158.0,16:21,981.0,ok,,2015-04,4030,April,Of the Quorum of the Twelve Apostles,twelve,legacy_csv,legacy_csv_runtime,1,131.98776758409784,general-conference/2015/04/therefore-they-hushed-their-fears
2015,4,saturday-afternoon,2,D. Todd Christofferson,D. Todd Christofferson,Of the Quorum of the Twelve Apostles,"Why Marriage, Why Family",A family built on the marriage of a man and woman supplies the best setting for God’s plan to thrive.,https://www.churchofjesuschrist.org/study/general-conference/2015/04/why-marriage-why-family,2100.0,,908.0,ok,legacy runtime nan (missing) replaced by official video duration,2015-04,4030,April,Of the Quorum of the Twelve Apostles,twelve,legacy_csv,video_data_duration,2,138.76651982378854,general-conference/2015/04/why-marriage-why-family
2015,4,saturday-afternoon,3,Wilford W. Andersen,Wilford W. Andersen,Of the Seventy,The Music of the Gospel,The music of the gospel is the joyful spiritual feeling that comes from the Holy Ghost. It brings a change of heart.,https://www.churchofjesuschrist.org/study/general-conference/2015/04/the-music-of-the-gospel,1414.0,10:26,626.0,ok,,2015-04,4030,April,Of the Seventy,seventy,legacy_csv,legacy_csv_runtime,3,135.52715654952075,general-conference/2015/04/the-music-of-the-gospel
2015,4,saturday-afternoon,4,Dale G. Renlund,Dale G. Renlund,Of the Seventy,Latter-day Saints Keep on Trying,"As we try, persevere, and help others to do the same, we are true Latter-day Saints.",https://www.churchofjesuschrist.org/study/general-conference/2015/04/latter-day-saints-keep-on-trying,1225.0,10:29,629.0,ok,,2015-04,4030,April,Of the Seventy,seventy,legacy_csv,legacy_csv_runtime,4,116.85214626391098,general-conference/2015/04/latter-day-saints-keep-on-trying
2015,4,saturday-afternoon,5,Michael T. Ringwood,Michael T. Ringwood,Of the Seventy,Truly Good and without Guile,The good news of the gospel of Jesus Christ is that the desires of our hearts can be transformed and our motives can be educated and refined.,https://www.churchofjesuschrist.org/study/general-conference/2015/04/truly-good-and-without-guile,1739.0,10:26,626.0,ok,,2015-04,4030,April,Of the Seventy,seventy,legacy_csv,legacy_csv_runtime,5,166.67731629392972,general-conference/2015/04/truly-good-and-without-guile
2015,4,saturday-afternoon,6,Quentin L. Cook,Quentin L. Cook,Of the Quorum of the Twelve Apostles,The Lord Is My Light,Our ability to stand firm and true and follow the Savior despite the vicissitudes of life is greatly strengthened by righteous families and Christ-centered unity in our wards and branches.,https://www.churchofjesuschrist.org/study/general-conference/2015/04/the-lord-is-my-light,2132.0,16:30,990.0,ok,,2015-04,4030,April,Of the Quorum of the Twelve Apostles,twelve,legacy_csv,legacy_csv_runtime,6,129.21212121212122,general-conference/2015/04/the-lord-is-my-light
2015,4,saturday-morning,1,Henry B. Eyring,Henry B. Eyring,First Counselor in the First Presidency,“Is Not This the Fast That I Have Chosen?”,Your fast offering will do more than help feed and clothe bodies. It will heal and change hearts.,https://www.churchofjesuschrist.org/study/general-conference/2015/04/is-not-this-the-fast-that-i-have-chosen,2372.0,17:19,1039.0,ok,,2015-04,4030,April,First Counselor in the First Presidency,first_presidency_counselor,legacy_csv,legacy_csv_runtime,1,136.97786333012513,general-conference/2015/04/is-not-this-the-fast-that-i-have-chosen
2015,4,saturday-morning,2,Boyd K. Packer,Boyd K. Packer,President of the Quorum of the Twelve Apostles,The Plan of Happiness,"The end of all activity in the Church is to see that a man and a woman with their children are happy at home, sealed for eternity.",https://www.churchofjesuschrist.org/study/general-conference/2015/04/the-plan-of-happiness,1901.0,18:56,1136.0,ok,,2015-04,4030,April,President of the Quorum of the Twelve Apostles,twelve_president,legacy_csv,legacy_csv_runtime,2,100.40492957746478,general-conference/2015/04/the-plan-of-happiness
2015,4,saturday-morning,3,Linda K. Burton,Linda K. Burton,Relief Society General President,We’ll Ascend Together,"As covenant-keeping women and men, we need to lift each other and help each other become the people the Lord would have us become.",https://www.churchofjesuschrist.org/study/general-conference/2015/04/well-ascend-together,1858.0,11:17,677.0,ok,,2015-04,4030,April,Relief Society General President,auxiliary_president,legacy_csv,legacy_csv_runtime,3,164.66765140324964,general-conference/2015/04/well-ascend-together
2015,4,saturday-morning,4,Dallin H. Oaks,Dallin H. Oaks,Of the Quorum of the Twelve Apostles,The Parable of the Sower,It is up to each of us to set the priorities and to do the things that make our soil good and our harvest plentiful.,https://www.churchofjesuschrist.org/study/general-conference/2015/04/the-parable-of-the-sower,1883.0,15:38,938.0,ok,,2015-04,4030,April,Of the Quorum of the Twelve Apostles,twelve,legacy_csv,legacy_csv_runtime,4,120.44776119402985,general-conference/2015/04/the-parable-of-the-sower
2015,4,saturday-morning,5,L. Whitney Clayton,L. Whitney Clayton,Of the Presidency of the Seventy,Choose to Believe,The Savior provides His gospel as a light to guide those who choose to believe in and follow Him.,https://www.churchofjesuschrist.org/study/general-conference/2015/04/choose-to-believe,1669.0,11:27,687.0,ok,,2015-04,4030,April,Of the Presidency of the Seventy,seventy_presidency,legacy_csv,legacy_csv_runtime,5,145.76419213973801,general-conference/2015/04/choose-to-believe
2015,4,saturday-morning,6,L. Tom Perry,L. Tom Perry,Of the Quorum of the Twelve Apostles,Why Marriage and Family Matter—Everywhere in the World,Family is the center of life and is the key to eternal happiness.,https://www.churchofjesuschrist.org/study/general-conference/2015/04/why-marriage-and-family-matter-everywhere-in-the-world,1738.0,15:38,938.0,ok,,2015-04,4030,April,Of the Quorum of the Twelve Apostles,twelve,legacy_csv,legacy_csv_runtime,6,111.1727078891258,general-conference/2015/04/why-marriage-and-family-matter-everywhere-in-the-world
2015,4,sunday-afternoon,1,Robert D. Hales,Robert D. Hales,Of the Quorum of the Twelve Apostles,"Preserving Agency, Protecting Religious Freedom",The faithful use of our agency depends upon our having religious freedom.,https://www.churchofjesuschrist.org/study/general-conference/2015/04/preserving-agency-protecting-religious-freedom,1576.0,15:47,947.0,ok,,2015-04,4030,April,Of the Quorum of the Twelve Apostles,twelve,legacy_csv,legacy_csv_runtime,1,99.85216473072862,general-conference/2015/04/preserving-agency-protecting-religious-freedom
2015,4,sunday-afternoon,2,Kevin W. Pearson,Kevin W. Pearson,Of the Seventy,Stay by the Tree,Lehi’s vision of the tree of life is a powerful parable on enduring to the end.,https://www.churchofjesuschrist.org/study/general-conference/2015/04/stay-by-the-tree,1346.0,10:20,620.0,ok,,2015-04,4030,April,Of the Seventy,seventy,legacy_csv,legacy_csv_runtime,2,130.25806451612902,general-conference/2015/04/stay-by-the-tree
2015,4,sunday-afternoon,3,Rafael E. Pino,Rafael E. Pino,Of the Seventy,The Eternal Perspective of the Gospel,"For decisions that affect eternity, having a gospel perspective is essential.",https://www.churchofjesuschrist.org/study/general-conference/2015/04/the-eternal-perspective-of-the-gospel,1354.0,10:45,645.0,ok,,2015-04,4030,April,Of the Seventy,seventy,legacy_csv,legacy_csv_runtime,3,125.95348837209302,general-conference/2015/04/the-eternal-perspective-of-the-gospel
2015,4,sunday-afternoon,4,Neil L. Andersen,Neil L. Andersen,Of the Quorum of the Twelve Apostles,Thy Kingdom Come,"The thought of His coming stirs my soul. It will be breathtaking! The scope and grandeur, the vastness and magnificence, will exceed anything mortal eyes have ever seen or experienced.",https://www.churchofjesuschrist.org/study/general-conference/2015/04/thy-kingdom-come,1866.0,15:32,932.0,ok,,2015-04,4030,April,Of the Quorum of the Twelve Apostles,twelve,legacy_csv,legacy_csv_runtime,4,120.12875536480686,general-conference/2015/04/thy-kingdom-come
2015,4,sunday-afternoon,5,Jorge F. Zeballos,Jorge F. Zeballos,Of the Seventy,If You Will Be Responsible,"Let us press forward by learning our duty, making correct decisions, acting according to those decisions, and accepting the will of our Father.",https://www.churchofjesuschrist.org/study/general-conference/2015/04/if-you-will-be-responsible,1671.0,10:37,637.0,ok,,2015-04,4030,April,Of the Seventy,seventy,legacy_csv,legacy_csv_runtime,5,157.39403453689167,general-conference/2015/04/if-you-will-be-responsible
2015,4,sunday-afternoon,6,Joseph W. Sitati,Joseph W. Sitati,Of the Seventy,"Be Fruitful, Multiply, and Subdue the Earth","Heavenly Father has charged and blessed us to be fruitful, to multiply, and to subdue the earth that we might become like Him.",https://www.churchofjesuschrist.org/study/general-conference/2015/04/be-fruitful-multiply-and-subdue-the-earth,1495.0,10:20,620.0,ok,,2015-04,4030,April,Of the Seventy,seventy,legacy_csv,legacy_csv_runtime,6,144.6774193548387,general-conference/2015/04/be-fruitful-multiply-and-subdue-the-earth
2015,4,sunday-afternoon,7,Russell M. Nelson,Russell M. Nelson,Of the Quorum of the Twelve Apostles,The Sabbath Is a Delight,How can you ensure that your behavior on the Sabbath will lead to joy and rejoicing?,https://www.churchofjesuschrist.org/study/general-conference/2015/04/the-sabbath-is-a-delight,1630.0,14:47,887.0,ok,,2015-04,4030,April,Of the Quorum of the Twelve Apostles,twelve,legacy_csv,legacy_csv_runtime,7,110.25930101465615,general-conference/2015/04/the-sabbath-is-a-delight
2015,4,sunday-morning,1,Thomas S. Monson,Thomas S. Monson,President of the Church,Blessings of the Temple,"As we attend the temple, there can come to us a dimension of spirituality and a feeling of peace.",https://www.churchofjesuschrist.org/study/general-conference/2015/04/blessings-of-the-temple,1441.0,,661.0,ok,legacy runtime nan (missing) replaced by official video duration,2015-04,4030,April,President of the Church,church_president,legacy_csv,video_data_duration,1,130.8018154311649,general-conference/2015/04/blessings-of-the-temple
2015,4,sunday-morning,2,Rosemary M. Wixom,Rosemary M. Wixom,Primary General President,Returning to Faith,Every one of us can strengthen our faith in Jesus Christ on our individual journey and find joy.,https://www.churchofjesuschrist.org/study/general-conference/2015/04/returning-to-faith,1414.0,10:11,611.0,ok,,2015-04,4030,April,Primary General President,auxiliary_president,legacy_csv,legacy_csv_runtime,2,138.8543371522095,general-conference/2015/04/returning-to-faith
2015,4,sunday-morning,3,José A. Teixeira,José A. Teixeira,Of the Seventy,Seeking the Lord,"As we deepen our understanding of the Savior, we will have an increased desire to live joyfully and a conviction that joy is possible.",https://www.churchofjesuschrist.org/study/general-conference/2015/04/seeking-the-lord,1175.0,9:43,583.0,ok,,2015-04,4030,April,Of the Seventy,seventy,legacy_csv,legacy_csv_runtime,3,120.926243567753,general-conference/2015/04/seeking-the-lord
2015,4,sunday-morning,4,Gérald Caussé,Gérald Caussé,First Counselor in the Presiding Bishopric,Is It Still Wonderful to You?,To marvel at the wonders of the gospel is a sign of faith. It is to recognize the hand of the Lord in our lives and in everything around us.,https://www.churchofjesuschrist.org/study/general-conference/2015/04/is-it-still-wonderful-to-you,1361.0,10:14,614.0,ok,,2015-04,4030,April,First Counselor in the Presiding Bishopric,presiding_bishopric,legacy_csv,legacy_csv_runtime,4,132.99674267100977,general-conference/2015/04/is-it-still-wonderful-to-you
2015,4,sunday-morning,5,Brent H. Nielson,Brent H. Nielson,Of the Seventy,Waiting for the Prodigal,May you and I receive the revelation to know how to best approach those in our lives who are lost.,https://www.churchofjesuschrist.org/study/general-conference/2015/04/waiting-for-the-prodigal,1680.0,10:24,624.0,ok,,2015-04,4030,April,Of the Seventy,seventy,legacy_csv,legacy_csv_runtime,5,161.53846153846152,general-conference/2015/04/waiting-for-the-prodigal
2015,4,sunday-morning,6,Jeffrey R. Holland,Jeffrey R. Holland,Of the Quorum of the Twelve Apostles,"Where Justice, Love, and Mercy Meet","Jesus Christ suffered, died, and rose from death in order that He could lift us to eternal life.",https://www.churchofjesuschrist.org/study/general-conference/2015/04/where-justice-love-and-mercy-meet,1621.0,17:14,1034.0,ok,,2015-04,4030,April,Of the Quorum of the Twelve Apostles,twelve,legacy_csv,legacy_csv_runtime,6,94.06189555125725,general-conference/2015/04/where-justice-love-and-mercy-meet
2015,4,sunday-morning,7,Dieter F. Uchtdorf,Dieter F. Uchtdorf,Second Counselor in the First Presidency,The Gift of Grace,Today and forevermore God’s grace is available to all whose hearts are broken and whose spirits are contrite.,https://www.churchofjesuschrist.org/study/general-conference/2015/04/the-gift-of-grace,1959.0,19:13,1153.0,ok,,2015-04,4030,April,Second Counselor in the First Presidency,first_presidency_counselor,legacy_csv,legacy_csv_runtime,7,101.94275802254988,general-conference/2015/04/the-gift-of-grace
2015,4,womens,1,Cheryl A. Esplin,Cheryl A. Esplin,Second Counselor in the Primary General Presidency,Filling Our Homes with Light and Truth,"In order for us and our families to withstand the pressures of the world, we must be filled with light and gospel truth.",https://www.churchofjesuschrist.org/study/general-conference/2015/04/filling-our-homes-with-light-and-truth,1396.0,10:25,625.0,ok,,2015-04,4030,April,Second Counselor in the Primary General Presidency,auxiliary_counselor,legacy_csv,legacy_csv_runtime,1,134.01600000000002,general-conference/2015/04/filling-our-homes-with-light-and-truth
2015,4,womens,2,Carole M. Stephens,Carole M. Stephens,First Counselor in the Relief Society General Presidency,The Family Is of God,We each belong to and are needed in the family of God.,https://www.churchofjesuschrist.org/study/general-conference/2015/04/the-family-is-of-god,1327.0,10:30,630.0,ok,,2015-04,4030,April,First Counselor in the Relief Society General Presidency,auxiliary_counselor,legacy_csv,legacy_csv_runtime,2,126.38095238095238,general-conference/2015/04/the-family-is-of-god
2015,4,womens,3,Bonnie L. Oscarson,Bonnie L. Oscarson,Young Women General President,Defenders of the Family Proclamation,"Let us help build the kingdom of God by standing up boldly and being defenders of marriage, parenthood, and the home.",https://www.churchofjesuschrist.org/study/general-conference/2015/04/defenders-of-the-family-proclamation,1738.0,11:33,693.0,ok,,2015-04,4030,April,Young Women General President,auxiliary_president,legacy_csv,legacy_csv_runtime,3,150.47619047619045,general-conference/2015/04/defenders-of-the-family-proclamation
2015,4,womens,4,Henry B. Eyring,Henry B. Eyring,First Counselor in the First Presidency,The Comforter,"I give my witness that the living Christ sends the Holy Ghost, the Comforter, to those we are pledged to help Him comfort.",https://www.churchofjesuschrist.org/study/general-conference/2015/04/the-comforter,2239.0,,1022.0,ok,legacy runtime nan (missing) replaced by official video duration,2015-04,4030,April,First Counselor in the First Presidency,first_presidency_counselor,legacy_csv,video_data_duration,4,131.44814090019568,general-conference/2015/04/the-comforter
2015,10,priesthood,1,Neil L. Andersen,Neil L. Andersen,Of the Quorum of the Twelve Apostles,"Faith Is Not by Chance, but by Choice",Faith in Jesus Christ is a gift from heaven that comes as we choose to believe and as we seek it and hold on to it.,https://www.churchofjesuschrist.org/study/general-conference/2015/10/faith-is-not-by-chance-but-by-choice,1866.0,,901.0,ok,legacy runtime nan (missing) replaced by official video duration,2015-10,4031,October,Of the Quorum of the Twelve Apostles,twelve,legacy_csv,video_data_duration,1,124.26193118756936,general-conference/2015/10/faith-is-not-by-chance-but-by-choice
2015,10,priesthood,2,Randall K. Bennett,Randall K. Bennett,Of the Seventy,Your Next Step,"Your loving Heavenly Father and His Son, Jesus Christ, invite you to take your next step toward Them. Don’t wait. Take it now.",https://www.churchofjesuschrist.org/study/general-conference/2015/10/your-next-step,1257.0,9:51,591.0,ok,,2015-10,4031,October,Of the Seventy,seventy,legacy_csv,legacy_csv_runtime,2,127.61421319796955,general-conference/2015/10/your-next-step
2015,10,priesthood,3,Dieter F. Uchtdorf,Dieter F. Uchtdorf,Second Counselor in the First Presidency,"Be Not Afraid, Only Believe","When we choose to believe, exercise faith unto repentance, and follow our Savior, Jesus Christ, we open our spiritual eyes to splendors we can scarcely imagine.",https://www.churchofjesuschrist.org/study/general-conference/2015/10/be-not-afraid-only-believe,1928.0,19:30,1170.0,ok,,2015-10,4031,October,Second Counselor in the First Presidency,first_presidency_counselor,legacy_csv,legacy_csv_runtime,3,98.87179487179488,general-conference/2015/10/be-not-afraid-only-believe
2015,10,priesthood,4,Henry B. Eyring,Henry B. Eyring,First Counselor in the First Presidency,You Are Not Alone in the Work,"As you move from one priesthood service to another, you will see the Lord is in the work with you.",https://www.churchofjesuschrist.org/study/general-conference/2015/10/you-are-not-alone-in-the-work,2066.0,15:49,949.0,ok,,2015-10,4031,October,First Counselor in the First Presidency,first_presidency_counselor,legacy_csv,legacy_csv_runtime,4,130.62170706006322,general-conference/2015/10/you-are-not-alone-in-the-work
2015,10,priesthood,5,Thomas S. Monson,Thomas S. Monson,President of the Church,Keep the Commandments,He who created us and who loves us perfectly knows just how we need to live our lives in order to obtain the greatest happiness possible.,https://www.churchofjesuschrist.org/study/general-conference/2015/10/keep-the-commandments,1539.0,14:24,864.0,ok,,2015-10,4031,October,President of the Church,church_president,legacy_csv,legacy_csv_runtime,5,106.875,general-conference/2015/10/keep-the-commandments
2015,10,saturday-afternoon,1,Robert D. Hales,Robert D. Hales,Of the Quorum of the Twelve Apostles,Meeting the Challenges of Today’s World,"The choices you make—mission, education, marriage, career, and service in the Church—will shape your eternal destiny.",https://www.churchofjesuschrist.org/study/general-conference/2015/10/meeting-the-challenges-of-todays-world,1679.0,14:33,873.0,ok,,2015-10,4031,October,Of the Quorum of the Twelve Apostles,twelve,legacy_csv,legacy_csv_runtime,1,115.39518900343641,general-conference/2015/10/meeting-the-challenges-of-todays-world
2015,10,saturday-afternoon,2,Jeffrey R. Holland,Jeffrey R. Holland,Of the Quorum of the Twelve Apostles,Behold Thy Mother,No love in mortality comes closer to approximating the pure love of Jesus Christ than the selfless love a devoted mother has for her child.,https://www.churchofjesuschrist.org/study/general-conference/2015/10/behold-thy-mother,1631.0,16:44,1004.0,ok,,2015-10,4031,October,Of the Quorum of the Twelve Apostles,twelve,legacy_csv,legacy_csv_runtime,2,97.47011952191235,general-conference/2015/10/behold-thy-mother
2015,10,saturday-afternoon,3,Bradley D. Foster,Bradley D. Foster,Of the Seventy,It’s Never Too Early and It’s Never Too Late,"It’s never too early and it’s never too late to lead, guide, and walk beside our children, because families are forever.",https://www.churchofjesuschrist.org/study/general-conference/2015/10/its-never-too-early-and-its-never-too-late,1615.0,10:20,620.0,ok,,2015-10,4031,October,Of the Seventy,seventy,legacy_csv,legacy_csv_runtime,3,156.29032258064515,general-conference/2015/10/its-never-too-early-and-its-never-too-late
2015,10,saturday-afternoon,4,Hugo Montoya,Hugo Montoya,Of the Seventy,Tested and Tempted—but Helped,We can help each other as children of our Heavenly Father in our trials and temptations.,https://www.churchofjesuschrist.org/study/general-conference/2015/10/tested-and-tempted-but-helped,1136.0,9:25,565.0,ok,,2015-10,4031,October,Of the Seventy,seventy,legacy_csv,legacy_csv_runtime,4,120.63716814159292,general-conference/2015/10/tested-and-tempted-but-helped
2015,10,saturday-afternoon,5,Vern P. Stanfill,Vern P. Stanfill,Of the Seventy,Choose the Light,"We must choose to heed prophetic counsel, recognize and act upon spiritual promptings, be obedient to God’s commandments, and seek personal revelation.",https://www.churchofjesuschrist.org/study/general-conference/2015/10/choose-the-light,1521.0,9:52,592.0,ok,,2015-10,4031,October,Of the Seventy,seventy,legacy_csv,legacy_csv_runtime,5,154.1554054054054,general-conference/2015/10/choose-the-light
2015,10,saturday-afternoon,6,James B. Martino,James B. Martino,Of the Seventy,Turn to Him and Answers Will Come,"Be obedient, remember the times when you have felt the Spirit in the past, and ask in faith. Your answer will come.",https://www.churchofjesuschrist.org/study/general-conference/2015/10/turn-to-him-and-answers-will-come,1500.0,10:28,628.0,ok,,2015-10,4031,October,Of the Seventy,seventy,legacy_csv,legacy_csv_runtime,6,143.31210191082803,general-conference/2015/10/turn-to-him-and-answers-will-come
2015,10,saturday-afternoon,7,Dallin H. Oaks,Dallin H. Oaks,Of the Quorum of the Twelve Apostles,Strengthened by the Atonement of Jesus Christ,"Because of His Atonement, the Savior has the power to succor—to help—every mortal pain and affliction.",https://www.churchofjesuschrist.org/study/general-conference/2015/10/strengthened-by-the-atonement-of-jesus-christ,1790.0,15:54,954.0,ok,,2015-10,4031,October,Of the Quorum of the Twelve Apostles,twelve,legacy_csv,legacy_csv_runtime,7,112.57861635220125,general-conference/2015/10/strengthened-by-the-atonement-of-jesus-christ
2015,10,saturday-morning,1,Dieter F. Uchtdorf,Dieter F. Uchtdorf,Second Counselor in the First Presidency,It Works Wonderfully!,I pray that we will focus on “the simplicity that is in Christ” and allow His grace to lift and carry us.,https://www.churchofjesuschrist.org/study/general-conference/2015/10/it-works-wonderfully,1960.0,17:55,1075.0,ok,,2015-10,4031,October,Second Counselor in the First Presidency,first_presidency_counselor,legacy_csv,legacy_csv_runtime,1,109.3953488372093,general-conference/2015/10/it-works-wonderfully
2015,10,saturday-morning,2,M. Russell Ballard,M. Russell Ballard,Of the Quorum of the Twelve Apostles,God Is at the Helm,"Commandments and covenants are priceless truths and doctrines found in the Old Ship Zion, where God is at the helm.",https://www.churchofjesuschrist.org/study/general-conference/2015/10/god-is-at-the-helm,1839.0,15:45,945.0,ok,,2015-10,4031,October,Of the Quorum of the Twelve Apostles,twelve,legacy_csv,legacy_csv_runtime,2,116.76190476190476,general-conference/2015/10/god-is-at-the-helm
2015,10,saturday-morning,3,Richard J. Maynes,Richard J. Maynes,Of the Presidency of the Seventy,The Joy of Living a Christ-Centered Life,Our lives must be centered with exactness in Christ if we are to find true joy and peace in this life.,https://www.churchofjesuschrist.org/study/general-conference/2015/10/the-joy-of-living-a-christ-centered-life,1762.0,11:47,707.0,ok,,2015-10,4031,October,Of the Presidency of the Seventy,seventy_presidency,legacy_csv,legacy_csv_runtime,3,149.53323903818952,general-conference/2015/10/the-joy-of-living-a-christ-centered-life
2015,10,saturday-morning,4,Neill F. Marriott,Neill F. Marriott,Second Counselor in the Young Women General Presidency,Yielding Our Hearts to God,"When we open ourselves to the Spirit, we learn God’s way and feel His will.",https://www.churchofjesuschrist.org/study/general-conference/2015/10/yielding-our-hearts-to-god,1230.0,9:39,579.0,ok,,2015-10,4031,October,Second Counselor in the Young Women General Presidency,auxiliary_counselor,legacy_csv,legacy_csv_runtime,4,127.46113989637306,general-conference/2015/10/yielding-our-hearts-to-god
2015,10,saturday-morning,5,Larry R. Lawrence,Larry R. Lawrence,Of the Seventy,What Lack I Yet?,"If we are humble and teachable, the Holy Ghost will prompt us to improve and lead us home, but we need to ask the Lord for directions along the way.",https://www.churchofjesuschrist.org/study/general-conference/2015/10/what-lack-i-yet,1564.0,10:25,625.0,ok,,2015-10,4031,October,Of the Seventy,seventy,legacy_csv,legacy_csv_runtime,5,150.144,general-conference/2015/10/what-lack-i-yet
2015,10,saturday-morning,6,Francisco J. Viñas,Francisco J. Viñas,Of the Seventy,The Pleasing Word of God,The pleasing word of God shows us the need for continuous repentance in our lives so we can keep the influence of the Holy Ghost.,https://www.churchofjesuschrist.org/study/general-conference/2015/10/the-pleasing-word-of-god,1496.0,11:19,679.0,ok,,2015-10,4031,October,Of the Seventy,seventy,legacy_csv,legacy_csv_runtime,6,132.19440353460973,general-conference/2015/10/the-pleasing-word-of-god
2015,10,saturday-morning,7,Quentin L. Cook,Quentin L. Cook,Of the Quorum of the Twelve Apostles,Shipshape and Bristol Fashion: Be Temple Worthy—in Good Times and Bad Times,"Adherence to sacred gospel principles will allow us to be temple worthy, enable us to find happiness in this life, and lead us back to our heavenly home.",https://www.churchofjesuschrist.org/study/general-conference/2015/10/shipshape-and-bristol-fashion-be-temple-worthy-in-good-times-and-bad-times,2076.0,15:36,936.0,ok,,2015-10,4031,October,Of the Quorum of the Twelve Apostles,twelve,legacy_csv,legacy_csv_runtime,7,133.07692307692307,general-conference/2015/10/shipshape-and-bristol-fashion-be-temple-worthy-in-good-times-and-bad-times
2015,10,sunday-afternoon,1,D. Todd Christofferson,D. Todd Christofferson,Of the Quorum of the Twelve Apostles,Why the Church,"It is worth pausing to consider why Jesus Christ chooses to use a church, His Church, to carry out His and His Father’s work.",https://www.churchofjesuschrist.org/study/general-conference/2015/10/why-the-church,2085.0,15:34,934.0,ok,,2015-10,4031,October,Of the Quorum of the Twelve Apostles,twelve,legacy_csv,legacy_csv_runtime,1,133.94004282655246,general-conference/2015/10/why-the-church
2015,10,sunday-afternoon,2,Devin G. Durrant,Devin G. Durrant,First Counselor in the Sunday School General Presidency,My Heart Pondereth Them Continually,I sincerely pray you will choose to ponder God’s words in an extended and deeper manner.,https://www.churchofjesuschrist.org/study/general-conference/2015/10/my-heart-pondereth-them-continually,1786.0,10:10,610.0,ok,,2015-10,4031,October,First Counselor in the Sunday School General Presidency,auxiliary_counselor,legacy_csv,legacy_csv_runtime,2,175.672131147541,general-conference/2015/10/my-heart-pondereth-them-continually
2015,10,sunday-afternoon,3,Von G. Keetch,Von G. Keetch,Of the Seventy,Blessed and Happy Are Those Who Keep the Commandments of God,The barriers established by the Lord create for us a safe harbor from evil and destructive influences.,https://www.churchofjesuschrist.org/study/general-conference/2015/10/blessed-and-happy-are-those-who-keep-the-commandments-of-god,1345.0,10:19,619.0,ok,,2015-10,4031,October,Of the Seventy,seventy,legacy_csv,legacy_csv_runtime,3,130.37156704361874,general-conference/2015/10/blessed-and-happy-are-those-who-keep-the-commandments-of-god
2015,10,sunday-afternoon,4,Carole M. Stephens,Carole M. Stephens,First Counselor in the Relief Society General Presidency,"“If Ye Love Me, Keep My Commandments”","God’s commandments are a manifestation of His love for us, and obedience to His commandments is an expression of our love for Him.",https://www.churchofjesuschrist.org/study/general-conference/2015/10/if-ye-love-me-keep-my-commandments,1593.0,,669.068,ok,legacy runtime nan (missing) replaced by official video duration,2015-10,4031,October,First Counselor in the Relief Society General Presidency,auxiliary_counselor,legacy_csv,video_data_duration,4,142.8554347241237,general-conference/2015/10/if-ye-love-me-keep-my-commandments
2015,10,sunday-afternoon,5,Allen D. Haynie,Allen D. Haynie,Of the Seventy,Remembering in Whom We Have Trusted,Our hope to live again with the Father depends on the Atonement of Jesus Christ.,https://www.churchofjesuschrist.org/study/general-conference/2015/10/remembering-in-whom-we-have-trusted,1620.0,10:25,625.0,ok,,2015-10,4031,October,Of the Seventy,seventy,legacy_csv,legacy_csv_runtime,5,155.52,general-conference/2015/10/remembering-in-whom-we-have-trusted
2015,10,sunday-afternoon,6,Kim B. Clark,Kim B. Clark,Of the Seventy,Eyes to See and Ears to Hear,"If we will look to Christ and open our eyes and our ears, the Holy Ghost will bless us to see the Lord Jesus Christ working in our lives.",https://www.churchofjesuschrist.org/study/general-conference/2015/10/eyes-to-see-and-ears-to-hear,1379.0,10:11,611.0,ok,,2015-10,4031,October,Of the Seventy,seventy,legacy_csv,legacy_csv_runtime,6,135.41734860883795,general-conference/2015/10/eyes-to-see-and-ears-to-hear
2015,10,sunday-afternoon,7,Koichi Aoyagi,Koichi Aoyagi,Emeritus Member of the Seventy,Hold on Thy Way,"Put God first, regardless of the trials you face. Love God. Have faith in Christ, and entrust yourself to Him in all things.",https://www.churchofjesuschrist.org/study/general-conference/2015/10/hold-on-thy-way,1257.0,10:44,644.0,ok,,2015-10,4031,October,Emeritus Member of the Seventy,seventy,legacy_csv,legacy_csv_runtime,7,117.11180124223604,general-conference/2015/10/hold-on-thy-way
2015,10,sunday-afternoon,8,David A. Bednar,David A. Bednar,Of the Quorum of the Twelve Apostles,“Chosen to Bear Testimony of My Name”,It is wonderful to have older men of great spiritual maturity and judgment serving in the senior leadership positions of the restored Church of Jesus Christ.,https://www.churchofjesuschrist.org/study/general-conference/2015/10/chosen-to-bear-testimony-of-my-name,2139.0,16:54,1014.0,ok,,2015-10,4031,October,Of the Quorum of the Twelve Apostles,twelve,legacy_csv,legacy_csv_runtime,8,126.56804733727812,general-conference/2015/10/chosen-to-bear-testimony-of-my-name
2015,10,sunday-morning,1,Thomas S. Monson,Thomas S. Monson,President of the Church,Be an Example and a Light,"As we follow the example of the Savior, ours will be the opportunity to be a light in the lives of others.",https://www.churchofjesuschrist.org/study/general-conference/2015/10/be-an-example-and-a-light,1758.0,13:39,819.0,ok,,2015-10,4031,October,President of the Church,church_president,legacy_csv,legacy_csv_runtime,1,128.7912087912088,general-conference/2015/10/be-an-example-and-a-light
2015,10,sunday-morning,2,Ronald A. Rasband,Ronald A. Rasband,Of the Quorum of the Twelve Apostles,I Stand All Amazed,My testimony of Jesus Christ has been built from many special experiences in which I have come to know His great love for each one of us.,https://www.churchofjesuschrist.org/study/general-conference/2015/10/i-stand-all-amazed,899.0,,422.555,ok,legacy runtime nan (missing) replaced by official video duration,2015-10,4031,October,Of the Quorum of the Twelve Apostles,twelve,legacy_csv,video_data_duration,2,127.6520216303203,general-conference/2015/10/i-stand-all-amazed
2015,10,sunday-morning,3,Gary E. Stevenson,Gary E. Stevenson,Of the Quorum of the Twelve Apostles,Plain and Precious Truths,Heavenly Father’s generous compensation for living in perilous times is that we also live in the fulness of times.,https://www.churchofjesuschrist.org/study/general-conference/2015/10/plain-and-precious-truths,1050.0,7:10,430.0,ok,,2015-10,4031,October,Of the Quorum of the Twelve Apostles,twelve,legacy_csv,legacy_csv_runtime,3,146.51162790697674,general-conference/2015/10/plain-and-precious-truths
2015,10,sunday-morning,4,Dale G. Renlund,Dale G. Renlund,Of the Quorum of the Twelve Apostles,Through God’s Eyes,"To effectively serve others, we must see them through a parent’s eyes, through Heavenly Father’s eyes.",https://www.churchofjesuschrist.org/study/general-conference/2015/10/through-gods-eyes,977.0,,420.0,ok,legacy runtime nan (missing) replaced by official video duration,2015-10,4031,October,Of the Quorum of the Twelve Apostles,twelve,legacy_csv,video_data_duration,4,139.57142857142858,general-conference/2015/10/through-gods-eyes
2015,10,sunday-morning,5,Russell M. Nelson,Russell M. Nelson,President of the Quorum of the Twelve Apostles,A Plea to My Sisters,"We need your strength, your conversion, your conviction, your ability to lead, your wisdom, and your voices.",https://www.churchofjesuschrist.org/study/general-conference/2015/10/a-plea-to-my-sisters,1678.0,15:33,933.0,ok,,2015-10,4031,October,President of the Quorum of the Twelve Apostles,twelve_president,legacy_csv,legacy_csv_runtime,5,107.90996784565915,general-conference/2015/10/a-plea-to-my-sisters
2015,10,sunday-morning,6,Gregory A. Schwitzer,Gregory A. Schwitzer,Of the Seventy,Let the Clarion Trumpet Sound,The world needs disciples of Christ who can communicate the gospel message with clarity and from the heart.,https://www.churchofjesuschrist.org/study/general-conference/2015/10/let-the-clarion-trumpet-sound,1401.0,9:60,599.565,ok,legacy runtime '9:60' (unparseable) replaced by official video duration,2015-10,4031,October,Of the Seventy,seventy,legacy_csv,video_data_duration,6,140.20164619349026,general-conference/2015/10/let-the-clarion-trumpet-sound
2015,10,sunday-morning,7,Claudio R. M. Costa,Claudio R. M. Costa,Of the Seventy,That They Do Always Remember Him,I love to study and ponder the life of Him who gave everything for me and for all of us.,https://www.churchofjesuschrist.org/study/general-conference/2015/10/that-they-do-always-remember-him,1516.0,10:46,646.0,ok,,2015-10,4031,October,Of the Seventy,seventy,legacy_csv,legacy_csv_runtime,7,140.8049535603715,general-conference/2015/10/that-they-do-always-remember-him
2015,10,sunday-morning,8,Henry B. Eyring,Henry B. Eyring,First Counselor in the First Presidency,The Holy Ghost as Your Companion,"We can, if we live worthy of it, have the blessing of the Spirit to be with us, not only now and then but always.",https://www.churchofjesuschrist.org/study/general-conference/2015/10/the-holy-ghost-as-your-companion,2390.0,17:16,1036.0,ok,,2015-10,4031,October,First Counselor in the First Presidency,first_presidency_counselor,legacy_csv,legacy_csv_runtime,8,138.41698841698843,general-conference/2015/10/the-holy-ghost-as-your-companion
2015,10,womens,1,Rosemary M. Wixom,Rosemary M. Wixom,Primary General President,Discovering the Divinity Within,We come to this earth to nurture and discover the seeds of divine nature that are within us.,https://www.churchofjesuschrist.org/study/general-conference/2015/10/discovering-the-divinity-within,1377.0,11:19,679.0,ok,,2015-10,4031,October,Primary General President,auxiliary_president,legacy_csv,legacy_csv_runtime,1,121.67893961708396,general-conference/2015/10/discovering-the-divinity-within
2015,10,womens,2,Linda S. Reeves,Linda S. Reeves,Second Counselor in the Relief Society General Presidency,Worthy of Our Promised Blessings,A vision of our Father’s incredible promised blessings must be the central focus before our eyes every day.,https://www.churchofjesuschrist.org/study/general-conference/2015/10/worthy-of-our-promised-blessings,1320.0,11:23,683.0,ok,,2015-10,4031,October,Second Counselor in the Relief Society General Presidency,auxiliary_counselor,legacy_csv,legacy_csv_runtime,2,115.95900439238653,general-conference/2015/10/worthy-of-our-promised-blessings
2015,10,womens,3,Carol F. McConkie,Carol F. McConkie,First Counselor in the Young Women General Presidency,Here to Serve a Righteous Cause,May we choose to serve a righteous cause as valiant emissaries of our Lord Jesus Christ.,https://www.churchofjesuschrist.org/study/general-conference/2015/10/here-to-serve-a-righteous-cause,1514.0,11:26,686.0,ok,,2015-10,4031,October,First Counselor in the Young Women General Presidency,auxiliary_counselor,legacy_csv,legacy_csv_runtime,3,132.41982507288628,general-conference/2015/10/here-to-serve-a-righteous-cause
2015,10,womens,4,Dieter F. Uchtdorf,Dieter F. Uchtdorf,Second Counselor in the First Presidency,A Summer with Great-Aunt Rose,"As you walk along your own bright path of discipleship, I pray that faith will fortify every footstep along your way.",https://www.churchofjesuschrist.org/study/general-conference/2015/10/a-summer-with-great-aunt-rose,2524.0,20:58,1258.0,ok,,2015-10,4031,October,Second Counselor in the First Presidency,first_presidency_counselor,legacy_csv,legacy_csv_runtime,4,120.38155802861687,general-conference/2015/10/a-summer-with-great-aunt-rose
2016,4,priesthood,1,Russell M. Nelson,Russell M. Nelson,President of the Quorum of the Twelve Apostles,The Price of Priesthood Power,"Are we willing to pray, fast, study, seek, worship, and serve as men of God so we can have priesthood power?",https://www.churchofjesuschrist.org/study/general-conference/2016/04/the-price-of-priesthood-power,1687.0,15:41,941.0,ok,,2016-04,4032,April,President of the Quorum of the Twelve Apostles,twelve_president,legacy_csv,legacy_csv_runtime,1,107.56641870350691,general-conference/2016/04/the-price-of-priesthood-power
2016,4,priesthood,2,Stephen W. Owen,Stephen W. Owen,Young Men General President,The Greatest Leaders Are the Greatest Followers,"There will be times when the path ahead seems dark, but keep following the Savior. He knows the way; in fact, Heisthe way.",https://www.churchofjesuschrist.org/study/general-conference/2016/04/the-greatest-leaders-are-the-greatest-followers,1551.0,11:10,670.0,ok,,2016-04,4032,April,Young Men General President,auxiliary_president,legacy_csv,legacy_csv_runtime,2,138.8955223880597,general-conference/2016/04/the-greatest-leaders-are-the-greatest-followers
2016,4,priesthood,3,Dieter F. Uchtdorf,Dieter F. Uchtdorf,Second Counselor in the First Presidency,In Praise of Those Who Save,"As we emulate the Savior’s love, He will surely bless and prosper our righteous efforts to save our marriages and strengthen our families.",https://www.churchofjesuschrist.org/study/general-conference/2016/04/in-praise-of-those-who-save,1891.0,18:14,1094.0,ok,,2016-04,4032,April,Second Counselor in the First Presidency,first_presidency_counselor,legacy_csv,legacy_csv_runtime,3,103.71115173674588,general-conference/2016/04/in-praise-of-those-who-save
2016,4,priesthood,4,Henry B. Eyring,Henry B. Eyring,First Counselor in the First Presidency,Eternal Families,Our priesthood obligation is to put our families and the families of those around us at the center of our concern.,https://www.churchofjesuschrist.org/study/general-conference/2016/04/eternal-families,2279.0,15:34,934.0,ok,,2016-04,4032,April,First Counselor in the First Presidency,first_presidency_counselor,legacy_csv,legacy_csv_runtime,4,146.40256959314775,general-conference/2016/04/eternal-families
2016,4,priesthood,5,Thomas S. Monson,Thomas S. Monson,President of the Church,A Sacred Trust,This precious gift of priesthood power brings with it not only solemn responsibilities but also special blessings for ourselves and for others.,https://www.churchofjesuschrist.org/study/general-conference/2016/04/a-sacred-trust,483.0,3:56,236.0,ok,,2016-04,4032,April,President of the Church,church_president,legacy_csv,legacy_csv_runtime,5,122.79661016949153,general-conference/2016/04/a-sacred-trust
2016,4,saturday-afternoon,1,Ronald A. Rasband,Ronald A. Rasband,Of the Quorum of the Twelve Apostles,Standing with the Leaders of the Church,Are you standing with the leaders of the Church in a darkening world so that you might spread the Light of Christ?,https://www.churchofjesuschrist.org/study/general-conference/2016/04/standing-with-the-leaders-of-the-church,1880.0,,840.973,ok,legacy runtime nan (missing) replaced by official video duration,2016-04,4032,April,Of the Quorum of the Twelve Apostles,twelve,legacy_csv,video_data_duration,1,134.13034663419634,general-conference/2016/04/standing-with-the-leaders-of-the-church
2016,4,saturday-afternoon,2,Neil L. Andersen,Neil L. Andersen,Of the Quorum of the Twelve Apostles,"“Whoso Receiveth Them, Receiveth Me”","Children today find themselves in many different and complex family configurations. We need to reach out to those who feel alone, left behind, or outside the fence.",https://www.churchofjesuschrist.org/study/general-conference/2016/04/whoso-receiveth-them-receiveth-me,1781.0,13:60,839.972,ok,legacy runtime '13:60' (unparseable) replaced by official video duration,2016-04,4032,April,Of the Quorum of the Twelve Apostles,twelve,legacy_csv,video_data_duration,2,127.2185263318301,general-conference/2016/04/whoso-receiveth-them-receiveth-me
2016,4,saturday-afternoon,3,Mervyn B. Arnold,Mervyn B. Arnold,Of the Seventy,To the Rescue: We Can Do It,The Lord has provided all of the tools necessary for us to go to the rescue of our less-active and nonmember friends.,https://www.churchofjesuschrist.org/study/general-conference/2016/04/to-the-rescue-we-can-do-it,1361.0,10:41,641.0,ok,,2016-04,4032,April,Of the Seventy,seventy,legacy_csv,legacy_csv_runtime,3,127.39469578783151,general-conference/2016/04/to-the-rescue-we-can-do-it
2016,4,saturday-afternoon,4,Jairo Mazzagardi,Jairo Mazzagardi,Of the Seventy,The Sacred Place of Restoration,"Palmyra was the stage of the Restoration, where the Father’s voice would be heard after nearly two millennia.",https://www.churchofjesuschrist.org/study/general-conference/2016/04/the-sacred-place-of-restoration,1412.0,,603.0,ok,legacy runtime nan (missing) replaced by official video duration,2016-04,4032,April,Of the Seventy,seventy,legacy_csv,video_data_duration,4,140.49751243781094,general-conference/2016/04/the-sacred-place-of-restoration
2016,4,saturday-afternoon,5,David A. Bednar,David A. Bednar,Of the Quorum of the Twelve Apostles,Always Retain a Remission of Your Sins,"By the sanctifying power of the Holy Ghost as our constant companion, we can always retain a remission of our sins.",https://www.churchofjesuschrist.org/study/general-conference/2016/04/always-retain-a-remission-of-your-sins,1893.0,15:20,920.0,ok,,2016-04,4032,April,Of the Quorum of the Twelve Apostles,twelve,legacy_csv,legacy_csv_runtime,5,123.45652173913042,general-conference/2016/04/always-retain-a-remission-of-your-sins
2016,4,saturday-afternoon,6,M. Russell Ballard,M. Russell Ballard,Of the Quorum of the Twelve Apostles,Family Councils,"When parents are prepared and children listen and participate in the discussion, the family council is truly working!",https://www.churchofjesuschrist.org/study/general-conference/2016/04/family-councils,1716.0,14:28,868.0,ok,,2016-04,4032,April,Of the Quorum of the Twelve Apostles,twelve,legacy_csv,legacy_csv_runtime,6,118.61751152073732,general-conference/2016/04/family-councils
2016,4,saturday-morning,1,Henry B. Eyring,Henry B. Eyring,First Counselor in the First Presidency,Where Two or Three Are Gathered,"If you listen with the Spirit, you will find your heart softened, your faith strengthened, and your capacity to love the Lord increased.",https://www.churchofjesuschrist.org/study/general-conference/2016/04/where-two-or-three-are-gathered,2140.0,14:23,863.0,ok,,2016-04,4032,April,First Counselor in the First Presidency,first_presidency_counselor,legacy_csv,legacy_csv_runtime,1,148.7833140208575,general-conference/2016/04/where-two-or-three-are-gathered
2016,4,saturday-morning,2,Mary R. Durham,Mary R. Durham,Recently Released Second Counselor in the Primary General Presidency,A Child’s Guiding Gift,How do we teach our children to kick off worldly influences and trust the Spirit?,https://www.churchofjesuschrist.org/study/general-conference/2016/04/a-childs-guiding-gift,1267.0,9:46,586.0,ok,,2016-04,4032,April,Second Counselor in the Primary General Presidency,auxiliary_counselor,legacy_csv,legacy_csv_runtime,2,129.72696245733786,general-conference/2016/04/a-childs-guiding-gift
2016,4,saturday-morning,3,Donald L. Hallstrom,Donald L. Hallstrom,Of the Presidency of the Seventy,I Am a Child of God,A correct understanding of our heavenly heritage is essential to exaltation.,https://www.churchofjesuschrist.org/study/general-conference/2016/04/i-am-a-child-of-god,1440.0,11:39,699.0,ok,,2016-04,4032,April,Of the Presidency of the Seventy,seventy_presidency,legacy_csv,legacy_csv_runtime,3,123.60515021459227,general-conference/2016/04/i-am-a-child-of-god
2016,4,saturday-morning,4,Gary E. Stevenson,Gary E. Stevenson,Of the Quorum of the Twelve Apostles,Where Are the Keys and Authority of the Priesthood?,"Priesthood authority and keys start the engine, open the gates of heaven, facilitate heavenly power, and pave the covenant pathway back to our Heavenly Father.",https://www.churchofjesuschrist.org/study/general-conference/2016/04/where-are-the-keys-and-authority-of-the-priesthood,1922.0,,846.0,ok,legacy runtime nan (missing) replaced by official video duration,2016-04,4032,April,Of the Quorum of the Twelve Apostles,twelve,legacy_csv,video_data_duration,4,136.31205673758865,general-conference/2016/04/where-are-the-keys-and-authority-of-the-priesthood
2016,4,saturday-morning,5,Kevin R. Duncan,Kevin R. Duncan,Of the Seventy,The Healing Ointment of Forgiveness,"Forgiveness is a glorious, healing principle. We do not need to be a victim twice. We can forgive.",https://www.churchofjesuschrist.org/study/general-conference/2016/04/the-healing-ointment-of-forgiveness,1457.0,9:52,592.0,ok,,2016-04,4032,April,Of the Seventy,seventy,legacy_csv,legacy_csv_runtime,5,147.6689189189189,general-conference/2016/04/the-healing-ointment-of-forgiveness
2016,4,saturday-morning,6,Steven E. Snow,Steven E. Snow,Of the Seventy,Be Thou Humble,"Humility enables us to be better parents, sons and daughters, husbands and wives, neighbors and friends.",https://www.churchofjesuschrist.org/study/general-conference/2016/04/be-thou-humble,1473.0,10:58,658.0,ok,,2016-04,4032,April,Of the Seventy,seventy,legacy_csv,legacy_csv_runtime,6,134.3161094224924,general-conference/2016/04/be-thou-humble
2016,4,saturday-morning,7,Dale G. Renlund,Dale G. Renlund,Of the Quorum of the Twelve Apostles,“That I Might Draw All Men unto Me”,"As we draw closer to God, the enabling power of the Atonement of Jesus Christ will come into our lives.",https://www.churchofjesuschrist.org/study/general-conference/2016/04/that-i-might-draw-all-men-unto-me,1861.0,13:40,820.0,ok,,2016-04,4032,April,Of the Quorum of the Twelve Apostles,twelve,legacy_csv,legacy_csv_runtime,7,136.1707317073171,general-conference/2016/04/that-i-might-draw-all-men-unto-me
2016,4,sunday-afternoon,1,Robert D. Hales,Robert D. Hales,Of the Quorum of the Twelve Apostles,The Holy Ghost,"I express my love and gratitude to Heavenly Father for the gift of the Holy Ghost, through which He reveals His will and sustains us.",https://www.churchofjesuschrist.org/study/general-conference/2016/04/the-holy-ghost,1571.0,14:31,871.0,ok,,2016-04,4032,April,Of the Quorum of the Twelve Apostles,twelve,legacy_csv,legacy_csv_runtime,1,108.22043628013776,general-conference/2016/04/the-holy-ghost
2016,4,sunday-afternoon,2,Gerrit W. Gong,Gerrit W. Gong,Of the Presidency of the Seventy,Always Remember Him,"I humbly testify and pray that we will always remember Him—in all times, all things, and all places we may be in.",https://www.churchofjesuschrist.org/study/general-conference/2016/04/always-remember-him,1639.0,,726.292,ok,legacy runtime nan (missing) replaced by official video duration,2016-04,4032,April,Of the Presidency of the Seventy,seventy_presidency,legacy_csv,video_data_duration,2,135.40008701734288,general-conference/2016/04/always-remember-him
2016,4,sunday-afternoon,3,Patrick Kearon,Patrick Kearon,Of the Seventy,Refuge from the Storm,"This moment does not define the refugees, but our response will help define us.",https://www.churchofjesuschrist.org/study/general-conference/2016/04/refuge-from-the-storm,1634.0,12:42,762.0,ok,,2016-04,4032,April,Of the Seventy,seventy,legacy_csv,legacy_csv_runtime,3,128.66141732283467,general-conference/2016/04/refuge-from-the-storm
2016,4,sunday-afternoon,4,Dallin H. Oaks,Dallin H. Oaks,Of the Quorum of the Twelve Apostles,Opposition in All Things,Opposition permits us to grow toward what our Heavenly Father would have us become.,https://www.churchofjesuschrist.org/study/general-conference/2016/04/opposition-in-all-things,1899.0,15:28,928.0,ok,,2016-04,4032,April,Of the Quorum of the Twelve Apostles,twelve,legacy_csv,legacy_csv_runtime,4,122.7801724137931,general-conference/2016/04/opposition-in-all-things
2016,4,sunday-afternoon,5,Kent F. Richards,Kent F. Richards,Of the Seventy,The Power of Godliness,"Each temple is God’s holy, sacred house, and therein each of us may learn and know the powers of godliness.",https://www.churchofjesuschrist.org/study/general-conference/2016/04/the-power-of-godliness,1531.0,10:38,638.0,ok,,2016-04,4032,April,Of the Seventy,seventy,legacy_csv,legacy_csv_runtime,5,143.98119122257054,general-conference/2016/04/the-power-of-godliness
2016,4,sunday-afternoon,6,Paul V. Johnson,Paul V. Johnson,Of the Seventy,And There Shall Be No More Death,"For all who have grieved over the death of someone they loved, the Resurrection is a source of great hope.",https://www.churchofjesuschrist.org/study/general-conference/2016/04/and-there-shall-be-no-more-death,1304.0,10:15,615.0,ok,,2016-04,4032,April,Of the Seventy,seventy,legacy_csv,legacy_csv_runtime,6,127.21951219512195,general-conference/2016/04/and-there-shall-be-no-more-death
2016,4,sunday-afternoon,7,Jeffrey R. Holland,Jeffrey R. Holland,Of the Quorum of the Twelve Apostles,Tomorrow the Lord Will Do Wonders among You,"Keep loving. Keep trying. Keep trusting. Keep believing. Keep growing. Heaven is cheering you on today, tomorrow, and forever.",https://www.churchofjesuschrist.org/study/general-conference/2016/04/tomorrow-the-lord-will-do-wonders-among-you,1861.0,19:24,1164.0,ok,,2016-04,4032,April,Of the Quorum of the Twelve Apostles,twelve,legacy_csv,legacy_csv_runtime,7,95.9278350515464,general-conference/2016/04/tomorrow-the-lord-will-do-wonders-among-you
2016,4,sunday-morning,1,Thomas S. Monson,Thomas S. Monson,President of the Church,Choices,May we ever choose the harder right instead of the easier wrong.,https://www.churchofjesuschrist.org/study/general-conference/2016/04/choices,493.0,4:13,253.0,ok,,2016-04,4032,April,President of the Church,church_president,legacy_csv,legacy_csv_runtime,1,116.91699604743083,general-conference/2016/04/choices
2016,4,sunday-morning,2,Bonnie L. Oscarson,Bonnie L. Oscarson,Young Women General President,Do I Believe?,"If these things are true, then we have the greatest message of hope and help that the world has ever known.",https://www.churchofjesuschrist.org/study/general-conference/2016/04/do-i-believe,1751.0,11:31,691.0,ok,,2016-04,4032,April,Young Women General President,auxiliary_president,legacy_csv,legacy_csv_runtime,2,152.04052098408104,general-conference/2016/04/do-i-believe
2016,4,sunday-morning,3,W. Christopher Waddell,W. Christopher Waddell,Second Counselor in the Presiding Bishopric,A Pattern for Peace,"The peace we all seek requires us to act—by learning of Jesus Christ, by listening to His words, and by walking with Him.",https://www.churchofjesuschrist.org/study/general-conference/2016/04/a-pattern-for-peace,2038.0,12:56,776.0,ok,,2016-04,4032,April,Second Counselor in the Presiding Bishopric,presiding_bishopric,legacy_csv,legacy_csv_runtime,3,157.57731958762886,general-conference/2016/04/a-pattern-for-peace
2016,4,sunday-morning,4,D. Todd Christofferson,D. Todd Christofferson,Of the Quorum of the Twelve Apostles,Fathers,I focus today on the good that men can do in the highest of masculine roles—husband and father.,https://www.churchofjesuschrist.org/study/general-conference/2016/04/fathers,2285.0,15:60,959.925,ok,legacy runtime '15:60' (unparseable) replaced by official video duration,2016-04,4032,April,Of the Quorum of the Twelve Apostles,twelve,legacy_csv,video_data_duration,4,142.82365809828894,general-conference/2016/04/fathers
2016,4,sunday-morning,5,Quentin L. Cook,Quentin L. Cook,Of the Quorum of the Twelve Apostles,See Yourself in the Temple,I pray that each of us will honor the Savior and make any necessary changes to see ourselves in His sacred temples.,https://www.churchofjesuschrist.org/study/general-conference/2016/04/see-yourself-in-the-temple,2174.0,16:23,983.0,ok,,2016-04,4032,April,Of the Quorum of the Twelve Apostles,twelve,legacy_csv,legacy_csv_runtime,5,132.69582909460834,general-conference/2016/04/see-yourself-in-the-temple
2016,4,sunday-morning,6,Dieter F. Uchtdorf,Dieter F. Uchtdorf,Second Counselor in the First Presidency,He Will Place You on His Shoulders and Carry You Home,"Just as the Good Shepherd finds His lost sheep, if you will only lift up your heart to the Savior of the world, He will find you.",https://www.churchofjesuschrist.org/study/general-conference/2016/04/he-will-place-you-on-his-shoulders-and-carry-you-home,1980.0,,1141.44,ok,legacy runtime nan (missing) replaced by official video duration,2016-04,4032,April,Second Counselor in the First Presidency,first_presidency_counselor,legacy_csv,video_data_duration,6,104.07905803195962,general-conference/2016/04/he-will-place-you-on-his-shoulders-and-carry-you-home
2016,4,womens,1,Cheryl A. Esplin,Cheryl A. Esplin,First Counselor in the Primary General Presidency,He Asks Us to Be His Hands,True Christlike service is selfless and focuses on others.,https://www.churchofjesuschrist.org/study/general-conference/2016/04/he-asks-us-to-be-his-hands,1397.0,10:19,619.0,ok,,2016-04,4032,April,First Counselor in the Primary General Presidency,auxiliary_counselor,legacy_csv,legacy_csv_runtime,1,135.4119547657512,general-conference/2016/04/he-asks-us-to-be-his-hands
2016,4,womens,2,Neill F. Marriott,Neill F. Marriott,Second Counselor in the Young Women General Presidency,What Shall We Do?,We build the kingdom when we nurture others. We also build the kingdom when we speak up and testify of truth.,https://www.churchofjesuschrist.org/study/general-conference/2016/04/what-shall-we-do,1384.0,11:52,712.0,ok,,2016-04,4032,April,Second Counselor in the Young Women General Presidency,auxiliary_counselor,legacy_csv,legacy_csv_runtime,2,116.62921348314606,general-conference/2016/04/what-shall-we-do
2016,4,womens,3,Linda K. Burton,Linda K. Burton,Relief Society General President,“I Was a Stranger”,Prayerfully determine what you can do—according to your own time and circumstance—to serve the refugees living in your neighborhoods and communities.,https://www.churchofjesuschrist.org/study/general-conference/2016/04/i-was-a-stranger,1519.0,10:16,616.0,ok,,2016-04,4032,April,Relief Society General President,auxiliary_president,legacy_csv,legacy_csv_runtime,3,147.95454545454544,general-conference/2016/04/i-was-a-stranger
2016,4,womens,4,Henry B. Eyring,Henry B. Eyring,First Counselor in the First Presidency,Trust in That Spirit Which Leadeth to Do Good,"We grow closer to the Savior as we, out of pure love, serve others for Him.",https://www.churchofjesuschrist.org/study/general-conference/2016/04/trust-in-that-spirit-which-leadeth-to-do-good,1811.0,13:31,811.0,ok,,2016-04,4032,April,First Counselor in the First Presidency,first_presidency_counselor,legacy_csv,legacy_csv_runtime,4,133.98273736128235,general-conference/2016/04/trust-in-that-spirit-which-leadeth-to-do-good
2016,10,priesthood,1,Jeffrey R. Holland,Jeffrey R. Holland,Of the Quorum of the Twelve Apostles,Emissaries to the Church,"We are asking you as home teachers to be God’s emissaries to His children, to love and care and pray for the people you are assigned.",https://www.churchofjesuschrist.org/study/general-conference/2016/10/emissaries-to-the-church,1693.0,15:22,922.0,ok,,2016-10,4033,October,Of the Quorum of the Twelve Apostles,twelve,legacy_csv,legacy_csv_runtime,1,110.17353579175705,general-conference/2016/10/emissaries-to-the-church
2016,10,priesthood,2,LeGrand R. Curtis Jr.,LeGrand R. Curtis Jr.,Of the Seventy,There Is Power in the Book,The greatest power of the Book of Mormon is its impact in bringing us closer to Jesus Christ.,https://www.churchofjesuschrist.org/study/general-conference/2016/10/there-is-power-in-the-book,1921.0,,729.0,ok,legacy runtime nan (missing) replaced by official video duration,2016-10,4033,October,Of the Seventy,seventy,legacy_csv,video_data_duration,2,158.10699588477365,general-conference/2016/10/there-is-power-in-the-book
2016,10,priesthood,3,Dieter F. Uchtdorf,Dieter F. Uchtdorf,Second Counselor in the First Presidency,Learn from Alma and Amulek,It is my hope that those who have strayed from the path of discipleship will see with their hearts and learn from Alma and Amulek.,https://www.churchofjesuschrist.org/study/general-conference/2016/10/learn-from-alma-and-amulek,1981.0,18:33,1113.0,ok,,2016-10,4033,October,Second Counselor in the First Presidency,first_presidency_counselor,legacy_csv,legacy_csv_runtime,3,106.79245283018868,general-conference/2016/10/learn-from-alma-and-amulek
2016,10,priesthood,4,Henry B. Eyring,Henry B. Eyring,First Counselor in the First Presidency,That He May Become Strong Also,I pray that we will rise to our call to lift others to prepare them for their glorious service.,https://www.churchofjesuschrist.org/study/general-conference/2016/10/that-he-may-become-strong-also,2196.0,17:20,1040.0,ok,,2016-10,4033,October,First Counselor in the First Presidency,first_presidency_counselor,legacy_csv,legacy_csv_runtime,4,126.69230769230771,general-conference/2016/10/that-he-may-become-strong-also
2016,10,priesthood,5,Thomas S. Monson,Thomas S. Monson,President of the Church,Principles and Promises,"May we care for our bodies and our minds by observing the principles set forth in the Word of Wisdom, a divinely provided plan.",https://www.churchofjesuschrist.org/study/general-conference/2016/10/principles-and-promises,511.0,4:40,280.0,ok,,2016-10,4033,October,President of the Church,church_president,legacy_csv,legacy_csv_runtime,5,109.5,general-conference/2016/10/principles-and-promises
2016,10,saturday-afternoon,1,Quentin L. Cook,Quentin L. Cook,Of the Quorum of the Twelve Apostles,Valiant in the Testimony of Jesus,We cannot afford to have our testimonies of the Father and the Son become confused and complicated by stumbling blocks.,https://www.churchofjesuschrist.org/study/general-conference/2016/10/valiant-in-the-testimony-of-jesus,2106.0,15:34,934.0,ok,,2016-10,4033,October,Of the Quorum of the Twelve Apostles,twelve,legacy_csv,legacy_csv_runtime,1,135.28907922912205,general-conference/2016/10/valiant-in-the-testimony-of-jesus
2016,10,saturday-afternoon,2,Gary E. Stevenson,Gary E. Stevenson,Of the Quorum of the Twelve Apostles,"Look to the Book, Look to the Lord","Can you see the Book of Mormon as your keystone, your spiritual center of strength?",https://www.churchofjesuschrist.org/study/general-conference/2016/10/look-to-the-book-look-to-the-lord,2201.0,,906.605,ok,legacy runtime nan (missing) replaced by official video duration,2016-10,4033,October,Of the Quorum of the Twelve Apostles,twelve,legacy_csv,video_data_duration,2,145.6643190805257,general-conference/2016/10/look-to-the-book-look-to-the-lord
2016,10,saturday-afternoon,3,D. Todd Christofferson,D. Todd Christofferson,Of the Quorum of the Twelve Apostles,“Abide in My Love”,"God’s love is infinite and it will endure forever, but what it means for each of us depends on how we respond to His love.",https://www.churchofjesuschrist.org/study/general-conference/2016/10/abide-in-my-love,2078.0,,908.974,ok,legacy runtime nan (missing) replaced by official video duration,2016-10,4033,October,Of the Quorum of the Twelve Apostles,twelve,legacy_csv,video_data_duration,3,137.16563950123987,general-conference/2016/10/abide-in-my-love
2016,10,saturday-afternoon,4,W. Mark Bassett,W. Mark Bassett,Of the Seventy,For Our Spiritual Development and Learning,The mysteries of God are unfolded unto us only according to His will and by the power of the Holy Ghost.,https://www.churchofjesuschrist.org/study/general-conference/2016/10/for-our-spiritual-development-and-learning,1613.0,11:48,708.0,ok,,2016-10,4033,October,Of the Seventy,seventy,legacy_csv,legacy_csv_runtime,4,136.6949152542373,general-conference/2016/10/for-our-spiritual-development-and-learning
2016,10,saturday-afternoon,5,Kazuhiko Yamashita,Kazuhiko Yamashita,Of the Seventy,Be Ambitious for Christ,"We are ambitious for Christ when we serve faithfully, accept humbly, endure nobly, pray fervently, and partake worthily.",https://www.churchofjesuschrist.org/study/general-conference/2016/10/be-ambitious-for-christ,1269.0,11:14,674.0,ok,,2016-10,4033,October,Of the Seventy,seventy,legacy_csv,legacy_csv_runtime,5,112.96735905044511,general-conference/2016/10/be-ambitious-for-christ
2016,10,saturday-afternoon,6,Dallin H. Oaks,Dallin H. Oaks,Of the Quorum of the Twelve Apostles,Sharing the Restored Gospel,What we call “member missionary work” is not a program but an attitude of love and outreach to help those around us.,https://www.churchofjesuschrist.org/study/general-conference/2016/10/sharing-the-restored-gospel,1858.0,,961.627,ok,legacy runtime nan (missing) replaced by official video duration,2016-10,4033,October,Of the Quorum of the Twelve Apostles,twelve,legacy_csv,video_data_duration,6,115.92852530139027,general-conference/2016/10/sharing-the-restored-gospel
2016,10,saturday-morning,1,Dieter F. Uchtdorf,Dieter F. Uchtdorf,Second Counselor in the First Presidency,O How Great the Plan of Our God!,We are surrounded by such an astonishing wealth of light and truth that I wonder if we truly appreciate what we have.,https://www.churchofjesuschrist.org/study/general-conference/2016/10/o-how-great-the-plan-of-our-god,2047.0,18:35,1115.0,ok,,2016-10,4033,October,Second Counselor in the First Presidency,first_presidency_counselor,legacy_csv,legacy_csv_runtime,1,110.15246636771302,general-conference/2016/10/o-how-great-the-plan-of-our-god
2016,10,saturday-morning,2,Robert D. Hales,Robert D. Hales,Of the Quorum of the Twelve Apostles,"“Come, Follow Me” by Practicing Christian Love and Service","As the Savior’s latter-day disciples, we come unto Him by loving and serving God’s children.",https://www.churchofjesuschrist.org/study/general-conference/2016/10/come-follow-me-by-practicing-christian-love-and-service,1485.0,13:29,809.0,ok,,2016-10,4033,October,Of the Quorum of the Twelve Apostles,twelve,legacy_csv,legacy_csv_runtime,2,110.13597033374538,general-conference/2016/10/come-follow-me-by-practicing-christian-love-and-service
2016,10,saturday-morning,3,Carol F. McConkie,Carol F. McConkie,First Counselor in the Young Women General Presidency,The Soul’s Sincere Desire,"Every moment of precious prayer can be holy time spent with our Father, in the name of the Son, by the power of the Holy Ghost.",https://www.churchofjesuschrist.org/study/general-conference/2016/10/the-souls-sincere-desire,1433.0,11:30,690.0,ok,,2016-10,4033,October,First Counselor in the Young Women General Presidency,auxiliary_counselor,legacy_csv,legacy_csv_runtime,3,124.6086956521739,general-conference/2016/10/the-souls-sincere-desire
2016,10,saturday-morning,4,Craig C. Christensen,Craig C. Christensen,Of the Presidency of the Seventy,“A Choice Seer Will I Raise Up”,"Because Joseph was a prophet, we have more than a window into heaven—the very doorway to the eternities is open to us.",https://www.churchofjesuschrist.org/study/general-conference/2016/10/a-choice-seer-will-i-raise-up,1656.0,,720.219,ok,legacy runtime nan (missing) replaced by official video duration,2016-10,4033,October,Of the Presidency of the Seventy,seventy_presidency,legacy_csv,video_data_duration,4,137.9580377635136,general-conference/2016/10/a-choice-seer-will-i-raise-up
2016,10,saturday-morning,5,Juan A. Uceda,Juan A. Uceda,Of the Seventy,The Lord Jesus Christ Teaches Us to Pray,"When you pray, are you really praying or just saying prayers?",https://www.churchofjesuschrist.org/study/general-conference/2016/10/the-lord-jesus-christ-teaches-us-to-pray,1312.0,10:11,611.0,ok,,2016-10,4033,October,Of the Seventy,seventy,legacy_csv,legacy_csv_runtime,5,128.83797054009818,general-conference/2016/10/the-lord-jesus-christ-teaches-us-to-pray
2016,10,saturday-morning,6,J. Devn Cornish,J. Devn Cornish,Of the Seventy,Am I Good Enough? Will I Make It?,If you will really try and will not rationalize or rebel—repenting often and pleading for grace—you positively are going to be “good enough.”,https://www.churchofjesuschrist.org/study/general-conference/2016/10/am-i-good-enough-will-i-make-it,1562.0,9:51,591.0,ok,,2016-10,4033,October,Of the Seventy,seventy,legacy_csv,legacy_csv_runtime,6,158.57868020304568,general-conference/2016/10/am-i-good-enough-will-i-make-it
2016,10,saturday-morning,7,Neil L. Andersen,Neil L. Andersen,Of the Quorum of the Twelve Apostles,A Witness of God,"I suggest that you stop feeling guilty about any insufficiency you think you have in sharing the gospel. Rather, pray “to stand as [a witness] of God.” This is a much stronger motivation than guilt.",https://www.churchofjesuschrist.org/study/general-conference/2016/10/a-witness-of-god,1887.0,15:43,943.0,ok,,2016-10,4033,October,Of the Quorum of the Twelve Apostles,twelve,legacy_csv,legacy_csv_runtime,7,120.06362672322375,general-conference/2016/10/a-witness-of-god
2016,10,sunday-afternoon,1,David A. Bednar,David A. Bednar,Of the Quorum of the Twelve Apostles,“If Ye Had Known Me”,"Do we only know about the Savior, or are we increasingly coming to know Him? How do we come to know the Lord?",https://www.churchofjesuschrist.org/study/general-conference/2016/10/if-ye-had-known-me,2000.0,15:42,942.0,ok,,2016-10,4033,October,Of the Quorum of the Twelve Apostles,twelve,legacy_csv,legacy_csv_runtime,1,127.38853503184714,general-conference/2016/10/if-ye-had-known-me
2016,10,sunday-afternoon,2,Brian K. Ashton,Brian K. Ashton,Second Counselor in the Sunday School General Presidency,The Doctrine of Christ,The doctrine of Christ allows us to access the spiritual power that will lift us from our current spiritual state to a state where we can become perfected.,https://www.churchofjesuschrist.org/study/general-conference/2016/10/the-doctrine-of-christ,1768.0,,668.0,ok,legacy runtime nan (missing) replaced by official video duration,2016-10,4033,October,Second Counselor in the Sunday School General Presidency,auxiliary_counselor,legacy_csv,video_data_duration,2,158.80239520958085,general-conference/2016/10/the-doctrine-of-christ
2016,10,sunday-afternoon,3,Carl B. Cook,Carl B. Cook,Of the Seventy,Serve,"Every member is needed, and every member needs an opportunity to serve.",https://www.churchofjesuschrist.org/study/general-conference/2016/10/serve,1493.0,10:59,659.0,ok,,2016-10,4033,October,Of the Seventy,seventy,legacy_csv,legacy_csv_runtime,3,135.9332321699545,general-conference/2016/10/serve
2016,10,sunday-afternoon,4,Ronald A. Rasband,Ronald A. Rasband,Of the Quorum of the Twelve Apostles,Lest Thou Forget,"I encourage you to recall, especially in times of crisis, when you felt the Spirit and your testimony was strong; remember the spiritual foundations you have built.",https://www.churchofjesuschrist.org/study/general-conference/2016/10/lest-thou-forget,1939.0,15:53,953.0,ok,,2016-10,4033,October,Of the Quorum of the Twelve Apostles,twelve,legacy_csv,legacy_csv_runtime,4,122.07764952780693,general-conference/2016/10/lest-thou-forget
2016,10,sunday-afternoon,5,Evan A. Schmutz,Evan A. Schmutz,Of the Seventy,God Shall Wipe Away All Tears,"As we exercise our faith in the Savior, He will lift us up and carry us through all of our trials and, ultimately, save us in the celestial kingdom.",https://www.churchofjesuschrist.org/study/general-conference/2016/10/god-shall-wipe-away-all-tears,1509.0,11:54,714.0,ok,,2016-10,4033,October,Of the Seventy,seventy,legacy_csv,legacy_csv_runtime,5,126.80672268907563,general-conference/2016/10/god-shall-wipe-away-all-tears
2016,10,sunday-afternoon,6,K. Brett Nattress,K. Brett Nattress,Of the Seventy,No Greater Joy Than to Know That They Know,I don’t know if anything in this world could bring more happiness and joy than to know that our children know the Savior.,https://www.churchofjesuschrist.org/study/general-conference/2016/10/no-greater-joy-than-to-know-that-they-know,1363.0,10:38,638.0,ok,,2016-10,4033,October,Of the Seventy,seventy,legacy_csv,legacy_csv_runtime,6,128.1818181818182,general-conference/2016/10/no-greater-joy-than-to-know-that-they-know
2016,10,sunday-afternoon,7,Dale G. Renlund,Dale G. Renlund,Of the Quorum of the Twelve Apostles,Repentance: A Joyful Choice,Repentance is not only possible but also joyful because of our Savior.,https://www.churchofjesuschrist.org/study/general-conference/2016/10/repentance-a-joyful-choice,1938.0,15:45,945.0,ok,,2016-10,4033,October,Of the Quorum of the Twelve Apostles,twelve,legacy_csv,legacy_csv_runtime,7,123.04761904761905,general-conference/2016/10/repentance-a-joyful-choice
2016,10,sunday-morning,1,Thomas S. Monson,Thomas S. Monson,President of the Church,The Perfect Path to Happiness,I testify of the great gift which is our Father’s plan for us. It is the one perfect path to peace and happiness.,https://www.churchofjesuschrist.org/study/general-conference/2016/10/the-perfect-path-to-happiness,535.0,4:40,280.0,ok,,2016-10,4033,October,President of the Church,church_president,legacy_csv,legacy_csv_runtime,1,114.64285714285714,general-conference/2016/10/the-perfect-path-to-happiness
2016,10,sunday-morning,2,Russell M. Nelson,Russell M. Nelson,President of the Quorum of the Twelve Apostles,Joy and Spiritual Survival,"When the focus of our lives is on Jesus Christ and His gospel, we can feel joy regardless of what is happening—or not happening—in our lives.",https://www.churchofjesuschrist.org/study/general-conference/2016/10/joy-and-spiritual-survival,1631.0,,1021.22,ok,legacy runtime nan (missing) replaced by official video duration,2016-10,4033,October,President of the Quorum of the Twelve Apostles,twelve_president,legacy_csv,video_data_duration,2,95.82656038855487,general-conference/2016/10/joy-and-spiritual-survival
2016,10,sunday-morning,3,Peter F. Meurs,Peter F. Meurs,Of the Seventy,The Sacrament Can Help Us Become Holy,Consider five ways to increase the impact and power of our regular participation in the sacred ordinance of the sacrament.,https://www.churchofjesuschrist.org/study/general-conference/2016/10/the-sacrament-can-help-us-become-holy,1300.0,9:55,595.0,ok,,2016-10,4033,October,Of the Seventy,seventy,legacy_csv,legacy_csv_runtime,3,131.09243697478993,general-conference/2016/10/the-sacrament-can-help-us-become-holy
2016,10,sunday-morning,4,Linda S. Reeves,Linda S. Reeves,Second Counselor in the Relief Society General Presidency,The Great Plan of Redemption,"I know that when we sincerely repent of our sins, they are truly gone—without a trace!",https://www.churchofjesuschrist.org/study/general-conference/2016/10/the-great-plan-of-redemption,1482.0,,668.0,ok,legacy runtime nan (missing) replaced by official video duration,2016-10,4033,October,Second Counselor in the Relief Society General Presidency,auxiliary_counselor,legacy_csv,video_data_duration,4,133.11377245508982,general-conference/2016/10/the-great-plan-of-redemption
2016,10,sunday-morning,5,M. Russell Ballard,M. Russell Ballard,Of the Quorum of the Twelve Apostles,To Whom Shall We Go?,"In the end, each one of us must respond to the Savior’s question: “Will ye also go away?”",https://www.churchofjesuschrist.org/study/general-conference/2016/10/to-whom-shall-we-go,1682.0,14:23,863.0,ok,,2016-10,4033,October,Of the Quorum of the Twelve Apostles,twelve,legacy_csv,legacy_csv_runtime,5,116.94090382387023,general-conference/2016/10/to-whom-shall-we-go
2016,10,sunday-morning,6,Dean M. Davies,Dean M. Davies,First Counselor in the Presiding Bishopric,The Blessings of Worship,"Worship is essential and central to our spiritual life. It is something we should yearn for, seek out, and strive to experience.",https://www.churchofjesuschrist.org/study/general-conference/2016/10/the-blessings-of-worship,1591.0,11:29,689.0,ok,,2016-10,4033,October,First Counselor in the Presiding Bishopric,presiding_bishopric,legacy_csv,legacy_csv_runtime,6,138.54862119013063,general-conference/2016/10/the-blessings-of-worship
2016,10,sunday-morning,7,Lynn G. Robbins,Lynn G. Robbins,Of the Presidency of the Seventy,The Righteous Judge,"There is only one way to judge righteous judgment, as Jesus Christ does, and that is to be as He is.",https://www.churchofjesuschrist.org/study/general-conference/2016/10/the-righteous-judge,1557.0,10:25,625.0,ok,,2016-10,4033,October,Of the Presidency of the Seventy,seventy_presidency,legacy_csv,legacy_csv_runtime,7,149.472,general-conference/2016/10/the-righteous-judge
2016,10,sunday-morning,8,Henry B. Eyring,Henry B. Eyring,First Counselor in the First Presidency,Gratitude on the Sabbath Day,"For Latter-day Saints, the Sabbath is a day of gratitude and love.",https://www.churchofjesuschrist.org/study/general-conference/2016/10/gratitude-on-the-sabbath-day,2088.0,15:57,957.0,ok,,2016-10,4033,October,First Counselor in the First Presidency,first_presidency_counselor,legacy_csv,legacy_csv_runtime,8,130.9090909090909,general-conference/2016/10/gratitude-on-the-sabbath-day
2016,10,womens,1,Jean B. Bingham,Jean B. Bingham,First Counselor in the Primary General Presidency,I Will Bring the Light of the Gospel into My Home,"We can bring the light of the gospel into our homes, schools, and workplaces if we look for and share positive things about others.",https://www.churchofjesuschrist.org/study/general-conference/2016/10/i-will-bring-the-light-of-the-gospel-into-my-home,1805.0,11:57,717.0,ok,,2016-10,4033,October,First Counselor in the Primary General Presidency,auxiliary_counselor,legacy_csv,legacy_csv_runtime,1,151.0460251046025,general-conference/2016/10/i-will-bring-the-light-of-the-gospel-into-my-home
2016,10,womens,2,Carole M. Stephens,Carole M. Stephens,First Counselor in the Relief Society General Presidency,The Master Healer,"You don’t have to experience the sorrow caused by sin, the pain caused by others’ actions, or the painful realities of mortality—alone.",https://www.churchofjesuschrist.org/study/general-conference/2016/10/the-master-healer,1672.0,,780.513,ok,legacy runtime nan (missing) replaced by official video duration,2016-10,4033,October,First Counselor in the Relief Society General Presidency,auxiliary_counselor,legacy_csv,video_data_duration,2,128.53085086347056,general-conference/2016/10/the-master-healer
2016,10,womens,3,Bonnie L. Oscarson,Bonnie L. Oscarson,Young Women General President,"Rise Up in Strength, Sisters in Zion","To be converted covenant keepers, we need to study the essential doctrines of the gospel and have an unshakable testimony of their truthfulness.",https://www.churchofjesuschrist.org/study/general-conference/2016/10/rise-up-in-strength-sisters-in-zion,1904.0,12:41,761.0,ok,,2016-10,4033,October,Young Women General President,auxiliary_president,legacy_csv,legacy_csv_runtime,3,150.11826544021025,general-conference/2016/10/rise-up-in-strength-sisters-in-zion
2016,10,womens,4,Dieter F. Uchtdorf,Dieter F. Uchtdorf,Second Counselor in the First Presidency,"Fourth Floor, Last Door","God “rewards those who earnestly seek him,” so we need to keep knocking. Sisters, don’t give up. Seek God with all your heart.",https://www.churchofjesuschrist.org/study/general-conference/2016/10/fourth-floor-last-door,2189.0,21:33,1293.0,ok,,2016-10,4033,October,Second Counselor in the First Presidency,first_presidency_counselor,legacy_csv,legacy_csv_runtime,4,101.57772621809744,general-conference/2016/10/fourth-floor-last-door
2017,4,priesthood,1,Thomas S. Monson,Thomas S. Monson,President of the Church,"Kindness, Charity, and Love","Let us examine our lives and determine to follow the Savior’s example by being kind, loving, and charitable.",https://www.churchofjesuschrist.org/study/general-conference/2017/04/kindness-charity-and-love,407.0,,243.0,ok,legacy runtime nan (missing) replaced by official video duration,2017-04,4034,April,President of the Church,church_president,legacy_csv,video_data_duration,1,100.49382716049384,general-conference/2017/04/kindness-charity-and-love
2017,4,priesthood,2,David A. Bednar,David A. Bednar,Of the Quorum of the Twelve Apostles,Called to the Work,An assignment to labor in a specific place is essential and important but secondary to a call to the work.,https://www.churchofjesuschrist.org/study/general-conference/2017/04/called-to-the-work,2020.0,16:13,973.0,ok,,2017-04,4034,April,Of the Quorum of the Twelve Apostles,twelve,legacy_csv,legacy_csv_runtime,2,124.56320657759508,general-conference/2017/04/called-to-the-work
2017,4,priesthood,3,Gérald Caussé,Gérald Caussé,Presiding Bishop,Prepare the Way,"Even though they are vested with different missions and authority, the Aaronic Priesthood and the Melchizedek Priesthood are inseparable partners in the work of salvation.",https://www.churchofjesuschrist.org/study/general-conference/2017/04/prepare-the-way,1714.0,12:14,734.0,ok,,2017-04,4034,April,Presiding Bishop,presiding_bishopric,legacy_csv,legacy_csv_runtime,3,140.1089918256131,general-conference/2017/04/prepare-the-way
2017,4,priesthood,4,Dieter F. Uchtdorf,Dieter F. Uchtdorf,Second Counselor in the First Presidency,The Greatest among You,God’s greatest reward goes to those who serve without expectation of reward.,https://www.churchofjesuschrist.org/study/general-conference/2017/04/the-greatest-among-you,2077.0,,1205.571,ok,legacy runtime nan (missing) replaced by official video duration,2017-04,4034,April,Second Counselor in the First Presidency,first_presidency_counselor,legacy_csv,video_data_duration,4,103.37010429082983,general-conference/2017/04/the-greatest-among-you
2017,4,priesthood,5,Henry B. Eyring,Henry B. Eyring,First Counselor in the First Presidency,“Walk with Me”,"Our ordination to the priesthood is an invitation from the Lord to walk with Him, to do what He does, to serve the way He serves.",https://www.churchofjesuschrist.org/study/general-conference/2017/04/walk-with-me,2564.0,18:21,1101.0,ok,,2017-04,4034,April,First Counselor in the First Presidency,first_presidency_counselor,legacy_csv,legacy_csv_runtime,5,139.72752043596728,general-conference/2017/04/walk-with-me
2017,4,saturday-afternoon,1,Robert D. Hales,Robert D. Hales,Of the Quorum of the Twelve Apostles,Becoming a Disciple of Our Lord Jesus Christ,The constellation of characteristics that result from faith in Christ are all necessary to our standing strong in these last days.,https://www.churchofjesuschrist.org/study/general-conference/2017/04/becoming-a-disciple-of-our-lord-jesus-christ,1278.0,,667.0,ok,legacy runtime nan (missing) replaced by official video duration,2017-04,4034,April,Of the Quorum of the Twelve Apostles,twelve,legacy_csv,video_data_duration,1,114.96251874062968,general-conference/2017/04/becoming-a-disciple-of-our-lord-jesus-christ
2017,4,saturday-afternoon,2,Jeffrey R. Holland,Jeffrey R. Holland,Of the Quorum of the Twelve Apostles,Songs Sung and Unsung,I plead with each one of us to stay permanently and faithfully in the choir.,https://www.churchofjesuschrist.org/study/general-conference/2017/04/songs-sung-and-unsung,1564.0,14:33,873.0,ok,,2017-04,4034,April,Of the Quorum of the Twelve Apostles,twelve,legacy_csv,legacy_csv_runtime,2,107.4914089347079,general-conference/2017/04/songs-sung-and-unsung
2017,4,saturday-afternoon,3,Gary B. Sabin,Gary B. Sabin,Of the Seventy,Stand Up Inside and Be All In,May we recalculate our route if need be and look forward with great hope and faith. May we “stand up inside” by being valiant and “all in.”,https://www.churchofjesuschrist.org/study/general-conference/2017/04/stand-up-inside-and-be-all-in,2055.0,11:59,719.0,ok,,2017-04,4034,April,Of the Seventy,seventy,legacy_csv,legacy_csv_runtime,3,171.48817802503478,general-conference/2017/04/stand-up-inside-and-be-all-in
2017,4,saturday-afternoon,4,Valeri V. Cordón,Valeri V. Cordón,Of the Seventy,The Language of the Gospel,"Powerful teaching is extremely important to preserve the gospel in our families, and it requires diligence and effort.",https://www.churchofjesuschrist.org/study/general-conference/2017/04/the-language-of-the-gospel,1528.0,12:28,748.0,ok,,2017-04,4034,April,Of the Seventy,seventy,legacy_csv,legacy_csv_runtime,4,122.56684491978609,general-conference/2017/04/the-language-of-the-gospel
2017,4,saturday-afternoon,5,Neil L. Andersen,Neil L. Andersen,Of the Quorum of the Twelve Apostles,Overcoming the World,"Overcoming the world is not one defining moment in a lifetime, but a lifetime of moments that define an eternity.",https://www.churchofjesuschrist.org/study/general-conference/2017/04/overcoming-the-world,1900.0,15:53,953.0,ok,,2017-04,4034,April,Of the Quorum of the Twelve Apostles,twelve,legacy_csv,legacy_csv_runtime,5,119.62224554039875,general-conference/2017/04/overcoming-the-world
2017,4,saturday-afternoon,6,M. Russell Ballard,M. Russell Ballard,Of the Quorum of the Twelve Apostles,Return and Receive,To return to God’s presence and to receive the eternal blessings that come from making and keeping covenants are the most important goals we can set.,https://www.churchofjesuschrist.org/study/general-conference/2017/04/return-and-receive,1758.0,16:11,971.0,ok,,2017-04,4034,April,Of the Quorum of the Twelve Apostles,twelve,legacy_csv,legacy_csv_runtime,6,108.63027806385169,general-conference/2017/04/return-and-receive
2017,4,saturday-morning,1,Henry B. Eyring,Henry B. Eyring,First Counselor in the First Presidency,Gathering the Family of God,"God the Father wants His children home again, in families and in glory.",https://www.churchofjesuschrist.org/study/general-conference/2017/04/gathering-the-family-of-god,2471.0,,1081.013,ok,legacy runtime nan (missing) replaced by official video duration,2017-04,4034,April,First Counselor in the First Presidency,first_presidency_counselor,legacy_csv,video_data_duration,1,137.1491369669005,general-conference/2017/04/gathering-the-family-of-god
2017,4,saturday-morning,2,M. Joseph Brough,M. Joseph Brough,Second Counselor in the Young Men General Presidency,His Daily Guiding Hand,Heavenly Father knows what you and I need better than anyone else.,https://www.churchofjesuschrist.org/study/general-conference/2017/04/his-daily-guiding-hand,1680.0,10:45,645.0,ok,,2017-04,4034,April,Second Counselor in the Young Men General Presidency,auxiliary_counselor,legacy_csv,legacy_csv_runtime,2,156.27906976744185,general-conference/2017/04/his-daily-guiding-hand
2017,4,saturday-morning,3,Weatherford T. Clayton,Weatherford T. Clayton,Of the Seventy,Our Father’s Glorious Plan,"Because of God’s holy plan, we know that birth and death are actually just milestones on our journey to eternal life with our Heavenly Father.",https://www.churchofjesuschrist.org/study/general-conference/2017/04/our-fathers-glorious-plan,1511.0,11:19,679.0,ok,,2017-04,4034,April,Of the Seventy,seventy,legacy_csv,legacy_csv_runtime,3,133.519882179676,general-conference/2017/04/our-fathers-glorious-plan
2017,4,saturday-morning,4,Dale G. Renlund,Dale G. Renlund,Of the Quorum of the Twelve Apostles,Our Good Shepherd,"Jesus Christ, our Good Shepherd, finds joy in seeing His diseased sheep progress toward healing.",https://www.churchofjesuschrist.org/study/general-conference/2017/04/our-good-shepherd,1809.0,15:21,921.0,ok,,2017-04,4034,April,Of the Quorum of the Twelve Apostles,twelve,legacy_csv,legacy_csv_runtime,4,117.85016286644951,general-conference/2017/04/our-good-shepherd
2017,4,saturday-morning,5,Ulisses Soares,Ulisses Soares,Of the Presidency of the Seventy,Confide in God Unwaveringly,"If we are steadfast and do not waver in our faith, the Lord will increase our capacity to raise ourselves above the challenges of life.",https://www.churchofjesuschrist.org/study/general-conference/2017/04/confide-in-god-unwaveringly,1510.0,,669.0,ok,legacy runtime nan (missing) replaced by official video duration,2017-04,4034,April,Of the Presidency of the Seventy,seventy_presidency,legacy_csv,video_data_duration,5,135.42600896860986,general-conference/2017/04/confide-in-god-unwaveringly
2017,4,saturday-morning,6,Mark A. Bragg,Mark A. Bragg,Of the Seventy,Brighter and Brighter until the Perfect Day,"Even in the most difficult and darkest of times, there is light and goodness all around us.",https://www.churchofjesuschrist.org/study/general-conference/2017/04/brighter-and-brighter-until-the-perfect-day,1347.0,10:23,623.0,ok,,2017-04,4034,April,Of the Seventy,seventy,legacy_csv,legacy_csv_runtime,6,129.7271268057785,general-conference/2017/04/brighter-and-brighter-until-the-perfect-day
2017,4,saturday-morning,7,Russell M. Nelson,Russell M. Nelson,President of the Quorum of the Twelve Apostles,Drawing the Power of Jesus Christ into Our Lives,"The gospel of Jesus Christ is filled with His power, which is available to every earnestly seeking daughter or son of God.",https://www.churchofjesuschrist.org/study/general-conference/2017/04/drawing-the-power-of-jesus-christ-into-our-lives,1574.0,14:51,891.0,ok,,2017-04,4034,April,President of the Quorum of the Twelve Apostles,twelve_president,legacy_csv,legacy_csv_runtime,7,105.993265993266,general-conference/2017/04/drawing-the-power-of-jesus-christ-into-our-lives
2017,4,sunday-afternoon,1,D. Todd Christofferson,D. Todd Christofferson,Of the Quorum of the Twelve Apostles,The Voice of Warning,"While the duty to warn is felt especially keenly by prophets, it is a duty shared by others as well.",https://www.churchofjesuschrist.org/study/general-conference/2017/04/the-voice-of-warning,2151.0,15:15,915.0,ok,,2017-04,4034,April,Of the Quorum of the Twelve Apostles,twelve,legacy_csv,legacy_csv_runtime,1,141.04918032786884,general-conference/2017/04/the-voice-of-warning
2017,4,sunday-afternoon,2,Joaquin E. Costa,Joaquin E. Costa,Of the Seventy,To the Friends and Investigators of the Church,"If you pay the price of revelation, humble yourself, read, pray, and repent, the heavens will open and you will know that Jesus is the Christ.",https://www.churchofjesuschrist.org/study/general-conference/2017/04/to-the-friends-and-investigators-of-the-church,1294.0,,603.636,ok,legacy runtime nan (missing) replaced by official video duration,2017-04,4034,April,Of the Seventy,seventy,legacy_csv,video_data_duration,2,128.62055940997556,general-conference/2017/04/to-the-friends-and-investigators-of-the-church
2017,4,sunday-afternoon,3,S. Mark Palmer,S. Mark Palmer,Of the Seventy,Then Jesus Beholding Him Loved Him,"Anytime you feel you are being asked to do something hard, think of the Lord beholding you, loving you, and inviting you to follow Him.",https://www.churchofjesuschrist.org/study/general-conference/2017/04/then-jesus-beholding-him-loved-him,1261.0,10:43,643.0,ok,,2017-04,4034,April,Of the Seventy,seventy,legacy_csv,legacy_csv_runtime,3,117.66718506998444,general-conference/2017/04/then-jesus-beholding-him-loved-him
2017,4,sunday-afternoon,4,Gary E. Stevenson,Gary E. Stevenson,Of the Quorum of the Twelve Apostles,How Does the Holy Ghost Help You?,"The Holy Ghost warns, the Holy Ghost comforts, and the Holy Ghost testifies.",https://www.churchofjesuschrist.org/study/general-conference/2017/04/how-does-the-holy-ghost-help-you,2195.0,15:25,925.0,ok,,2017-04,4034,April,Of the Quorum of the Twelve Apostles,twelve,legacy_csv,legacy_csv_runtime,4,142.3783783783784,general-conference/2017/04/how-does-the-holy-ghost-help-you
2017,4,sunday-afternoon,5,C. Scott Grow,C. Scott Grow,Of the Seventy,And This Is Life Eternal,God knows you and invites you to know Him.,https://www.churchofjesuschrist.org/study/general-conference/2017/04/and-this-is-life-eternal,1742.0,11:53,713.0,ok,,2017-04,4034,April,Of the Seventy,seventy,legacy_csv,legacy_csv_runtime,5,146.59186535764377,general-conference/2017/04/and-this-is-life-eternal
2017,4,sunday-afternoon,6,Benjamín De Hoyos,Benjamín De Hoyos,Of the Seventy,That Our Light May Be a Standard for the Nations,The Savior’s gospel and His restored Church give us many opportunities for our light to be a part of the great standard for the nations.,https://www.churchofjesuschrist.org/study/general-conference/2017/04/that-our-light-may-be-a-standard-for-the-nations,1358.0,,669.135,ok,legacy runtime nan (missing) replaced by official video duration,2017-04,4034,April,Of the Seventy,seventy,legacy_csv,video_data_duration,6,121.76914972315004,general-conference/2017/04/that-our-light-may-be-a-standard-for-the-nations
2017,4,sunday-afternoon,7,Quentin L. Cook,Quentin L. Cook,Of the Quorum of the Twelve Apostles,Foundations of Faith,My plea is that we will make the sacrifices and have the humility necessary to strengthen the foundations of our faith in the Lord Jesus Christ.,https://www.churchofjesuschrist.org/study/general-conference/2017/04/foundations-of-faith,2101.0,16:21,981.0,ok,,2017-04,4034,April,Of the Quorum of the Twelve Apostles,twelve,legacy_csv,legacy_csv_runtime,7,128.50152905198775,general-conference/2017/04/foundations-of-faith
2017,4,sunday-morning,1,Thomas S. Monson,Thomas S. Monson,President of the Church,The Power of the Book of Mormon,I implore each of us to prayerfully study and ponder the Book of Mormon each day.,https://www.churchofjesuschrist.org/study/general-conference/2017/04/the-power-of-the-book-of-mormon,408.0,3:27,207.0,ok,,2017-04,4034,April,President of the Church,church_president,legacy_csv,legacy_csv_runtime,1,118.26086956521739,general-conference/2017/04/the-power-of-the-book-of-mormon
2017,4,sunday-morning,2,Joy D. Jones,Joy D. Jones,Primary General President,A Sin-Resistant Generation,"As you teach, lead, and love children, you can receive personal revelation that will aid you in creating and arming valiant, sin-resistant children.",https://www.churchofjesuschrist.org/study/general-conference/2017/04/a-sin-resistant-generation,1480.0,11:23,683.0,ok,,2017-04,4034,April,Primary General President,auxiliary_president,legacy_csv,legacy_csv_runtime,2,130.01464128843338,general-conference/2017/04/a-sin-resistant-generation
2017,4,sunday-morning,3,Yoon Hwan Choi,Yoon Hwan Choi,Of the Seventy,"Don’t Look Around, Look Up!","Inviting others to come unto Christ is our purpose, and we can fulfill this purpose by looking up to Jesus Christ.",https://www.churchofjesuschrist.org/study/general-conference/2017/04/dont-look-around-look-up,1455.0,11:31,691.0,ok,,2017-04,4034,April,Of the Seventy,seventy,legacy_csv,legacy_csv_runtime,3,126.33863965267727,general-conference/2017/04/dont-look-around-look-up
2017,4,sunday-morning,4,Ronald A. Rasband,Ronald A. Rasband,Of the Quorum of the Twelve Apostles,Let the Holy Spirit Guide,"By divine assignment, the Holy Ghost inspires, testifies, teaches, and prompts us to walk in the light of the Lord.",https://www.churchofjesuschrist.org/study/general-conference/2017/04/let-the-holy-spirit-guide,1981.0,15:43,943.0,ok,,2017-04,4034,April,Of the Quorum of the Twelve Apostles,twelve,legacy_csv,legacy_csv_runtime,4,126.04453870625663,general-conference/2017/04/let-the-holy-spirit-guide
2017,4,sunday-morning,5,L. Whitney Clayton,L. Whitney Clayton,Of the Presidency of the Seventy,"Whatsoever He Saith unto You, Do It","When we decide to do “whatsoever [God] saith unto” us, we earnestly commit to align our everyday behavior with God’s will.",https://www.churchofjesuschrist.org/study/general-conference/2017/04/whatsoever-he-saith-unto-you-do-it,1537.0,12:46,766.0,ok,,2017-04,4034,April,Of the Presidency of the Seventy,seventy_presidency,legacy_csv,legacy_csv_runtime,5,120.39164490861619,general-conference/2017/04/whatsoever-he-saith-unto-you-do-it
2017,4,sunday-morning,6,Dallin H. Oaks,Dallin H. Oaks,Of the Quorum of the Twelve Apostles,The Godhead and the Plan of Salvation,"Because we have the truth about the Godhead and our relationship to Them, we have the ultimate road map for our journey through mortality.",https://www.churchofjesuschrist.org/study/general-conference/2017/04/the-godhead-and-the-plan-of-salvation,1854.0,15:17,917.0,ok,,2017-04,4034,April,Of the Quorum of the Twelve Apostles,twelve,legacy_csv,legacy_csv_runtime,6,121.30861504907307,general-conference/2017/04/the-godhead-and-the-plan-of-salvation
2017,4,sunday-morning,7,Dieter F. Uchtdorf,Dieter F. Uchtdorf,Second Counselor in the First Presidency,Perfect Love Casteth Out Fear,"Let us set aside our fears and live instead with joy, humility, hope, and a bold confidence that the Lord is with us.",https://www.churchofjesuschrist.org/study/general-conference/2017/04/perfect-love-casteth-out-fear,1970.0,19:11,1151.0,ok,,2017-04,4034,April,Second Counselor in the First Presidency,first_presidency_counselor,legacy_csv,legacy_csv_runtime,7,102.69331016507385,general-conference/2017/04/perfect-love-casteth-out-fear
2017,4,womens,1,Bonnie H. Cordon,Bonnie H. Cordon,Second Counselor in the Primary General Presidency,Trust in the Lord and Lean Not,"We can center our lives on the Savior by coming to know Him, and He will direct our paths.",https://www.churchofjesuschrist.org/study/general-conference/2017/04/trust-in-the-lord-and-lean-not,1582.0,11:47,707.0,ok,,2017-04,4034,April,Second Counselor in the Primary General Presidency,auxiliary_counselor,legacy_csv,legacy_csv_runtime,1,134.25742574257427,general-conference/2017/04/trust-in-the-lord-and-lean-not
2017,4,womens,2,Carol F. McConkie,Carol F. McConkie,First Counselor in the Young Women General Presidency,The Beauty of Holiness,Our Father in Heaven has provided for us all that is required so that we can become holy as He is holy.,https://www.churchofjesuschrist.org/study/general-conference/2017/04/the-beauty-of-holiness,1545.0,12:13,733.0,ok,,2017-04,4034,April,First Counselor in the Young Women General Presidency,auxiliary_counselor,legacy_csv,legacy_csv_runtime,2,126.46657571623466,general-conference/2017/04/the-beauty-of-holiness
2017,4,womens,3,Linda K. Burton,Linda K. Burton,Relief Society General President,Certain Women,Certain women are disciples centered in the Savior Jesus Christ and have hope through the promise of His atoning sacrifice.,https://www.churchofjesuschrist.org/study/general-conference/2017/04/certain-women,1551.0,11:49,709.0,ok,,2017-04,4034,April,Relief Society General President,auxiliary_president,legacy_csv,legacy_csv_runtime,3,131.25528913963328,general-conference/2017/04/certain-women
2017,4,womens,4,Henry B. Eyring,Henry B. Eyring,First Counselor in the First Presidency,“My Peace I Leave with You”,The Lord promised peace to His disciples as He was about to leave them. He has made the same promise to us.,https://www.churchofjesuschrist.org/study/general-conference/2017/04/my-peace-i-leave-with-you,1926.0,14:37,877.0,ok,,2017-04,4034,April,First Counselor in the First Presidency,first_presidency_counselor,legacy_csv,legacy_csv_runtime,4,131.76738882554162,general-conference/2017/04/my-peace-i-leave-with-you
2017,10,priesthood,1,Dale G. Renlund,Dale G. Renlund,Of the Quorum of the Twelve Apostles,The Priesthood and the Savior’s Atoning Power,"For Heavenly Father’s purposes to be accomplished, Christ’s atoning power needs to be made available to God’s children. The priesthood delivers these opportunities.",https://www.churchofjesuschrist.org/study/general-conference/2017/10/the-priesthood-and-the-saviors-atoning-power,1830.0,15:54,954.0,ok,,2017-10,4035,October,Of the Quorum of the Twelve Apostles,twelve,legacy_csv,legacy_csv_runtime,1,115.09433962264151,general-conference/2017/10/the-priesthood-and-the-saviors-atoning-power
2017,10,priesthood,2,David F. Evans,David F. Evans,Of the Seventy,The Truth of All Things,Each of us has a personal responsibility to do what is necessary to obtain and keep a strong testimony.,https://www.churchofjesuschrist.org/study/general-conference/2017/10/the-truth-of-all-things,1648.0,9:54,594.0,ok,,2017-10,4035,October,Of the Seventy,seventy,legacy_csv,legacy_csv_runtime,2,166.46464646464645,general-conference/2017/10/the-truth-of-all-things
2017,10,priesthood,3,Richard J. Maynes,Richard J. Maynes,Of the Seventy,Earning the Trust of the Lord and Your Family,Men who have “integrity of heart” are men to be trusted—because trust is built on integrity.,https://www.churchofjesuschrist.org/study/general-conference/2017/10/earning-the-trust-of-the-lord-and-your-family,1653.0,11:32,692.0,ok,,2017-10,4035,October,Of the Seventy,seventy,legacy_csv,legacy_csv_runtime,3,143.32369942196533,general-conference/2017/10/earning-the-trust-of-the-lord-and-your-family
2017,10,priesthood,4,Dieter F. Uchtdorf,Dieter F. Uchtdorf,Second Counselor in the First Presidency,Bearers of Heavenly Light,"As a bearer of God’s priesthood and as a disciple of Jesus Christ, you are a bearer of light.",https://www.churchofjesuschrist.org/study/general-conference/2017/10/bearers-of-heavenly-light,2003.0,22:18,1338.0,ok,,2017-10,4035,October,Second Counselor in the First Presidency,first_presidency_counselor,legacy_csv,legacy_csv_runtime,4,89.82062780269058,general-conference/2017/10/bearers-of-heavenly-light
2017,10,priesthood,5,Henry B. Eyring,Henry B. Eyring,First Counselor in the First Presidency,The Lord Leads His Church,The Lord’s leadership of His Church requires great and steady faith from all who serve Him on earth.,https://www.churchofjesuschrist.org/study/general-conference/2017/10/the-lord-leads-his-church,2311.0,17:22,1042.0,ok,,2017-10,4035,October,First Counselor in the First Presidency,first_presidency_counselor,legacy_csv,legacy_csv_runtime,5,133.07101727447215,general-conference/2017/10/the-lord-leads-his-church
2017,10,saturday-afternoon,1,Gary E. Stevenson,Gary E. Stevenson,Of the Quorum of the Twelve Apostles,Spiritual Eclipse,Don’t let life’s distractions eclipse heaven’s light.,https://www.churchofjesuschrist.org/study/general-conference/2017/10/spiritual-eclipse,2147.0,15:12,912.0,ok,,2017-10,4035,October,Of the Quorum of the Twelve Apostles,twelve,legacy_csv,legacy_csv_runtime,1,141.25,general-conference/2017/10/spiritual-eclipse
2017,10,saturday-afternoon,2,Stephen W. Owen,Stephen W. Owen,Young Men General President,Repentance Is Always Positive,"The moment we set foot on the path of repentance, we invite the Savior’s redeeming power into our lives.",https://www.churchofjesuschrist.org/study/general-conference/2017/10/repentance-is-always-positive,1470.0,,609.0,ok,legacy runtime nan (missing) replaced by official video duration,2017-10,4035,October,Young Men General President,auxiliary_president,legacy_csv,video_data_duration,2,144.82758620689654,general-conference/2017/10/repentance-is-always-positive
2017,10,saturday-afternoon,3,Quentin L. Cook,Quentin L. Cook,Of the Quorum of the Twelve Apostles,The Eternal Everyday,Humility about who we are and God’s purpose for us is essential.,https://www.churchofjesuschrist.org/study/general-conference/2017/10/the-eternal-everyday,2044.0,15:26,926.0,ok,,2017-10,4035,October,Of the Quorum of the Twelve Apostles,twelve,legacy_csv,legacy_csv_runtime,3,132.44060475161987,general-conference/2017/10/the-eternal-everyday
2017,10,saturday-afternoon,4,Ronald A. Rasband,Ronald A. Rasband,Of the Quorum of the Twelve Apostles,By Divine Design,"The Lord’s hand is guiding you. By “divine design,” He is in the small details of your life as well as the major milestones.",https://www.churchofjesuschrist.org/study/general-conference/2017/10/by-divine-design,1878.0,14:52,892.0,ok,,2017-10,4035,October,Of the Quorum of the Twelve Apostles,twelve,legacy_csv,legacy_csv_runtime,4,126.32286995515695,general-conference/2017/10/by-divine-design
2017,10,saturday-afternoon,5,O. Vincent Haleck,O. Vincent Haleck,Of the Seventy,The Heart of the Widow,"Let us do that which is necessary to have the widow’s heart, truly rejoicing in the blessings that will fill the “want” that results.",https://www.churchofjesuschrist.org/study/general-conference/2017/10/the-heart-of-the-widow,1530.0,10:13,613.0,ok,,2017-10,4035,October,Of the Seventy,seventy,legacy_csv,legacy_csv_runtime,5,149.75530179445352,general-conference/2017/10/the-heart-of-the-widow
2017,10,saturday-afternoon,6,Russell M. Nelson,Russell M. Nelson,President of the Quorum of the Twelve Apostles,The Book of Mormon: What Would Your Life Be Like without It?,"In a most miraculous and singular way, the Book of Mormon teaches us of Jesus Christ and His gospel.",https://www.churchofjesuschrist.org/study/general-conference/2017/10/the-book-of-mormon-what-would-your-life-be-like-without-it,2062.0,,901.0,ok,legacy runtime nan (missing) replaced by official video duration,2017-10,4035,October,President of the Quorum of the Twelve Apostles,twelve_president,legacy_csv,video_data_duration,6,137.31409544950054,general-conference/2017/10/the-book-of-mormon-what-would-your-life-be-like-without-it
2017,10,saturday-morning,1,Dieter F. Uchtdorf,Dieter F. Uchtdorf,Second Counselor in the First Presidency,A Yearning for Home,"Turn your soul toward the light. Begin your own wonderful journey home. As you do so, your life will be better, happier, and more purposeful.",https://www.churchofjesuschrist.org/study/general-conference/2017/10/a-yearning-for-home,2112.0,20:48,1248.0,ok,,2017-10,4035,October,Second Counselor in the First Presidency,first_presidency_counselor,legacy_csv,legacy_csv_runtime,1,101.53846153846153,general-conference/2017/10/a-yearning-for-home
2017,10,saturday-morning,2,Bonnie L. Oscarson,Bonnie L. Oscarson,Young Women General President,The Needs before Us,"Some of the most significant needs we can meet are within our own families, among our friends, in our wards, and in our communities.",https://www.churchofjesuschrist.org/study/general-conference/2017/10/the-needs-before-us,1842.0,,726.625,ok,legacy runtime nan (missing) replaced by official video duration,2017-10,4035,October,Young Women General President,auxiliary_president,legacy_csv,video_data_duration,2,152.1004644761741,general-conference/2017/10/the-needs-before-us
2017,10,saturday-morning,3,Dallin H. Oaks,Dallin H. Oaks,Of the Quorum of the Twelve Apostles,The Plan and the Proclamation,The family proclamation is the Lord’s reemphasis of the gospel truths we need to sustain us through current challenges to the family.,https://www.churchofjesuschrist.org/study/general-conference/2017/10/the-plan-and-the-proclamation,1974.0,,964.563,ok,legacy runtime nan (missing) replaced by official video duration,2017-10,4035,October,Of the Quorum of the Twelve Apostles,twelve,legacy_csv,video_data_duration,3,122.79135732969232,general-conference/2017/10/the-plan-and-the-proclamation
2017,10,saturday-morning,4,John C. Pingree Jr.,John C. Pingree Jr.,Of the Seventy,“I Have a Work for Thee”,Every one of us has a meaningful role to play in furthering God’s work.,https://www.churchofjesuschrist.org/study/general-conference/2017/10/i-have-a-work-for-thee,1771.0,10:25,625.0,ok,,2017-10,4035,October,Of the Seventy,seventy,legacy_csv,legacy_csv_runtime,4,170.01600000000002,general-conference/2017/10/i-have-a-work-for-thee
2017,10,saturday-morning,5,D. Todd Christofferson,D. Todd Christofferson,Of the Quorum of the Twelve Apostles,The Living Bread Which Came Down from Heaven,"If we yearn to dwell in Christ and have Him dwell in us, then holiness is what we seek.",https://www.churchofjesuschrist.org/study/general-conference/2017/10/the-living-bread-which-came-down-from-heaven,2197.0,16:20,980.0,ok,,2017-10,4035,October,Of the Quorum of the Twelve Apostles,twelve,legacy_csv,legacy_csv_runtime,5,134.51020408163265,general-conference/2017/10/the-living-bread-which-came-down-from-heaven
2017,10,saturday-morning,6,Jeffrey R. Holland,Jeffrey R. Holland,Of the Quorum of the Twelve Apostles,Be Ye Therefore Perfect—Eventually,"If we persevere, then somewhere in eternity our refinement will be finished and complete.",https://www.churchofjesuschrist.org/study/general-conference/2017/10/be-ye-therefore-perfect-eventually,1722.0,16:49,1009.0,ok,,2017-10,4035,October,Of the Quorum of the Twelve Apostles,twelve,legacy_csv,legacy_csv_runtime,6,102.39841427155599,general-conference/2017/10/be-ye-therefore-perfect-eventually
2017,10,sunday-afternoon,1,M. Russell Ballard,M. Russell Ballard,Of the Quorum of the Twelve Apostles,The Trek Continues!,A trek back to our Heavenly Father is the most important trek of our lives.,https://www.churchofjesuschrist.org/study/general-conference/2017/10/the-trek-continues,1529.0,13:30,810.0,ok,,2017-10,4035,October,Of the Quorum of the Twelve Apostles,twelve,legacy_csv,legacy_csv_runtime,1,113.25925925925925,general-conference/2017/10/the-trek-continues
2017,10,sunday-afternoon,2,Tad R. Callister,Tad R. Callister,Sunday School General President,God’s Compelling Witness: The Book of Mormon,"The Book of Mormon is God’s compelling witness of the divinity of Jesus Christ, the prophetic calling of Joseph Smith, and the absolute truth of this Church.",https://www.churchofjesuschrist.org/study/general-conference/2017/10/gods-compelling-witness-the-book-of-mormon,1592.0,10:10,610.0,ok,,2017-10,4035,October,Sunday School General President,auxiliary_president,legacy_csv,legacy_csv_runtime,2,156.59016393442624,general-conference/2017/10/gods-compelling-witness-the-book-of-mormon
2017,10,sunday-afternoon,3,Joni L. Koch,Joni L. Koch,Of the Seventy,"Apart, but Still One","In the Church, in spite of our differences, the Lord expects us to be one!",https://www.churchofjesuschrist.org/study/general-conference/2017/10/apart-but-still-one,1095.0,,543.0,ok,legacy runtime nan (missing) replaced by official video duration,2017-10,4035,October,Of the Seventy,seventy,legacy_csv,video_data_duration,3,120.99447513812154,general-conference/2017/10/apart-but-still-one
2017,10,sunday-afternoon,4,Stanley G. Ellis,Stanley G. Ellis,Emeritus Member of the Seventy,Do We Trust Him? Hard Is Good,"Regardless of the issue, hard can be good for those who will move forward with faith and trust the Lord and His plan.",https://www.churchofjesuschrist.org/study/general-conference/2017/10/do-we-trust-him-hard-is-good,1812.0,,660.0,ok,legacy runtime nan (missing) replaced by official video duration,2017-10,4035,October,Emeritus Member of the Seventy,seventy,legacy_csv,video_data_duration,4,164.72727272727272,general-conference/2017/10/do-we-trust-him-hard-is-good
2017,10,sunday-afternoon,5,Adilson de Paula Parrella,Adilson de Paula Parrella,Of the Seventy,Essential Truths—Our Need to Act,The First Vision and the Prophet Joseph Smith brought forth knowledge and truth that are essential to our happiness in this life and to our exaltation.,https://www.churchofjesuschrist.org/study/general-conference/2017/10/essential-truths-our-need-to-act,1124.0,9:33,573.0,ok,,2017-10,4035,October,Of the Seventy,seventy,legacy_csv,legacy_csv_runtime,5,117.69633507853402,general-conference/2017/10/essential-truths-our-need-to-act
2017,10,sunday-afternoon,6,Ian S. Ardern,Ian S. Ardern,Of the Seventy,Seek Ye Out of the Best Books,"As we study from the best books, we protect ourselves against the menacing jaws of those that seek to gnaw at our spiritual roots.",https://www.churchofjesuschrist.org/study/general-conference/2017/10/seek-ye-out-of-the-best-books,1455.0,10:17,617.0,ok,,2017-10,4035,October,Of the Seventy,seventy,legacy_csv,legacy_csv_runtime,6,141.4910858995138,general-conference/2017/10/seek-ye-out-of-the-best-books
2017,10,sunday-afternoon,7,Jose L. Alonso,Jose L. Alonso,Of the Seventy,Love One Another as He Has Loved Us,"By serving and forgiving others with real love, we can be healed and receive the strength to overcome our own challenges.",https://www.churchofjesuschrist.org/study/general-conference/2017/10/love-one-another-as-he-has-loved-us,1249.0,9:43,583.0,ok,,2017-10,4035,October,Of the Seventy,seventy,legacy_csv,legacy_csv_runtime,7,128.5420240137221,general-conference/2017/10/love-one-another-as-he-has-loved-us
2017,10,sunday-afternoon,8,Neil L. Andersen,Neil L. Andersen,Of the Quorum of the Twelve Apostles,The Voice of the Lord,I testify that in this conference we have heard the Lord’s voice. The test for each of us is how we respond.,https://www.churchofjesuschrist.org/study/general-conference/2017/10/the-voice-of-the-lord,2142.0,17:26,1046.0,ok,,2017-10,4035,October,Of the Quorum of the Twelve Apostles,twelve,legacy_csv,legacy_csv_runtime,8,122.868068833652,general-conference/2017/10/the-voice-of-the-lord
2017,10,sunday-morning,1,Jean B. Bingham,Jean B. Bingham,Relief Society General President,That Your Joy Might Be Full,"Jesus Christ is the source of all healing, peace, and eternal progress.",https://www.churchofjesuschrist.org/study/general-conference/2017/10/that-your-joy-might-be-full,1636.0,11:23,683.0,ok,,2017-10,4035,October,Relief Society General President,auxiliary_president,legacy_csv,legacy_csv_runtime,1,143.71888726207908,general-conference/2017/10/that-your-joy-might-be-full
2017,10,sunday-morning,2,Donald L. Hallstrom,Donald L. Hallstrom,Of the Seventy,Has the Day of Miracles Ceased?,Our supreme focus should be on the spiritual miracles that are available to all of God’s children.,https://www.churchofjesuschrist.org/study/general-conference/2017/10/has-the-day-of-miracles-ceased,1267.0,,608.708,ok,legacy runtime nan (missing) replaced by official video duration,2017-10,4035,October,Of the Seventy,seventy,legacy_csv,video_data_duration,2,124.88746656853534,general-conference/2017/10/has-the-day-of-miracles-ceased
2017,10,sunday-morning,3,David A. Bednar,David A. Bednar,Of the Quorum of the Twelve Apostles,Exceeding Great and Precious Promises,"Heavenly Father’s great plan of happiness includes the doctrine, the ordinances, the covenants, and the exceeding great and precious promises whereby we can become partakers of the divine nature.",https://www.churchofjesuschrist.org/study/general-conference/2017/10/exceeding-great-and-precious-promises,2037.0,,1027.259,ok,legacy runtime nan (missing) replaced by official video duration,2017-10,4035,October,Of the Quorum of the Twelve Apostles,twelve,legacy_csv,video_data_duration,3,118.9768111060599,general-conference/2017/10/exceeding-great-and-precious-promises
2017,10,sunday-morning,4,W. Christopher Waddell,W. Christopher Waddell,Second Counselor in the Presiding Bishopric,Turn to the Lord,"We cannot control all that happens to us, but we have absolute control over how we respond to the changes in our lives.",https://www.churchofjesuschrist.org/study/general-conference/2017/10/turn-to-the-lord,1778.0,,726.425,ok,legacy runtime nan (missing) replaced by official video duration,2017-10,4035,October,Second Counselor in the Presiding Bishopric,presiding_bishopric,legacy_csv,video_data_duration,4,146.85617923391956,general-conference/2017/10/turn-to-the-lord
2017,10,sunday-morning,5,W. Craig Zwick,W. Craig Zwick,Emeritus Member of the Seventy,"Lord, Wilt Thou Cause That My Eyes May Be Opened",We must look at others through the eyes of our Savior.,https://www.churchofjesuschrist.org/study/general-conference/2017/10/lord-wilt-thou-cause-that-my-eyes-may-be-opened,1591.0,12:46,766.0,ok,,2017-10,4035,October,Emeritus Member of the Seventy,seventy,legacy_csv,legacy_csv_runtime,5,124.62140992167102,general-conference/2017/10/lord-wilt-thou-cause-that-my-eyes-may-be-opened
2017,10,sunday-morning,6,Henry B. Eyring,Henry B. Eyring,First Counselor in the First Presidency,Fear Not to Do Good,"The Lord tells us that when we stand with faith upon His rock, doubt and fear are diminished; the desire to do good increases.",https://www.churchofjesuschrist.org/study/general-conference/2017/10/fear-not-to-do-good,2518.0,18:49,1129.0,ok,,2017-10,4035,October,First Counselor in the First Presidency,first_presidency_counselor,legacy_csv,legacy_csv_runtime,6,133.8175376439327,general-conference/2017/10/fear-not-to-do-good
2017,10,womens,1,Sharon Eubank,Sharon Eubank,First Counselor in the Relief Society General Presidency,Turn On Your Light,"The prophets are calling on us, my sisters. Will you be righteous? Will you articulate your faith? Will you turn on your light?",https://www.churchofjesuschrist.org/study/general-conference/2017/10/turn-on-your-light,2174.0,13:39,819.0,ok,,2017-10,4035,October,First Counselor in the Relief Society General Presidency,auxiliary_counselor,legacy_csv,legacy_csv_runtime,1,159.26739926739927,general-conference/2017/10/turn-on-your-light
2017,10,womens,2,Neill F. Marriott,Neill F. Marriott,Second Counselor in the Young Women General Presidency,Abiding in God and Repairing the Breach,Christ has the power to bring us into loving fellowship with the Father and with one another.,https://www.churchofjesuschrist.org/study/general-conference/2017/10/abiding-in-god-and-repairing-the-breach,1510.0,13:42,822.0,ok,,2017-10,4035,October,Second Counselor in the Young Women General Presidency,auxiliary_counselor,legacy_csv,legacy_csv_runtime,2,110.21897810218978,general-conference/2017/10/abiding-in-god-and-repairing-the-breach
2017,10,womens,3,Joy D. Jones,Joy D. Jones,Primary General President,Value beyond Measure,We can frequently savor the sweet whisperings of the Holy Ghost verifying the truth of our spiritual worth.,https://www.churchofjesuschrist.org/study/general-conference/2017/10/value-beyond-measure,1548.0,,720.0,ok,legacy runtime nan (missing) replaced by official video duration,2017-10,4035,October,Primary General President,auxiliary_president,legacy_csv,video_data_duration,3,129.0,general-conference/2017/10/value-beyond-measure
2017,10,womens,4,Dieter F. Uchtdorf,Dieter F. Uchtdorf,Second Counselor in the First Presidency,Three Sisters,"We are responsible for our own discipleship, and it has little—if anything—to do with the way others treat us.",https://www.churchofjesuschrist.org/study/general-conference/2017/10/three-sisters,2672.0,25:30,1530.0,ok,,2017-10,4035,October,Second Counselor in the First Presidency,first_presidency_counselor,legacy_csv,legacy_csv_runtime,4,104.7843137254902,general-conference/2017/10/three-sisters
2018,4,priesthood,1,Douglas D. Holmes,Douglas D. Holmes,First Counselor in the Young Men General Presidency,What Every Aaronic Priesthood Holder Needs to Understand,Your Aaronic Priesthood ordination is central to helping God’s children receive Christ’s atoning power.,https://www.churchofjesuschrist.org/study/general-conference/2018/04/what-every-aaronic-priesthood-holder-needs-to-understand,1554.0,11:25,685.0,ok,,2018-04,4036,April,First Counselor in the Young Men General Presidency,auxiliary_counselor,legacy_csv,legacy_csv_runtime,1,136.1167883211679,general-conference/2018/04/what-every-aaronic-priesthood-holder-needs-to-understand
2018,4,priesthood,2,Russell M. Nelson,Russell M. Nelson,President of the Church,Introductory Remarks,We announce a significant restructuring of our Melchizedek Priesthood quorums to accomplish the work of the Lord more effectively.,https://www.churchofjesuschrist.org/study/general-conference/2018/04/introductory-remarks,419.0,3:39,219.0,ok,,2018-04,4036,April,President of the Church,church_president,legacy_csv,legacy_csv_runtime,2,114.79452054794521,general-conference/2018/04/introductory-remarks
2018,4,priesthood,3,D. Todd Christofferson,D. Todd Christofferson,Of the Quorum of the Twelve Apostles,The Elders Quorum,Having one Melchizedek Priesthood quorum in a ward unifies priesthood holders to accomplish all aspects of the work of salvation.,https://www.churchofjesuschrist.org/study/general-conference/2018/04/the-elders-quorum,1660.0,13:20,800.0,ok,,2018-04,4036,April,Of the Quorum of the Twelve Apostles,twelve,legacy_csv,legacy_csv_runtime,3,124.5,general-conference/2018/04/the-elders-quorum
2018,4,priesthood,4,Ronald A. Rasband,Ronald A. Rasband,Of the Quorum of the Twelve Apostles,Behold! A Royal Army,"What a joy it will be for all Melchizedek Priesthood holders to have the blessing of teaching, learning, and serving shoulder to shoulder.",https://www.churchofjesuschrist.org/study/general-conference/2018/04/behold-a-royal-army,1676.0,13:26,806.0,ok,,2018-04,4036,April,Of the Quorum of the Twelve Apostles,twelve,legacy_csv,legacy_csv_runtime,4,124.76426799007444,general-conference/2018/04/behold-a-royal-army
2018,4,priesthood,5,Henry B. Eyring,Henry B. Eyring,Second Counselor in the First Presidency,Inspired Ministering,We receive the Holy Spirit best when we are focused on serving others. That is why we have the priesthood responsibility to serve for the Savior.,https://www.churchofjesuschrist.org/study/general-conference/2018/04/inspired-ministering,2217.0,15:53,953.0,ok,,2018-04,4036,April,Second Counselor in the First Presidency,first_presidency_counselor,legacy_csv,legacy_csv_runtime,5,139.58027282266528,general-conference/2018/04/inspired-ministering
2018,4,priesthood,6,Dallin H. Oaks,Dallin H. Oaks,First Counselor in the First Presidency,The Powers of the Priesthood,The magnifying of the holy priesthood you hold is vital to the work of the Lord in your families and in your Church callings.,https://www.churchofjesuschrist.org/study/general-conference/2018/04/the-powers-of-the-priesthood,1894.0,,962.0,ok,legacy runtime nan (missing) replaced by official video duration,2018-04,4036,April,First Counselor in the First Presidency,first_presidency_counselor,legacy_csv,video_data_duration,6,118.12889812889811,general-conference/2018/04/the-powers-of-the-priesthood
2018,4,priesthood,7,Russell M. Nelson,Russell M. Nelson,President of the Church,Ministering with the Power and Authority of God,"We will minister in His name, with His power and authority, and with His loving-kindness.",https://www.churchofjesuschrist.org/study/general-conference/2018/04/ministering-with-the-power-and-authority-of-god,1608.0,14:28,868.0,ok,,2018-04,4036,April,President of the Church,church_president,legacy_csv,legacy_csv_runtime,7,111.15207373271889,general-conference/2018/04/ministering-with-the-power-and-authority-of-god
2018,4,saturday-afternoon,1,David A. Bednar,David A. Bednar,Of the Quorum of the Twelve Apostles,Meek and Lowly of Heart,"Meekness is a defining attribute of the Redeemer and is distinguished by righteous responsiveness, willing submissiveness, and strong self-restraint.",https://www.churchofjesuschrist.org/study/general-conference/2018/04/meek-and-lowly-of-heart,1907.0,,962.394,ok,legacy runtime nan (missing) replaced by official video duration,2018-04,4036,April,Of the Quorum of the Twelve Apostles,twelve,legacy_csv,video_data_duration,1,118.89101553002202,general-conference/2018/04/meek-and-lowly-of-heart
2018,4,saturday-afternoon,2,Taylor G. Godoy,Taylor G. Godoy,Of the Seventy,One More Day,"We all have a “today” to live, and the key to making our day successful is to be willing to sacrifice.",https://www.churchofjesuschrist.org/study/general-conference/2018/04/one-more-day,1521.0,10:43,643.0,ok,,2018-04,4036,April,Of the Seventy,seventy,legacy_csv,legacy_csv_runtime,2,141.9284603421462,general-conference/2018/04/one-more-day
2018,4,saturday-afternoon,3,Bonnie L. Oscarson,Bonnie L. Oscarson,Recently Released Young Women General President,Young Women in the Work,"Every young woman in the Church should feel valued, have opportunities to serve, and feel that she has something of worth to contribute to this work.",https://www.churchofjesuschrist.org/study/general-conference/2018/04/young-women-in-the-work,1593.0,,607.807,ok,legacy runtime nan (missing) replaced by official video duration,2018-04,4036,April,Young Women General President,auxiliary_president,legacy_csv,video_data_duration,3,157.2538651249492,general-conference/2018/04/young-women-in-the-work
2018,4,saturday-afternoon,4,Taniela B. Wakolo,Taniela B. Wakolo,Of the Seventy,Saving Ordinances Will Bring Us Marvelous Light,Participating in ordinances and honoring the associated covenants will bring you marvelous light and protection in this ever-darkening world.,https://www.churchofjesuschrist.org/study/general-conference/2018/04/saving-ordinances-will-bring-us-marvelous-light,1437.0,10:35,635.0,ok,,2018-04,4036,April,Of the Seventy,seventy,legacy_csv,legacy_csv_runtime,4,135.7795275590551,general-conference/2018/04/saving-ordinances-will-bring-us-marvelous-light
2018,4,saturday-afternoon,5,Devin G. Durrant,Devin G. Durrant,First Counselor in the Sunday School General Presidency,Teaching in the Home—a Joyful and Sacred Responsibility,I plead for heaven’s help as we strive to be Christlike teachers in our homes.,https://www.churchofjesuschrist.org/study/general-conference/2018/04/teaching-in-the-home-a-joyful-and-sacred-responsibility,1760.0,10:26,626.0,ok,,2018-04,4036,April,First Counselor in the Sunday School General Presidency,auxiliary_counselor,legacy_csv,legacy_csv_runtime,5,168.69009584664536,general-conference/2018/04/teaching-in-the-home-a-joyful-and-sacred-responsibility
2018,4,saturday-afternoon,6,Dale G. Renlund,Dale G. Renlund,Of the Quorum of the Twelve Apostles,Family History and Temple Work: Sealing and Healing,"When we gather our family histories and go to the temple on behalf of our ancestors, God fulfills promised blessings simultaneously on both sides of the veil.",https://www.churchofjesuschrist.org/study/general-conference/2018/04/family-history-and-temple-work-sealing-and-healing,1818.0,14:43,883.0,ok,,2018-04,4036,April,Of the Quorum of the Twelve Apostles,twelve,legacy_csv,legacy_csv_runtime,6,123.53340883352209,general-conference/2018/04/family-history-and-temple-work-sealing-and-healing
2018,4,saturday-morning,2,M. Russell Ballard,M. Russell Ballard,Acting President of the Quorum of the Twelve Apostles,Precious Gifts from God,"Life can be filled with faith, joy, happiness, hope, and love when we exercise the smallest amount of real faith in Christ.",https://www.churchofjesuschrist.org/study/general-conference/2018/04/precious-gifts-from-god,1657.0,14:29,869.0,ok,,2018-04,4036,April,Acting President of the Quorum of the Twelve Apostles,twelve_president,legacy_csv,legacy_csv_runtime,1,114.40736478711163,general-conference/2018/04/precious-gifts-from-god
2018,4,saturday-morning,3,Brian K. Taylor,Brian K. Taylor,Of the Seventy,Am I a Child of God?,"How can each of us experience the power of understanding our divine identity? It begins by seeking to know God, our Father.",https://www.churchofjesuschrist.org/study/general-conference/2018/04/am-i-a-child-of-god,1305.0,10:24,624.0,ok,,2018-04,4036,April,Of the Seventy,seventy,legacy_csv,legacy_csv_runtime,2,125.48076923076923,general-conference/2018/04/am-i-a-child-of-god
2018,4,saturday-morning,4,Larry J. Echo Hawk,Larry J. Echo Hawk,Of the Seventy,"Even as Christ Forgives You, So Also Do Ye",We can all receive unspeakable peace and partnering with our Savior as we learn to freely forgive those who have trespassed against us.,https://www.churchofjesuschrist.org/study/general-conference/2018/04/even-as-christ-forgives-you-so-also-do-ye,1173.0,11:11,671.0,ok,,2018-04,4036,April,Of the Seventy,seventy,legacy_csv,legacy_csv_runtime,3,104.8882265275708,general-conference/2018/04/even-as-christ-forgives-you-so-also-do-ye
2018,4,saturday-morning,5,Gary E. Stevenson,Gary E. Stevenson,Of the Quorum of the Twelve Apostles,The Heart of a Prophet,We can rejoice that the Lord’s prophet is in place and that the Lord’s work is being done in the way that He has divinely prescribed.,https://www.churchofjesuschrist.org/study/general-conference/2018/04/the-heart-of-a-prophet,2129.0,,907.973,ok,legacy runtime nan (missing) replaced by official video duration,2018-04,4036,April,Of the Quorum of the Twelve Apostles,twelve,legacy_csv,video_data_duration,4,140.6870028073522,general-conference/2018/04/the-heart-of-a-prophet
2018,4,saturday-morning,6,Lynn G. Robbins,Lynn G. Robbins,Of the Presidency of the Seventy,Until Seventy Times Seven,"Amid a life full of stumbling blocks and imperfection, we all are grateful for second chances.",https://www.churchofjesuschrist.org/study/general-conference/2018/04/until-seventy-times-seven,1346.0,10:16,616.0,ok,,2018-04,4036,April,Of the Presidency of the Seventy,seventy_presidency,legacy_csv,legacy_csv_runtime,5,131.1038961038961,general-conference/2018/04/until-seventy-times-seven
2018,4,saturday-morning,7,Neil L. Andersen,Neil L. Andersen,Of the Quorum of the Twelve Apostles,The Prophet of God,"A prophet does not stand between you and the Savior. Rather, he stands beside you and points the way to the Savior.",https://www.churchofjesuschrist.org/study/general-conference/2018/04/the-prophet-of-god,1876.0,,964.0,ok,legacy runtime nan (missing) replaced by official video duration,2018-04,4036,April,Of the Quorum of the Twelve Apostles,twelve,legacy_csv,video_data_duration,6,116.76348547717842,general-conference/2018/04/the-prophet-of-god
2018,4,sunday-afternoon,1,Gerrit W. Gong,Gerrit W. Gong,Of the Quorum of the Twelve Apostles,Christ the Lord Is Risen Today,"This is Easter Sunday. I reverently witness and solemnly testify of the living Christ—He who “died, was buried, and rose again the third day.”",https://www.churchofjesuschrist.org/study/general-conference/2018/04/christ-the-lord-is-risen-today,581.0,4:57,297.0,ok,,2018-04,4036,April,Of the Quorum of the Twelve Apostles,twelve,legacy_csv,legacy_csv_runtime,1,117.37373737373737,general-conference/2018/04/christ-the-lord-is-risen-today
2018,4,sunday-afternoon,2,Ulisses Soares,Ulisses Soares,Of the Quorum of the Twelve Apostles,Prophets Speak by the Power of the Holy Spirit,Having prophets is a sign of God’s love for His children. They make known the promises and the true nature of God and of Jesus Christ.,https://www.churchofjesuschrist.org/study/general-conference/2018/04/prophets-speak-by-the-power-of-the-holy-spirit,765.0,5:24,324.0,ok,,2018-04,4036,April,Of the Quorum of the Twelve Apostles,twelve,legacy_csv,legacy_csv_runtime,2,141.66666666666666,general-conference/2018/04/prophets-speak-by-the-power-of-the-holy-spirit
2018,4,sunday-afternoon,3,Russell M. Nelson,Russell M. Nelson,President of the Church,Ministering,"We will implement a newer, holier approach to caring for and ministering to others.",https://www.churchofjesuschrist.org/study/general-conference/2018/04/ministering,243.0,2:15,135.0,ok,,2018-04,4036,April,President of the Church,church_president,legacy_csv,legacy_csv_runtime,3,108.0,general-conference/2018/04/ministering
2018,4,sunday-afternoon,4,Jeffrey R. Holland,Jeffrey R. Holland,Of the Quorum of the Twelve Apostles,“Be With and Strengthen Them”,Our prayer today is that every man and woman will leave this general conference more deeply committed to heartfelt care for one another.,https://www.churchofjesuschrist.org/study/general-conference/2018/04/be-with-and-strengthen-them,1667.0,15:29,929.0,ok,,2018-04,4036,April,Of the Quorum of the Twelve Apostles,twelve,legacy_csv,legacy_csv_runtime,4,107.66415500538214,general-conference/2018/04/be-with-and-strengthen-them
2018,4,sunday-afternoon,5,Jean B. Bingham,Jean B. Bingham,Relief Society General President,Ministering as the Savior Does,May we show our gratitude and love for God by ministering with love to our eternal sisters and brothers.,https://www.churchofjesuschrist.org/study/general-conference/2018/04/ministering-as-the-savior-does,1953.0,,784.35,ok,legacy runtime nan (missing) replaced by official video duration,2018-04,4036,April,Relief Society General President,auxiliary_president,legacy_csv,video_data_duration,5,149.3975903614458,general-conference/2018/04/ministering-as-the-savior-does
2018,4,sunday-afternoon,6,Dieter F. Uchtdorf,Dieter F. Uchtdorf,Of the Quorum of the Twelve Apostles,Behold the Man!,Those who find a way to truly behold the Man find the doorway to life’s greatest joys and the balm to life’s most demanding despairs.,https://www.churchofjesuschrist.org/study/general-conference/2018/04/behold-the-man,1795.0,17:41,1061.0,ok,,2018-04,4036,April,Of the Quorum of the Twelve Apostles,twelve,legacy_csv,legacy_csv_runtime,6,101.50801131008483,general-conference/2018/04/behold-the-man
2018,4,sunday-afternoon,7,Gérald Caussé,Gérald Caussé,Presiding Bishop,It Is All about People,"The Church is all about you, the Lord’s disciples—those who love and follow Him and who have taken His name upon them.",https://www.churchofjesuschrist.org/study/general-conference/2018/04/it-is-all-about-people,1603.0,,720.086,ok,legacy runtime nan (missing) replaced by official video duration,2018-04,4036,April,Presiding Bishop,presiding_bishopric,legacy_csv,video_data_duration,7,133.5673794518988,general-conference/2018/04/it-is-all-about-people
2018,4,sunday-afternoon,8,Quentin L. Cook,Quentin L. Cook,Of the Quorum of the Twelve Apostles,Prepare to Meet God,"Pursuing divinely appointed responsibilities in righteousness, unity, and equality will prepare us to meet God.",https://www.churchofjesuschrist.org/study/general-conference/2018/04/prepare-to-meet-god,1978.0,,905.371,ok,legacy runtime nan (missing) replaced by official video duration,2018-04,4036,April,Of the Quorum of the Twelve Apostles,twelve,legacy_csv,video_data_duration,8,131.0843841916739,general-conference/2018/04/prepare-to-meet-god
2018,4,sunday-afternoon,9,Russell M. Nelson,Russell M. Nelson,President of the Church,Let Us All Press On,Your desire to obey will be enhanced as you remember and reflect upon what you have felt these past two days.,https://www.churchofjesuschrist.org/study/general-conference/2018/04/let-us-all-press-on,606.0,,361.094,ok,legacy runtime nan (missing) replaced by official video duration,2018-04,4036,April,President of the Church,church_president,legacy_csv,video_data_duration,9,100.69400211579257,general-conference/2018/04/let-us-all-press-on
2018,4,sunday-morning,1,Larry Y. Wilson,Larry Y. Wilson,Of the Seventy,Take the Holy Spirit as Your Guide,What an incomparable gift comes to those who put their faith in Jesus Christ. That gift is the Holy Spirit.,https://www.churchofjesuschrist.org/study/general-conference/2018/04/take-the-holy-spirit-as-your-guide,1553.0,11:11,671.0,ok,,2018-04,4036,April,Of the Seventy,seventy,legacy_csv,legacy_csv_runtime,1,138.86736214605068,general-conference/2018/04/take-the-holy-spirit-as-your-guide
2018,4,sunday-morning,2,Reyna I. Aburto,Reyna I. Aburto,Second Counselor in the Relief Society General Presidency,With One Accord,"In order to reach our sublime destiny, we need each other, and we need to be unified.",https://www.churchofjesuschrist.org/study/general-conference/2018/04/with-one-accord,1371.0,10:20,620.0,ok,,2018-04,4036,April,Second Counselor in the Relief Society General Presidency,auxiliary_counselor,legacy_csv,legacy_csv_runtime,2,132.6774193548387,general-conference/2018/04/with-one-accord
2018,4,sunday-morning,3,Massimo De Feo,Massimo De Feo,Of the Seventy,Pure Love: The True Sign of Every True Disciple of Jesus Christ,The gospel of Jesus Christ is centered on the love of the Father and the Savior for us and our love for Them and for one another.,https://www.churchofjesuschrist.org/study/general-conference/2018/04/pure-love-the-true-sign-of-every-true-disciple-of-jesus-christ,1376.0,10:15,615.0,ok,,2018-04,4036,April,Of the Seventy,seventy,legacy_csv,legacy_csv_runtime,3,134.2439024390244,general-conference/2018/04/pure-love-the-true-sign-of-every-true-disciple-of-jesus-christ
2018,4,sunday-morning,4,Claudio D. Zivic,Claudio D. Zivic,Of the Seventy,"He That Shall Endure unto the End, the Same Shall Be Saved",Let us be faithful to what we have believed and know.,https://www.churchofjesuschrist.org/study/general-conference/2018/04/he-that-shall-endure-unto-the-end-the-same-shall-be-saved,1219.0,10:35,635.0,ok,,2018-04,4036,April,Of the Seventy,seventy,legacy_csv,legacy_csv_runtime,4,115.18110236220471,general-conference/2018/04/he-that-shall-endure-unto-the-end-the-same-shall-be-saved
2018,4,sunday-morning,5,Henry B. Eyring,Henry B. Eyring,Second Counselor in the First Presidency,His Spirit to Be with You,"I pray with all my heart that you will hear the voice of the Spirit, which is sent to you so generously.",https://www.churchofjesuschrist.org/study/general-conference/2018/04/his-spirit-to-be-with-you,2180.0,,1022.654,ok,legacy runtime nan (missing) replaced by official video duration,2018-04,4036,April,Second Counselor in the First Presidency,first_presidency_counselor,legacy_csv,video_data_duration,5,127.90249683666225,general-conference/2018/04/his-spirit-to-be-with-you
2018,4,sunday-morning,6,Dallin H. Oaks,Dallin H. Oaks,First Counselor in the First Presidency,Small and Simple Things,"We need to be reminded that in total and over a significant period of time, seemingly small things bring to pass great things.",https://www.churchofjesuschrist.org/study/general-conference/2018/04/small-and-simple-things,1992.0,17:36,1056.0,ok,,2018-04,4036,April,First Counselor in the First Presidency,first_presidency_counselor,legacy_csv,legacy_csv_runtime,6,113.18181818181817,general-conference/2018/04/small-and-simple-things
2018,4,sunday-morning,7,Russell M. Nelson,Russell M. Nelson,President of the Church,"Revelation for the Church, Revelation for Our Lives","In coming days, it will not be possible to survive spiritually without the guiding, directing, comforting, and constant influence of the Holy Ghost.",https://www.churchofjesuschrist.org/study/general-conference/2018/04/revelation-for-the-church-revelation-for-our-lives,2197.0,20:28,1228.0,ok,,2018-04,4036,April,President of the Church,church_president,legacy_csv,legacy_csv_runtime,7,107.34527687296418,general-conference/2018/04/revelation-for-the-church-revelation-for-our-lives
2018,10,saturday-afternoon,1,D. Todd Christofferson,D. Todd Christofferson,Of the Quorum of the Twelve Apostles,Firm and Steadfast in the Faith of Christ,To persevere firm and steadfast in the faith of Christ requires that the gospel of Jesus Christ penetrate one’s heart and soul.,https://www.churchofjesuschrist.org/study/general-conference/2018/10/firm-and-steadfast-in-the-faith-of-christ,2101.0,15:10,910.0,ok,,2018-10,4037,October,Of the Quorum of the Twelve Apostles,twelve,legacy_csv,legacy_csv_runtime,1,138.52747252747253,general-conference/2018/10/firm-and-steadfast-in-the-faith-of-christ
2018,10,saturday-afternoon,2,Dean M. Davies,Dean M. Davies,First Counselor in the Presiding Bishopric,"Come, Listen to a Prophet’s Voice","As we solidify in our lives the practice of listening to and heeding the voice of the living prophets, we will reap eternal blessings.",https://www.churchofjesuschrist.org/study/general-conference/2018/10/come-listen-to-a-prophets-voice,1768.0,12:18,738.0,ok,,2018-10,4037,October,First Counselor in the Presiding Bishopric,presiding_bishopric,legacy_csv,legacy_csv_runtime,2,143.73983739837396,general-conference/2018/10/come-listen-to-a-prophets-voice
2018,10,saturday-afternoon,3,Ulisses Soares,Ulisses Soares,Of the Quorum of the Twelve Apostles,One in Christ,"My beloved companions in the work of the Lord, I believe we can do much better and should do better in welcoming new friends into the Church.",https://www.churchofjesuschrist.org/study/general-conference/2018/10/one-in-christ,1950.0,14:36,876.0,ok,,2018-10,4037,October,Of the Quorum of the Twelve Apostles,twelve,legacy_csv,legacy_csv_runtime,3,133.56164383561645,general-conference/2018/10/one-in-christ
2018,10,saturday-afternoon,4,Gerrit W. Gong,Gerrit W. Gong,Of the Quorum of the Twelve Apostles,Our Campfire of Faith,"For those who seek, allow, and live for it, the dawn of faith, sometimes gradually, will come or can return.",https://www.churchofjesuschrist.org/study/general-conference/2018/10/our-campfire-of-faith,1936.0,14:47,887.0,ok,,2018-10,4037,October,Of the Quorum of the Twelve Apostles,twelve,legacy_csv,legacy_csv_runtime,4,130.95828635851183,general-conference/2018/10/our-campfire-of-faith
2018,10,saturday-afternoon,5,Paul B. Pieper,Paul B. Pieper,Of the Seventy,All Must Take upon Them the Name Given of the Father,The Savior’s name has singular and essential power. It is the only name by which salvation is possible.,https://www.churchofjesuschrist.org/study/general-conference/2018/10/all-must-take-upon-them-the-name-given-of-the-father,1614.0,11:54,714.0,ok,,2018-10,4037,October,Of the Seventy,seventy,legacy_csv,legacy_csv_runtime,5,135.63025210084032,general-conference/2018/10/all-must-take-upon-them-the-name-given-of-the-father
2018,10,saturday-afternoon,6,Dieter F. Uchtdorf,Dieter F. Uchtdorf,Of the Quorum of the Twelve Apostles,"Believe, Love, Do",We achieve the abundant life by becoming true disciples of Jesus Christ—by following in His ways and engaging in His work.,https://www.churchofjesuschrist.org/study/general-conference/2018/10/believe-love-do,1949.0,19:39,1179.0,ok,,2018-10,4037,October,Of the Quorum of the Twelve Apostles,twelve,legacy_csv,legacy_csv_runtime,6,99.18575063613233,general-conference/2018/10/believe-love-do
2018,10,saturday-morning,1,Russell M. Nelson,Russell M. Nelson,President of the Church,Opening Remarks,"It is time for a home-centered Church, supported by what takes place inside our branch, ward, and stake buildings.",https://www.churchofjesuschrist.org/study/general-conference/2018/10/opening-remarks,711.0,6:38,398.0,ok,,2018-10,4037,October,President of the Church,church_president,legacy_csv,legacy_csv_runtime,1,107.1859296482412,general-conference/2018/10/opening-remarks
2018,10,saturday-morning,2,Quentin L. Cook,Quentin L. Cook,Of the Quorum of the Twelve Apostles,Deep and Lasting Conversion to Heavenly Father and the Lord Jesus Christ,Our purpose is to balance the Church and the home experiences in a way that will greatly increase faith and spirituality and deepen conversion.,https://www.churchofjesuschrist.org/study/general-conference/2018/10/deep-and-lasting-conversion-to-heavenly-father-and-the-lord-jesus-christ,2019.0,16:14,974.0,ok,,2018-10,4037,October,Of the Quorum of the Twelve Apostles,twelve,legacy_csv,legacy_csv_runtime,2,124.37371663244352,general-conference/2018/10/deep-and-lasting-conversion-to-heavenly-father-and-the-lord-jesus-christ
2018,10,saturday-morning,3,M. Joseph Brough,M. Joseph Brough,Second Counselor in the Young Men General Presidency,Lift Up Your Head and Rejoice,"As we face hard things in the Lord’s way, may we lift up our heads and rejoice.",https://www.churchofjesuschrist.org/study/general-conference/2018/10/lift-up-your-head-and-rejoice,1616.0,9:52,592.0,ok,,2018-10,4037,October,Second Counselor in the Young Men General Presidency,auxiliary_counselor,legacy_csv,legacy_csv_runtime,3,163.78378378378378,general-conference/2018/10/lift-up-your-head-and-rejoice
2018,10,saturday-morning,4,Steven R. Bangerter,Steven R. Bangerter,Of the Seventy,Laying the Foundation of a Great Work,"Lessons taught through the traditions we establish in our homes, though small and simple, are increasingly important in today’s world.",https://www.churchofjesuschrist.org/study/general-conference/2018/10/laying-the-foundation-of-a-great-work,1467.0,11:11,671.0,ok,,2018-10,4037,October,Of the Seventy,seventy,legacy_csv,legacy_csv_runtime,4,131.177347242921,general-conference/2018/10/laying-the-foundation-of-a-great-work
2018,10,saturday-morning,5,Ronald A. Rasband,Ronald A. Rasband,Of the Quorum of the Twelve Apostles,Be Not Troubled,"Take heart, brothers and sisters. Yes, we live in perilous times, but as we stay on the covenant path, we need not fear.",https://www.churchofjesuschrist.org/study/general-conference/2018/10/be-not-troubled,1906.0,15:42,942.0,ok,,2018-10,4037,October,Of the Quorum of the Twelve Apostles,twelve,legacy_csv,legacy_csv_runtime,5,121.40127388535032,general-conference/2018/10/be-not-troubled
2018,10,saturday-morning,6,David A. Bednar,David A. Bednar,Of the Quorum of the Twelve Apostles,Gather Together in One All Things in Christ,"The power of the Savior’s gospel to transform and bless us flows from discerning and applying the interrelatedness of its doctrine, principles, and practices.",https://www.churchofjesuschrist.org/study/general-conference/2018/10/gather-together-in-one-all-things-in-christ,1791.0,15:45,945.0,ok,,2018-10,4037,October,Of the Quorum of the Twelve Apostles,twelve,legacy_csv,legacy_csv_runtime,6,113.71428571428571,general-conference/2018/10/gather-together-in-one-all-things-in-christ
2018,10,saturday-morning,7,Dallin H. Oaks,Dallin H. Oaks,First Counselor in the First Presidency,Truth and the Plan,"When we seek the truth about religion, we should use spiritual methods appropriate for that search.",https://www.churchofjesuschrist.org/study/general-conference/2018/10/truth-and-the-plan,1888.0,15:49,949.0,ok,,2018-10,4037,October,First Counselor in the First Presidency,first_presidency_counselor,legacy_csv,legacy_csv_runtime,7,119.3677555321391,general-conference/2018/10/truth-and-the-plan
2018,10,sunday-afternoon,1,Henry B. Eyring,Henry B. Eyring,Second Counselor in the First Presidency,"Try, Try, Try",The Savior is putting His name in your hearts. And you are feeling the pure love of Christ for others and for yourself.,https://www.churchofjesuschrist.org/study/general-conference/2018/10/try-try-try,2029.0,15:60,959.792,ok,legacy runtime '15:60' (unparseable) replaced by official video duration,2018-10,4037,October,Second Counselor in the First Presidency,first_presidency_counselor,legacy_csv,video_data_duration,1,126.83998199609916,general-conference/2018/10/try-try-try
2018,10,sunday-afternoon,2,Brian K. Ashton,Brian K. Ashton,Second Counselor in the Sunday School General Presidency,The Father,"Each of us has the potential to become like the Father. To do so, we must worship the Father in the name of the Son.",https://www.churchofjesuschrist.org/study/general-conference/2018/10/the-father,1445.0,10:18,618.0,ok,,2018-10,4037,October,Second Counselor in the Sunday School General Presidency,auxiliary_counselor,legacy_csv,legacy_csv_runtime,2,140.29126213592232,general-conference/2018/10/the-father
2018,10,sunday-afternoon,3,Robert C. Gay,Robert C. Gay,Of the Presidency of the Seventy,Taking upon Ourselves the Name of Jesus Christ,"May we faithfully take upon ourselves the name of Jesus Christ—by seeing as He sees, by serving as He served, and by trusting that His grace is sufficient.",https://www.churchofjesuschrist.org/study/general-conference/2018/10/taking-upon-ourselves-the-name-of-jesus-christ,1568.0,10:25,625.0,ok,,2018-10,4037,October,Of the Presidency of the Seventy,seventy_presidency,legacy_csv,legacy_csv_runtime,3,150.52800000000002,general-conference/2018/10/taking-upon-ourselves-the-name-of-jesus-christ
2018,10,sunday-afternoon,4,Matthew L. Carpenter,Matthew L. Carpenter,Of the Seventy,Wilt Thou Be Made Whole?,"Because of the Atonement of Jesus Christ, if we choose to repent and turn our hearts fully to the Savior, He will heal us spiritually.",https://www.churchofjesuschrist.org/study/general-conference/2018/10/wilt-thou-be-made-whole,1639.0,10:58,658.0,ok,,2018-10,4037,October,Of the Seventy,seventy,legacy_csv,legacy_csv_runtime,4,149.45288753799392,general-conference/2018/10/wilt-thou-be-made-whole
2018,10,sunday-afternoon,5,Dale G. Renlund,Dale G. Renlund,Of the Quorum of the Twelve Apostles,Choose You This Day,The magnitude of our eternal happiness depends on choosing the living God and joining Him in His work.,https://www.churchofjesuschrist.org/study/general-conference/2018/10/choose-you-this-day,1797.0,13:49,829.0,ok,,2018-10,4037,October,Of the Quorum of the Twelve Apostles,twelve,legacy_csv,legacy_csv_runtime,5,130.0603136308806,general-conference/2018/10/choose-you-this-day
2018,10,sunday-afternoon,6,Jack N. Gerard,Jack N. Gerard,Of the Seventy,Now Is the Time,"If there is anything in your life you need to consider, now is the time.",https://www.churchofjesuschrist.org/study/general-conference/2018/10/now-is-the-time,1412.0,,669.368,ok,legacy runtime nan (missing) replaced by official video duration,2018-10,4037,October,Of the Seventy,seventy,legacy_csv,video_data_duration,6,126.56714990857046,general-conference/2018/10/now-is-the-time
2018,10,sunday-afternoon,7,Gary E. Stevenson,Gary E. Stevenson,Of the Quorum of the Twelve Apostles,Shepherding Souls,We reach out in love to others because it is what our Savior commanded us to do.,https://www.churchofjesuschrist.org/study/general-conference/2018/10/shepherding-souls,2067.0,15:11,911.0,ok,,2018-10,4037,October,Of the Quorum of the Twelve Apostles,twelve,legacy_csv,legacy_csv_runtime,7,136.13611416026345,general-conference/2018/10/shepherding-souls
2018,10,sunday-afternoon,8,Russell M. Nelson,Russell M. Nelson,President of the Church,Becoming Exemplary Latter-day Saints,"I leave my love and blessing upon you, that you may feast upon the word of the Lord and apply His teachings in your personal lives.",https://www.churchofjesuschrist.org/study/general-conference/2018/10/becoming-exemplary-latter-day-saints,774.0,,482.849,ok,legacy runtime nan (missing) replaced by official video duration,2018-10,4037,October,President of the Church,church_president,legacy_csv,video_data_duration,8,96.17913674875581,general-conference/2018/10/becoming-exemplary-latter-day-saints
2018,10,sunday-morning,1,M. Russell Ballard,M. Russell Ballard,Acting President of the Quorum of the Twelve Apostles,The Vision of the Redemption of the Dead,I testify that the vision President Joseph F. Smith received is true. I bear witness that every person can come to know it is true.,https://www.churchofjesuschrist.org/study/general-conference/2018/10/the-vision-of-the-redemption-of-the-dead,1753.0,15:20,920.0,ok,,2018-10,4037,October,Acting President of the Quorum of the Twelve Apostles,twelve_president,legacy_csv,legacy_csv_runtime,1,114.32608695652173,general-conference/2018/10/the-vision-of-the-redemption-of-the-dead
2018,10,sunday-morning,2,Bonnie H. Cordon,Bonnie H. Cordon,Young Women General President,Becoming a Shepherd,"I hope those to whom you minister will see you as a friend and realize that, in you, they have a champion and a confidant.",https://www.churchofjesuschrist.org/study/general-conference/2018/10/becoming-a-shepherd,1611.0,12:29,749.0,ok,,2018-10,4037,October,Young Women General President,auxiliary_president,legacy_csv,legacy_csv_runtime,2,129.0520694259012,general-conference/2018/10/becoming-a-shepherd
2018,10,sunday-morning,3,Jeffrey R. Holland,Jeffrey R. Holland,Of the Quorum of the Twelve Apostles,The Ministry of Reconciliation,I testify of the tranquility to the soul that reconciliation with God and each other will bring if we are meek and courageous enough to pursue it.,https://www.churchofjesuschrist.org/study/general-conference/2018/10/the-ministry-of-reconciliation,1650.0,16:13,973.0,ok,,2018-10,4037,October,Of the Quorum of the Twelve Apostles,twelve,legacy_csv,legacy_csv_runtime,3,101.74717368961974,general-conference/2018/10/the-ministry-of-reconciliation
2018,10,sunday-morning,4,Shayne M. Bowen,Shayne M. Bowen,Of the Seventy,The Role of the Book of Mormon in Conversion,"We are gathering Israel for the last time and are doing so with the Book of Mormon, one of the most powerful tools of conversion.",https://www.churchofjesuschrist.org/study/general-conference/2018/10/the-role-of-the-book-of-mormon-in-conversion,1841.0,11:50,710.0,ok,,2018-10,4037,October,Of the Seventy,seventy,legacy_csv,legacy_csv_runtime,4,155.57746478873239,general-conference/2018/10/the-role-of-the-book-of-mormon-in-conversion
2018,10,sunday-morning,5,Neil L. Andersen,Neil L. Andersen,Of the Quorum of the Twelve Apostles,Wounded,"In the crucible of earthly trials, patiently move forward, and the Savior’s healing power will bring you light, understanding, peace, and hope.",https://www.churchofjesuschrist.org/study/general-conference/2018/10/wounded,1821.0,15:37,937.0,ok,,2018-10,4037,October,Of the Quorum of the Twelve Apostles,twelve,legacy_csv,legacy_csv_runtime,5,116.60618996798291,general-conference/2018/10/wounded
2018,10,sunday-morning,6,Russell M. Nelson,Russell M. Nelson,President of the Church,The Correct Name of the Church,"Jesus Christ directed us to call the Church by His name because it is His Church, filled with His power.",https://www.churchofjesuschrist.org/study/general-conference/2018/10/the-correct-name-of-the-church,1648.0,15:43,943.0,ok,,2018-10,4037,October,President of the Church,church_president,legacy_csv,legacy_csv_runtime,6,104.85683987274655,general-conference/2018/10/the-correct-name-of-the-church
2018,10,womens,1,Joy D. Jones,Joy D. Jones,Primary General President,For Him,Knowing the who and the why in serving others helps us understand that the highest manifestation of love is devotion to God.,https://www.churchofjesuschrist.org/study/general-conference/2018/10/for-him,1469.0,11:54,714.0,ok,,2018-10,4037,October,Primary General President,auxiliary_president,legacy_csv,legacy_csv_runtime,1,123.4453781512605,general-conference/2018/10/for-him
2018,10,womens,2,Michelle D. Craig,Michelle D. Craig,First Counselor in the Young Women General Presidency,Divine Discontent,"Divine discontent can move us to act in faith, follow the Savior’s invitations to do good, and give our lives humbly to Him.",https://www.churchofjesuschrist.org/study/general-conference/2018/10/divine-discontent,1631.0,11:58,718.0,ok,,2018-10,4037,October,First Counselor in the Young Women General Presidency,auxiliary_counselor,legacy_csv,legacy_csv_runtime,2,136.29526462395543,general-conference/2018/10/divine-discontent
2018,10,womens,3,Cristina B. Franco,Cristina B. Franco,Second Counselor in the Primary General Presidency,The Joy of Unselfish Service,We have promised our Father in Heaven that we will serve Him and others with love and do His will in all things.,https://www.churchofjesuschrist.org/study/general-conference/2018/10/the-joy-of-unselfish-service,1380.0,10:57,657.0,ok,,2018-10,4037,October,Second Counselor in the Primary General Presidency,auxiliary_counselor,legacy_csv,legacy_csv_runtime,3,126.02739726027399,general-conference/2018/10/the-joy-of-unselfish-service
2018,10,womens,4,Henry B. Eyring,Henry B. Eyring,Second Counselor in the First Presidency,Women and Gospel Learning in the Home,The Savior is your perfect example of how you will play a major part in His move to place greater emphasis on gospel learning in the home.,https://www.churchofjesuschrist.org/study/general-conference/2018/10/women-and-gospel-learning-in-the-home,1746.0,,842.0,ok,legacy runtime nan (missing) replaced by official video duration,2018-10,4037,October,Second Counselor in the First Presidency,first_presidency_counselor,legacy_csv,video_data_duration,4,124.41805225653206,general-conference/2018/10/women-and-gospel-learning-in-the-home
2018,10,womens,5,Dallin H. Oaks,Dallin H. Oaks,First Counselor in the First Presidency,Parents and Children,Our Heavenly Father’s great plan of happiness tells you who you are and the purpose of your life.,https://www.churchofjesuschrist.org/study/general-conference/2018/10/parents-and-children,1563.0,13:14,794.0,ok,,2018-10,4037,October,First Counselor in the First Presidency,first_presidency_counselor,legacy_csv,legacy_csv_runtime,5,118.11083123425693,general-conference/2018/10/parents-and-children
2018,10,womens,6,Russell M. Nelson,Russell M. Nelson,President of the Church,Sisters’ Participation in the Gathering of Israel,"I’m extending a prophetic plea to you, the women of the Church, to shape the future by helping to gather scattered Israel.",https://www.churchofjesuschrist.org/study/general-conference/2018/10/sisters-participation-in-the-gathering-of-israel,1654.0,16:18,978.0,ok,,2018-10,4037,October,President of the Church,church_president,legacy_csv,legacy_csv_runtime,6,101.47239263803681,general-conference/2018/10/sisters-participation-in-the-gathering-of-israel
2019,4,priesthood,1,Gary E. Stevenson,Gary E. Stevenson,Of the Quorum of the Twelve Apostles,Your Priesthood Playbook,Create your own playbook of how you will prove yourself as a disciple of Christ.,https://www.churchofjesuschrist.org/study/general-conference/2019/04/31stevenson,2202.0,15:21,921.0,ok,,2019-04,4038,April,Of the Quorum of the Twelve Apostles,twelve,legacy_csv,legacy_csv_runtime,1,143.4527687296417,general-conference/2019/04/31stevenson
2019,4,priesthood,2,Carl B. Cook,Carl B. Cook,Of the Presidency of the Seventy,The Quorum: A Place of Belonging,"The Lord would have you establish a strong quorum. As He gathers His children, they need a place to belong and grow.",https://www.churchofjesuschrist.org/study/general-conference/2019/04/32cook,1426.0,10:59,659.0,ok,,2019-04,4038,April,Of the Presidency of the Seventy,seventy_presidency,legacy_csv,legacy_csv_runtime,2,129.8330804248862,general-conference/2019/04/32cook
2019,4,priesthood,3,Kim B. Clark,Kim B. Clark,Of the Seventy,Look unto Jesus Christ,"If we look to Jesus Christ, He will help us live our covenants and magnify our calling as elders in Israel.",https://www.churchofjesuschrist.org/study/general-conference/2019/04/33clark,1372.0,10:55,655.0,ok,,2019-04,4038,April,Of the Seventy,seventy,legacy_csv,legacy_csv_runtime,3,125.67938931297711,general-conference/2019/04/33clark
2019,4,priesthood,4,Henry B. Eyring,Henry B. Eyring,Second Counselor in the First Presidency,The Power of Sustaining Faith,"By raising your hand to sustain, you make a promise with God, whose servants these are, that you will sustain them.",https://www.churchofjesuschrist.org/study/general-conference/2019/04/34eyring,1471.0,12:57,777.0,ok,,2019-04,4038,April,Second Counselor in the First Presidency,first_presidency_counselor,legacy_csv,legacy_csv_runtime,4,113.59073359073359,general-conference/2019/04/34eyring
2019,4,priesthood,5,Dallin H. Oaks,Dallin H. Oaks,First Counselor in the First Presidency,Where Will This Lead?,We make better choices and decisions if we look at the alternatives and ponder where they will lead.,https://www.churchofjesuschrist.org/study/general-conference/2019/04/35oaks,1370.0,11:45,705.0,ok,,2019-04,4038,April,First Counselor in the First Presidency,first_presidency_counselor,legacy_csv,legacy_csv_runtime,5,116.59574468085107,general-conference/2019/04/35oaks
2019,4,priesthood,6,Russell M. Nelson,Russell M. Nelson,President of the Church,We Can Do Better and Be Better,Make your focus on daily repentance so integral to your life that you can exercise the priesthood with greater power than ever before.,https://www.churchofjesuschrist.org/study/general-conference/2019/04/36nelson,1547.0,14:57,897.0,ok,,2019-04,4038,April,President of the Church,church_president,legacy_csv,legacy_csv_runtime,6,103.47826086956522,general-conference/2019/04/36nelson
2019,4,saturday-afternoon,1,M. Russell Ballard,M. Russell Ballard,Acting President of the Quorum of the Twelve Apostles,"The True, Pure, and Simple Gospel of Jesus Christ","Loving God and loving our neighbors is the doctrinal foundation of ministering; home-centered, Church-supported learning; Sabbath-day spiritual worship; and the work of salvation.",https://www.churchofjesuschrist.org/study/general-conference/2019/04/23ballard,1710.0,14:28,868.0,ok,,2019-04,4038,April,Acting President of the Quorum of the Twelve Apostles,twelve_president,legacy_csv,legacy_csv_runtime,1,118.20276497695852,general-conference/2019/04/23ballard
2019,4,saturday-afternoon,2,Mathias Held,Mathias Held,Of the Seventy,Seeking Knowledge by the Spirit,We should learn to discern the truth not only through our rational minds but also through the very still and small voice of the Spirit.,https://www.churchofjesuschrist.org/study/general-conference/2019/04/24held,1444.0,10:21,621.0,ok,,2019-04,4038,April,Of the Seventy,seventy,legacy_csv,legacy_csv_runtime,2,139.5169082125604,general-conference/2019/04/24held
2019,4,saturday-afternoon,3,Neil L. Andersen,Neil L. Andersen,Of the Quorum of the Twelve Apostles,The Eye of Faith,"If we pick and choose what we accept in the proclamation, we cloud our eternal view, putting too much importance on our experience here and now.",https://www.churchofjesuschrist.org/study/general-conference/2019/04/25andersen,1854.0,15:15,915.0,ok,,2019-04,4038,April,Of the Quorum of the Twelve Apostles,twelve,legacy_csv,legacy_csv_runtime,3,121.57377049180327,general-conference/2019/04/25andersen
2019,4,saturday-afternoon,4,Takashi Wada,Takashi Wada,Of the Seventy,Feasting upon the Words of Christ,Feasting upon the words of Christ can happen at any time and on any occasion if we prepare our hearts.,https://www.churchofjesuschrist.org/study/general-conference/2019/04/26wada,1494.0,9:37,577.0,ok,,2019-04,4038,April,Of the Seventy,seventy,legacy_csv,legacy_csv_runtime,4,155.35528596187174,general-conference/2019/04/26wada
2019,4,saturday-afternoon,5,David P. Homer,David P. Homer,Of the Seventy,Hearing His Voice,"In a world with so many competing voices, our Heavenly Father has made it possible for us to hear and follow His.",https://www.churchofjesuschrist.org/study/general-conference/2019/04/27homer,1557.0,10:19,619.0,ok,,2019-04,4038,April,Of the Seventy,seventy,legacy_csv,legacy_csv_runtime,5,150.92084006462036,general-conference/2019/04/27homer
2019,4,saturday-afternoon,6,Jeffrey R. Holland,Jeffrey R. Holland,Of the Quorum of the Twelve Apostles,Behold the Lamb of God,"Our modified Sunday service is to emphasize the sacrament of the Lord’s Supper as the sacred, acknowledged focal point of our weekly worship experience.",https://www.churchofjesuschrist.org/study/general-conference/2019/04/28holland,1644.0,15:58,958.0,ok,,2019-04,4038,April,Of the Quorum of the Twelve Apostles,twelve,legacy_csv,legacy_csv_runtime,6,102.96450939457202,general-conference/2019/04/28holland
2019,4,saturday-morning,1,Ulisses Soares,Ulisses Soares,Of the Quorum of the Twelve Apostles,How Can I Understand?,"When we earnestly, heartily, firmly, and sincerely seek to learn the gospel of Jesus Christ and teach it to one another, these teachings may transform hearts.",https://www.churchofjesuschrist.org/study/general-conference/2019/04/11soares,1906.0,15:12,912.0,ok,,2019-04,4038,April,Of the Quorum of the Twelve Apostles,twelve,legacy_csv,legacy_csv_runtime,1,125.39473684210527,general-conference/2019/04/11soares
2019,4,saturday-morning,2,Rebecca L. Craven,Rebecca L. Craven,Second Counselor in the Young Women General Presidency,Careful versus Casual,"As the influences of the world increasingly embrace the evil, we must strive with all diligence to stay firmly on the path that leads us safely to our Savior.",https://www.churchofjesuschrist.org/study/general-conference/2019/04/12craven,1563.0,12:24,744.0,ok,,2019-04,4038,April,Second Counselor in the Young Women General Presidency,auxiliary_counselor,legacy_csv,legacy_csv_runtime,2,126.04838709677419,general-conference/2019/04/12craven
2019,4,saturday-morning,3,Brook P. Hales,Brook P. Hales,Of the Seventy,Answers to Prayer,"The Father is aware of us, knows our needs, and will help us perfectly.",https://www.churchofjesuschrist.org/study/general-conference/2019/04/13hales,2141.0,12:39,759.0,ok,,2019-04,4038,April,Of the Seventy,seventy,legacy_csv,legacy_csv_runtime,3,169.2490118577075,general-conference/2019/04/13hales
2019,4,saturday-morning,4,Dieter F. Uchtdorf,Dieter F. Uchtdorf,Of the Quorum of the Twelve Apostles,Missionary Work: Sharing What Is in Your Heart,"Wherever you are on this earth, there are plenty of opportunities to share the good news of the gospel of Jesus Christ.",https://www.churchofjesuschrist.org/study/general-conference/2019/04/14uchtdorf,1894.0,17:29,1049.0,ok,,2019-04,4038,April,Of the Quorum of the Twelve Apostles,twelve,legacy_csv,legacy_csv_runtime,4,108.33174451858913,general-conference/2019/04/14uchtdorf
2019,4,saturday-morning,5,W. Christopher Waddell,W. Christopher Waddell,Second Counselor in the Presiding Bishopric,Just as He Did,"As we seek to minister just as He did, we will be provided opportunities to forget self and lift others.",https://www.churchofjesuschrist.org/study/general-conference/2019/04/15waddell,1805.0,11:53,713.0,ok,,2019-04,4038,April,Second Counselor in the Presiding Bishopric,presiding_bishopric,legacy_csv,legacy_csv_runtime,5,151.89340813464236,general-conference/2019/04/15waddell
2019,4,saturday-morning,6,Henry B. Eyring,Henry B. Eyring,Second Counselor in the First Presidency,A Home Where the Spirit of the Lord Dwells,You will find some of your greatest joys in your efforts to make your home a place of faith in the Lord Jesus Christ and a place that is permeated with love.,https://www.churchofjesuschrist.org/study/general-conference/2019/04/16eyring,2247.0,,1145.866,ok,legacy runtime nan (missing) replaced by official video duration,2019-04,4038,April,Second Counselor in the First Presidency,first_presidency_counselor,legacy_csv,video_data_duration,6,117.65773659398221,general-conference/2019/04/16eyring
2019,4,sunday-afternoon,1,Dallin H. Oaks,Dallin H. Oaks,First Counselor in the First Presidency,Cleansed by Repentance,"Because of God’s plan and the Atonement of Jesus Christ, we can be cleansed by the process of repentance.",https://www.churchofjesuschrist.org/study/general-conference/2019/04/51oaks,1944.0,15:27,927.0,ok,,2019-04,4038,April,First Counselor in the First Presidency,first_presidency_counselor,legacy_csv,legacy_csv_runtime,1,125.8252427184466,general-conference/2019/04/51oaks
2019,4,sunday-afternoon,2,Juan Pablo Villar,Juan Pablo Villar,Of the Seventy,Exercising Our Spiritual Muscles,"Just as reading and learning about muscles is not enough to build muscle, reading and learning about faith without adding action is insufficient to build faith.",https://www.churchofjesuschrist.org/study/general-conference/2019/04/52villar,1336.0,10:49,649.0,ok,,2019-04,4038,April,Of the Seventy,seventy,legacy_csv,legacy_csv_runtime,2,123.51309707241911,general-conference/2019/04/52villar
2019,4,sunday-afternoon,3,Gerrit W. Gong,Gerrit W. Gong,Of the Quorum of the Twelve Apostles,"Good Shepherd, Lamb of God",Jesus Christ calls us in His voice and His name. He seeks and gathers us. He teaches us how to minister in love.,https://www.churchofjesuschrist.org/study/general-conference/2019/04/53gong,1930.0,15:19,919.0,ok,,2019-04,4038,April,Of the Quorum of the Twelve Apostles,twelve,legacy_csv,legacy_csv_runtime,3,126.00652883569097,general-conference/2019/04/53gong
2019,4,sunday-afternoon,4,David A. Bednar,David A. Bednar,Of the Quorum of the Twelve Apostles,Prepared to Obtain Every Needful Thing,Blessings will come as we strive to fulfill our individual responsibility to learn and love the restored gospel of Jesus Christ.,https://www.churchofjesuschrist.org/study/general-conference/2019/04/54bednar,1821.0,16:27,987.0,ok,,2019-04,4038,April,Of the Quorum of the Twelve Apostles,twelve,legacy_csv,legacy_csv_runtime,4,110.69908814589667,general-conference/2019/04/54bednar
2019,4,sunday-afternoon,5,Kyle S. McKay,Kyle S. McKay,Of the Seventy,The Immediate Goodness of God,"Even while we are patiently waiting upon the Lord, there are certain blessings that come to us immediately.",https://www.churchofjesuschrist.org/study/general-conference/2019/04/55mckay,1323.0,11:39,699.0,ok,,2019-04,4038,April,Of the Seventy,seventy,legacy_csv,legacy_csv_runtime,5,113.56223175965665,general-conference/2019/04/55mckay
2019,4,sunday-afternoon,6,Ronald A. Rasband,Ronald A. Rasband,Of the Quorum of the Twelve Apostles,Build a Fortress of Spirituality and Protection,"When we live the gospel of Jesus Christ, when we draw upon the Savior’s Atonement and press forward with faith, we are fortified against the adversary.",https://www.churchofjesuschrist.org/study/general-conference/2019/04/56rasband,1860.0,15:58,958.0,ok,,2019-04,4038,April,Of the Quorum of the Twelve Apostles,twelve,legacy_csv,legacy_csv_runtime,6,116.49269311064718,general-conference/2019/04/56rasband
2019,4,sunday-afternoon,7,Russell M. Nelson,Russell M. Nelson,President of the Church,Closing Remarks,May we dedicate and rededicate our lives to serving God and His children—on both sides of the veil.,https://www.churchofjesuschrist.org/study/general-conference/2019/04/57nelson,696.0,6:41,401.0,ok,,2019-04,4038,April,President of the Church,church_president,legacy_csv,legacy_csv_runtime,7,104.13965087281795,general-conference/2019/04/57nelson
2019,4,sunday-morning,1,Dale G. Renlund,Dale G. Renlund,Of the Quorum of the Twelve Apostles,Abound with Blessings,Most blessings that God desires to give us require action on our part—action based on our faith in Jesus Christ.,https://www.churchofjesuschrist.org/study/general-conference/2019/04/41renlund,1816.0,15:10,910.0,ok,,2019-04,4038,April,Of the Quorum of the Twelve Apostles,twelve,legacy_csv,legacy_csv_runtime,1,119.73626373626374,general-conference/2019/04/41renlund
2019,4,sunday-morning,2,Sharon Eubank,Sharon Eubank,First Counselor in the Relief Society General Presidency,Christ: The Light That Shines in Darkness,"If you feel that the beacon of your testimony is sputtering and darkness is closing in, take courage. Keep your promises to God.",https://www.churchofjesuschrist.org/study/general-conference/2019/04/42eubank,1652.0,11:29,689.0,ok,,2019-04,4038,April,First Counselor in the Relief Society General Presidency,auxiliary_counselor,legacy_csv,legacy_csv_runtime,2,143.86066763425254,general-conference/2019/04/42eubank
2019,4,sunday-morning,3,Quentin L. Cook,Quentin L. Cook,Of the Quorum of the Twelve Apostles,Great Love for Our Father’s Children,Love is the primary attribute and motive for the spiritual purposes we were charged to undertake by our beloved prophet.,https://www.churchofjesuschrist.org/study/general-conference/2019/04/43cook,2054.0,15:24,924.0,ok,,2019-04,4038,April,Of the Quorum of the Twelve Apostles,twelve,legacy_csv,legacy_csv_runtime,3,133.37662337662337,general-conference/2019/04/43cook
2019,4,sunday-morning,4,D. Todd Christofferson,D. Todd Christofferson,Of the Quorum of the Twelve Apostles,Preparing for the Lord’s Return,The Church of Jesus Christ of Latter-day Saints is uniquely empowered and commissioned to accomplish the necessary preparations for the Lord’s Second Coming.,https://www.churchofjesuschrist.org/study/general-conference/2019/04/44christofferson,2141.0,15:16,916.0,ok,,2019-04,4038,April,Of the Quorum of the Twelve Apostles,twelve,legacy_csv,legacy_csv_runtime,4,140.24017467248908,general-conference/2019/04/44christofferson
2019,4,sunday-morning,5,Tad R. Callister,Tad R. Callister,Recently Released Sunday School General President,The Atonement of Jesus Christ,The Savior’s Atonement is not only infinite in scope but also individual in reach.,https://www.churchofjesuschrist.org/study/general-conference/2019/04/45callister,1739.0,11:46,706.0,ok,,2019-04,4038,April,Sunday School General President,auxiliary_president,legacy_csv,legacy_csv_runtime,5,147.79036827195466,general-conference/2019/04/45callister
2019,4,sunday-morning,6,Russell M. Nelson,Russell M. Nelson,President of the Church,"“Come, Follow Me”",Jesus Christ invites us to take the covenant path back home to our Heavenly Parents and be with those we love.,https://www.churchofjesuschrist.org/study/general-conference/2019/04/46nelson,1898.0,17:51,1071.0,ok,,2019-04,4038,April,President of the Church,church_president,legacy_csv,legacy_csv_runtime,6,106.33053221288515,general-conference/2019/04/46nelson
2019,10,saturday-afternoon,1,David A. Bednar,David A. Bednar,Of the Quorum of the Twelve Apostles,Watchful unto Prayer Continually,Constant vigilance is required to counteract complacency and casualness.,https://www.churchofjesuschrist.org/study/general-conference/2019/10/22bednar,1921.0,15:59,959.0,ok,,2019-10,4039,October,Of the Quorum of the Twelve Apostles,twelve,legacy_csv,legacy_csv_runtime,1,120.18769551616268,general-conference/2019/10/22bednar
2019,10,saturday-afternoon,2,Rubén V. Alliaud,Rubén V. Alliaud,Of the Seventy,Found through the Power of the Book of Mormon,All must experience and be found by the power of the truths contained in the Book of Mormon.,https://www.churchofjesuschrist.org/study/general-conference/2019/10/23alliaud,1474.0,9:35,575.0,ok,,2019-10,4039,October,Of the Seventy,seventy,legacy_csv,legacy_csv_runtime,2,153.8086956521739,general-conference/2019/10/23alliaud
2019,10,saturday-afternoon,3,Russell M. Nelson,Russell M. Nelson,President of the Church,"Witnesses, Aaronic Priesthood Quorums, and Young Women Classes",The adjustments we will now announce are intended to help young men and young women develop their sacred personal potential.,https://www.churchofjesuschrist.org/study/general-conference/2019/10/24nelson,453.0,,242.809,ok,legacy runtime nan (missing) replaced by official video duration,2019-10,4039,October,President of the Church,church_president,legacy_csv,video_data_duration,3,111.93983748543094,general-conference/2019/10/24nelson
2019,10,saturday-afternoon,4,Quentin L. Cook,Quentin L. Cook,Of the Quorum of the Twelve Apostles,Adjustments to Strengthen Youth,More young men and young women will rise to the challenge and stay on the covenant path because of this laser-like focus on our youth.,https://www.churchofjesuschrist.org/study/general-conference/2019/10/25cook,1629.0,12:29,749.0,ok,,2019-10,4039,October,Of the Quorum of the Twelve Apostles,twelve,legacy_csv,legacy_csv_runtime,4,130.4939919893191,general-conference/2019/10/25cook
2019,10,saturday-afternoon,5,Mark L. Pace,Mark L. Pace,Sunday School General President,"Come, Follow Me—the Lord’s Counterstrategy and Proactive Plan","The Lord prepares His people against the attacks of the adversary.Come, Follow Meis the Lord’s counterstrategy and proactive plan.",https://www.churchofjesuschrist.org/study/general-conference/2019/10/26pace,1587.0,10:42,642.0,ok,,2019-10,4039,October,Sunday School General President,auxiliary_president,legacy_csv,legacy_csv_runtime,5,148.3177570093458,general-conference/2019/10/26pace
2019,10,saturday-afternoon,6,L. Todd Budge,L. Todd Budge,Of the Seventy,Consistent and Resilient Trust,Trusting in the Lord includes trusting in His timing and requires patience and endurance that outlast the storms of life.,https://www.churchofjesuschrist.org/study/general-conference/2019/10/27budge,1518.0,10:23,623.0,ok,,2019-10,4039,October,Of the Seventy,seventy,legacy_csv,legacy_csv_runtime,6,146.19582664526484,general-conference/2019/10/27budge
2019,10,saturday-afternoon,7,Jorge M. Alvarado,Jorge M. Alvarado,Of the Seventy,After the Trial of Our Faith,"As we follow God’s voice and His covenant path, He will strengthen us in our trials.",https://www.churchofjesuschrist.org/study/general-conference/2019/10/28alvarado,1563.0,10:34,634.0,ok,,2019-10,4039,October,Of the Seventy,seventy,legacy_csv,legacy_csv_runtime,7,147.91798107255522,general-conference/2019/10/28alvarado
2019,10,saturday-afternoon,8,Ronald A. Rasband,Ronald A. Rasband,Of the Quorum of the Twelve Apostles,Standing by Our Promises and Covenants,"I invite you to consider the promises and covenants you make with the Lord, and with others, with great integrity, knowing that your word is your bond.",https://www.churchofjesuschrist.org/study/general-conference/2019/10/29rasband,1823.0,14:39,879.0,ok,,2019-10,4039,October,Of the Quorum of the Twelve Apostles,twelve,legacy_csv,legacy_csv_runtime,8,124.43686006825938,general-conference/2019/10/29rasband
2019,10,saturday-morning,1,Jeffrey R. Holland,Jeffrey R. Holland,Of the Quorum of the Twelve Apostles,"The Message, the Meaning, and the Multitude","Through the incessant din and drumbeat of our day, may we strive to see Christ at the center of our lives, of our faith, and of our service.",https://www.churchofjesuschrist.org/study/general-conference/2019/10/11holland,1499.0,14:46,886.0,ok,,2019-10,4039,October,Of the Quorum of the Twelve Apostles,twelve,legacy_csv,legacy_csv_runtime,1,101.51241534988712,general-conference/2019/10/11holland
2019,10,saturday-morning,2,Terence M. Vinson,Terence M. Vinson,Of the Presidency of the Seventy,True Disciples of the Savior,We can feel enduring joy when our Savior and His gospel become the framework around which we build our lives.,https://www.churchofjesuschrist.org/study/general-conference/2019/10/12vinson,1672.0,10:55,655.0,ok,,2019-10,4039,October,Of the Presidency of the Seventy,seventy_presidency,legacy_csv,legacy_csv_runtime,2,153.16030534351145,general-conference/2019/10/12vinson
2019,10,saturday-morning,3,Stephen W. Owen,Stephen W. Owen,Young Men General President,"Be Faithful, Not Faithless",We must deliberately take time each day to disconnect from the world and connect with heaven.,https://www.churchofjesuschrist.org/study/general-conference/2019/10/13owen,1531.0,10:45,645.0,ok,,2019-10,4039,October,Young Men General President,auxiliary_president,legacy_csv,legacy_csv_runtime,3,142.41860465116278,general-conference/2019/10/13owen
2019,10,saturday-morning,4,D. Todd Christofferson,D. Todd Christofferson,Of the Quorum of the Twelve Apostles,The Joy of the Saints,"Joy comes from keeping Christ’s commandments, from overcoming sorrow and weakness through Him, and from serving as He served.",https://www.churchofjesuschrist.org/study/general-conference/2019/10/14christofferson,1960.0,14:32,872.0,ok,,2019-10,4039,October,Of the Quorum of the Twelve Apostles,twelve,legacy_csv,legacy_csv_runtime,4,134.86238532110093,general-conference/2019/10/14christofferson
2019,10,saturday-morning,5,Michelle D. Craig,Michelle D. Craig,First Counselor in the Young Women General Presidency,Spiritual Capacity,"As Jesus Christ’s faithful disciple, you can receive personal inspiration and revelation, consistent with His commandments, that is tailored to you.",https://www.churchofjesuschrist.org/study/general-conference/2019/10/15craig,1438.0,10:29,629.0,ok,,2019-10,4039,October,First Counselor in the Young Women General Presidency,auxiliary_counselor,legacy_csv,legacy_csv_runtime,5,137.17011128775835,general-conference/2019/10/15craig
2019,10,saturday-morning,6,Dale G. Renlund,Dale G. Renlund,Of the Quorum of the Twelve Apostles,Unwavering Commitment to Jesus Christ,God invites us to cast our old ways completely out of reach and begin a new life in Christ.,https://www.churchofjesuschrist.org/study/general-conference/2019/10/16renlund,1728.0,13:52,832.0,ok,,2019-10,4039,October,Of the Quorum of the Twelve Apostles,twelve,legacy_csv,legacy_csv_runtime,6,124.61538461538461,general-conference/2019/10/16renlund
2019,10,saturday-morning,7,Dallin H. Oaks,Dallin H. Oaks,First Counselor in the First Presidency,Trust in the Lord,Our only sure reliance is to trust in the Lord and His love for His children.,https://www.churchofjesuschrist.org/study/general-conference/2019/10/17oaks,1734.0,14:48,888.0,ok,,2019-10,4039,October,First Counselor in the First Presidency,first_presidency_counselor,legacy_csv,legacy_csv_runtime,7,117.16216216216216,general-conference/2019/10/17oaks
2019,10,sunday-afternoon,1,Henry B. Eyring,Henry B. Eyring,Second Counselor in the First Presidency,Holiness and the Plan of Happiness,Greater happiness comes from greater personal holiness.,https://www.churchofjesuschrist.org/study/general-conference/2019/10/51eyring,2051.0,18:56,1136.0,ok,,2019-10,4039,October,Second Counselor in the First Presidency,first_presidency_counselor,legacy_csv,legacy_csv_runtime,1,108.3274647887324,general-conference/2019/10/51eyring
2019,10,sunday-afternoon,2,Hans T. Boom,Hans T. Boom,Of the Seventy,"Knowing, Loving, and Growing",May we all come to understand our part in this great ministering work so that we will become more like Him.,https://www.churchofjesuschrist.org/study/general-conference/2019/10/52boom,1350.0,8:51,531.0,ok,,2019-10,4039,October,Of the Seventy,seventy,legacy_csv,legacy_csv_runtime,2,152.54237288135593,general-conference/2019/10/52boom
2019,10,sunday-afternoon,3,M. Russell Ballard,M. Russell Ballard,Acting President of the Quorum of the Twelve Apostles,Giving Our Spirits Control over Our Bodies,One of the most important things we can learn in this life is how to emphasize our eternal spiritual nature and control our evil desires.,https://www.churchofjesuschrist.org/study/general-conference/2019/10/53ballard,1810.0,15:36,936.0,ok,,2019-10,4039,October,Acting President of the Quorum of the Twelve Apostles,twelve_president,legacy_csv,legacy_csv_runtime,3,116.02564102564102,general-conference/2019/10/53ballard
2019,10,sunday-afternoon,4,Peter M. Johnson,Peter M. Johnson,Of the Seventy,Power to Overcome the Adversary,"How do we find peace, remember who we are, and overcome the three Ds of the adversary?",https://www.churchofjesuschrist.org/study/general-conference/2019/10/54johnson,1419.0,,607.206,ok,legacy runtime nan (missing) replaced by official video duration,2019-10,4039,October,Of the Seventy,seventy,legacy_csv,video_data_duration,4,140.21600577069395,general-conference/2019/10/54johnson
2019,10,sunday-afternoon,5,Ulisses Soares,Ulisses Soares,Of the Quorum of the Twelve Apostles,Take Up Our Cross,Taking upon yourselves your crosses and following the Savior means continuing with faith on the Lord’s path and not indulging in worldly habits.,https://www.churchofjesuschrist.org/study/general-conference/2019/10/55soares,1879.0,14:48,888.0,ok,,2019-10,4039,October,Of the Quorum of the Twelve Apostles,twelve,legacy_csv,legacy_csv_runtime,5,126.95945945945945,general-conference/2019/10/55soares
2019,10,sunday-afternoon,6,Neil L. Andersen,Neil L. Andersen,Of the Quorum of the Twelve Apostles,Fruit,Keep your eyes and your hearts centered on the Savior Jesus Christ and the eternal joy that comes only through Him.,https://www.churchofjesuschrist.org/study/general-conference/2019/10/56andersen,1710.0,13:29,809.0,ok,,2019-10,4039,October,Of the Quorum of the Twelve Apostles,twelve,legacy_csv,legacy_csv_runtime,6,126.82323856613104,general-conference/2019/10/56andersen
2019,10,sunday-afternoon,7,Russell M. Nelson,Russell M. Nelson,President of the Church,Closing Remarks,Individual worthiness requires a total conversion of mind and heart to be more like the Lord.,https://www.churchofjesuschrist.org/study/general-conference/2019/10/57nelson,1529.0,11:44,704.0,ok,,2019-10,4039,October,President of the Church,church_president,legacy_csv,legacy_csv_runtime,7,130.3125,general-conference/2019/10/57nelson
2019,10,sunday-morning,1,Gerrit W. Gong,Gerrit W. Gong,Of the Quorum of the Twelve Apostles,Covenant Belonging,To belong with God and to walk with each other on His covenant path is to be blessed by covenant belonging.,https://www.churchofjesuschrist.org/study/general-conference/2019/10/41gong,1880.0,15:14,914.0,ok,,2019-10,4039,October,Of the Quorum of the Twelve Apostles,twelve,legacy_csv,legacy_csv_runtime,1,123.41356673960614,general-conference/2019/10/41gong
2019,10,sunday-morning,2,Cristina B. Franco,Cristina B. Franco,Second Counselor in the Primary General Presidency,Finding Joy in Sharing the Gospel,"We have a loving Father in Heaven, who is waiting for us to turn to Him to bless our lives and the lives of those around us.",https://www.churchofjesuschrist.org/study/general-conference/2019/10/42franco,1517.0,11:15,675.0,ok,,2019-10,4039,October,Second Counselor in the Primary General Presidency,auxiliary_counselor,legacy_csv,legacy_csv_runtime,2,134.84444444444443,general-conference/2019/10/42franco
2019,10,sunday-morning,3,Dieter F. Uchtdorf,Dieter F. Uchtdorf,Of the Quorum of the Twelve Apostles,Your Great Adventure,"The Savior invites us, each day, to set aside our comforts and securities and join Him on the journey of discipleship.",https://www.churchofjesuschrist.org/study/general-conference/2019/10/43uchtdorf,1985.0,17:58,1078.0,ok,,2019-10,4039,October,Of the Quorum of the Twelve Apostles,twelve,legacy_csv,legacy_csv_runtime,3,110.48237476808906,general-conference/2019/10/43uchtdorf
2019,10,sunday-morning,4,Walter F. González,Walter F. González,Of the Seventy,The Savior’s Touch,"As we come unto Him, God will come to our rescue, whether to heal us or to give us the strength to face any situation.",https://www.churchofjesuschrist.org/study/general-conference/2019/10/44gonzalez,1487.0,11:54,714.0,ok,,2019-10,4039,October,Of the Seventy,seventy,legacy_csv,legacy_csv_runtime,4,124.9579831932773,general-conference/2019/10/44gonzalez
2019,10,sunday-morning,5,Gary E. Stevenson,Gary E. Stevenson,Of the Quorum of the Twelve Apostles,Deceive Me Not,"As we obey God’s commandments, we will always be led in the right way and will not be deceived.",https://www.churchofjesuschrist.org/study/general-conference/2019/10/45stevenson,1971.0,15:14,914.0,ok,,2019-10,4039,October,Of the Quorum of the Twelve Apostles,twelve,legacy_csv,legacy_csv_runtime,5,129.38730853391687,general-conference/2019/10/45stevenson
2019,10,sunday-morning,6,Russell M. Nelson,Russell M. Nelson,President of the Church,The Second Great Commandment,Our greatest joy comes as we help our brothers and sisters.,https://www.churchofjesuschrist.org/study/general-conference/2019/10/46nelson,1841.0,18:27,1107.0,ok,,2019-10,4039,October,President of the Church,church_president,legacy_csv,legacy_csv_runtime,6,99.78319783197833,general-conference/2019/10/46nelson
2019,10,womens,1,Reyna I. Aburto,Reyna I. Aburto,Second Counselor in the Relief Society General Presidency,"Thru Cloud and Sunshine, Lord, Abide with Me!","I testify that “thru cloud and sunshine” the Lord will abide with us, that our “afflictions [can be] swallowed up in the joy of Christ.”",https://www.churchofjesuschrist.org/study/general-conference/2019/10/31aburto,1393.0,11:33,693.0,ok,,2019-10,4039,October,Second Counselor in the Relief Society General Presidency,auxiliary_counselor,legacy_csv,legacy_csv_runtime,1,120.6060606060606,general-conference/2019/10/31aburto
2019,10,womens,2,Lisa L. Harkness,L. Harkness,First Counselor in the Primary General Presidency,Honoring His Name,"With covenant identity and belonging, we are called by the name of Jesus Christ.",https://www.churchofjesuschrist.org/study/general-conference/2019/10/32harkness,1258.0,9:54,594.0,ok,,2019-10,4039,October,First Counselor in the Primary General Presidency,auxiliary_counselor,legacy_csv,legacy_csv_runtime,2,127.07070707070707,general-conference/2019/10/32harkness
2019,10,womens,3,Bonnie H. Cordon,Bonnie H. Cordon,Young Women General President,Beloved Daughters,At the heart of all we do in Young Women is our desire to help you gain unshakable faith in the Lord Jesus Christ.,https://www.churchofjesuschrist.org/study/general-conference/2019/10/33cordon,1474.0,,784.3,ok,legacy runtime nan (missing) replaced by official video duration,2019-10,4039,October,Young Women General President,auxiliary_president,legacy_csv,video_data_duration,3,112.76297335203367,general-conference/2019/10/33cordon
2019,10,womens,4,Henry B. Eyring,Henry B. Eyring,Second Counselor in the First Presidency,Covenant Women in Partnership with God,"Becoming a covenant woman in partnership with God is how great and good daughters of God have always mothered, led, and ministered.",https://www.churchofjesuschrist.org/study/general-conference/2019/10/34eyring,1403.0,12:17,737.0,ok,,2019-10,4039,October,Second Counselor in the First Presidency,first_presidency_counselor,legacy_csv,legacy_csv_runtime,4,114.21981004070557,general-conference/2019/10/34eyring
2019,10,womens,5,Dallin H. Oaks,Dallin H. Oaks,First Counselor in the First Presidency,Two Great Commandments,"We must try to keep both of the great commandments. To do so, we walk a fine line between law and love.",https://www.churchofjesuschrist.org/study/general-conference/2019/10/35oaks,1387.0,12:48,768.0,ok,,2019-10,4039,October,First Counselor in the First Presidency,first_presidency_counselor,legacy_csv,legacy_csv_runtime,5,108.359375,general-conference/2019/10/35oaks
2019,10,womens,6,Russell M. Nelson,Russell M. Nelson,President of the Church,Spiritual Treasures,"As you exercise faith in the Lord and His priesthood power, your ability to draw upon this spiritual treasure that the Lord has made available will increase.",https://www.churchofjesuschrist.org/study/general-conference/2019/10/36nelson,1935.0,18:17,1097.0,ok,,2019-10,4039,October,President of the Church,church_president,legacy_csv,legacy_csv_runtime,6,105.83409298085687,general-conference/2019/10/36nelson
2020,4,saturday-afternoon,1,Ulisses Soares,Ulisses Soares,Of the Quorum of the Twelve Apostles,The Coming Forth of the Book of Mormon,The historical facts and the special witnesses of the Book of Mormon testify that its coming forth was indeed miraculous.,https://www.churchofjesuschrist.org/study/general-conference/2020/04/23soares,2170.0,17:12,1032.0,ok,,2020-04,4040,April,Of the Quorum of the Twelve Apostles,twelve,legacy_csv,legacy_csv_runtime,1,126.16279069767442,general-conference/2020/04/23soares
2020,4,saturday-afternoon,2,John A. McCune,John A. McCune,Of the Seventy,Come unto Christ—Living as Latter-day Saints,"We can do difficult things and help others do the same, because we know in whom we can trust.",https://www.churchofjesuschrist.org/study/general-conference/2020/04/24mccune,1356.0,9:10,550.0,ok,,2020-04,4040,April,Of the Seventy,seventy,legacy_csv,legacy_csv_runtime,2,147.92727272727274,general-conference/2020/04/24mccune
2020,4,saturday-afternoon,3,Gérald Caussé,Gérald Caussé,Presiding Bishop,A Living Witness of the Living Christ,The central message of the Book of Mormon is to restore the true knowledge of the essential role of Jesus Christ in the salvation and exaltation of mankind.,https://www.churchofjesuschrist.org/study/general-conference/2020/04/25causse,1378.0,10:42,642.0,ok,,2020-04,4040,April,Presiding Bishop,presiding_bishopric,legacy_csv,legacy_csv_runtime,3,128.78504672897196,general-conference/2020/04/25causse
2020,4,saturday-afternoon,4,Dale G. Renlund,Dale G. Renlund,Of the Quorum of the Twelve Apostles,Consider the Goodness and Greatness of God,I invite you to remember each day the greatness of Heavenly Father and Jesus Christ and what They have done for you.,https://www.churchofjesuschrist.org/study/general-conference/2020/04/26renlund,1904.0,14:40,880.0,ok,,2020-04,4040,April,Of the Quorum of the Twelve Apostles,twelve,legacy_csv,legacy_csv_runtime,4,129.8181818181818,general-conference/2020/04/26renlund
2020,4,saturday-afternoon,5,Benjamin M. Z. Tai,Benjamin M. Z. Tai,Of the Seventy,The Power of the Book of Mormon in Conversion,"The Book of Mormon provides spiritual nutrition, prescribes a plan of action, and connects us with the Holy Spirit.",https://www.churchofjesuschrist.org/study/general-conference/2020/04/27tai,1346.0,,541.0,ok,legacy runtime nan (missing) replaced by official video duration,2020-04,4040,April,Of the Seventy,seventy,legacy_csv,video_data_duration,5,149.27911275415894,general-conference/2020/04/27tai
2020,4,saturday-afternoon,6,Gary E. Stevenson,Gary E. Stevenson,Of the Quorum of the Twelve Apostles,A Good Foundation against the Time to Come,"During the coming years, may we allow the improvements made to the Salt Lake Temple to move and inspire us.",https://www.churchofjesuschrist.org/study/general-conference/2020/04/28stevenson,2194.0,16:23,983.0,ok,,2020-04,4040,April,Of the Quorum of the Twelve Apostles,twelve,legacy_csv,legacy_csv_runtime,6,133.91658189216685,general-conference/2020/04/28stevenson
2020,4,saturday-evening,1,Gerrit W. Gong,Gerrit W. Gong,Of the Quorum of the Twelve Apostles,Hosanna and Hallelujah—The Living Jesus Christ: The Heart of Restoration and Easter,"At this season of hosanna and hallelujah, sing hallelujah—for He shall reign forever and ever!",https://www.churchofjesuschrist.org/study/general-conference/2020/04/31gong,1828.0,14:56,896.0,ok,,2020-04,4040,April,Of the Quorum of the Twelve Apostles,twelve,legacy_csv,legacy_csv_runtime,1,122.41071428571428,general-conference/2020/04/31gong
2020,4,saturday-evening,2,Laudy Ruth Kaouk Alvarez,Laudy Ruth Kaouk Alvarez,"Member of the Slate Canyon 14th Ward (Spanish), Provo Utah Stake",How the Priesthood Blesses Youth,"Through the priesthood, we can be lifted. The priesthood brings light into our world.",https://www.churchofjesuschrist.org/study/general-conference/2020/04/32alvarez,935.0,,367.4,ok,legacy runtime nan (missing) replaced by official video duration,2020-04,4040,April,"Member of the Slate Canyon 14th Ward (Spanish), Provo Utah Stake",other,legacy_csv,video_data_duration,2,152.69461077844312,general-conference/2020/04/32alvarez
2020,4,saturday-evening,3,Enzo Serge Petelo,Enzo Serge Petelo,"Member of the Meadow Wood Ward, Provo Utah Edgemont Stake",How the Priesthood Blesses Youth,"We are given the opportunity to minister like angels, to preach the gospel on all the continents of the earth, and to help souls come unto Christ.",https://www.churchofjesuschrist.org/study/general-conference/2020/04/33petelo,1134.0,6:26,386.0,ok,,2020-04,4040,April,"Member of the Meadow Wood Ward, Provo Utah Edgemont Stake",other,legacy_csv,legacy_csv_runtime,3,176.26943005181346,general-conference/2020/04/33petelo
2020,4,saturday-evening,4,Jean B. Bingham,Jean B. Bingham,Relief Society General President,United in Accomplishing God’s Work,"The most effective way to fulfill our divine potential is to work together, blessed by the power and authority of the priesthood.",https://www.churchofjesuschrist.org/study/general-conference/2020/04/34bingham,2111.0,13:41,821.0,ok,,2020-04,4040,April,Relief Society General President,auxiliary_president,legacy_csv,legacy_csv_runtime,4,154.27527405602922,general-conference/2020/04/34bingham
2020,4,saturday-evening,5,Henry B. Eyring,Henry B. Eyring,Second Counselor in the First Presidency,He Goes before Us,The Lord is leading the Restoration of His gospel and His Church. He knows the future perfectly. He invites you to the work.,https://www.churchofjesuschrist.org/study/general-conference/2020/04/35eyring,1976.0,14:52,892.0,ok,,2020-04,4040,April,Second Counselor in the First Presidency,first_presidency_counselor,legacy_csv,legacy_csv_runtime,5,132.91479820627802,general-conference/2020/04/35eyring
2020,4,saturday-evening,6,Dallin H. Oaks,Dallin H. Oaks,First Counselor in the First Presidency,The Melchizedek Priesthood and the Keys,In the Church the authority of the priesthood is exercised under the direction of a priesthood leader who holds the keys of that priesthood.,https://www.churchofjesuschrist.org/study/general-conference/2020/04/36oaks,1765.0,14:21,861.0,ok,,2020-04,4040,April,First Counselor in the First Presidency,first_presidency_counselor,legacy_csv,legacy_csv_runtime,6,122.99651567944251,general-conference/2020/04/36oaks
2020,4,saturday-evening,7,Russell M. Nelson,Russell M. Nelson,President of The Church of Jesus Christ of Latter-day Saints,Opening the Heavens for Help,Let us put our faith in the Lord Jesus Christ into action!,https://www.churchofjesuschrist.org/study/general-conference/2020/04/37nelson,1230.0,11:27,687.0,ok,,2020-04,4040,April,President of the Church,church_president,legacy_csv,legacy_csv_runtime,7,107.4235807860262,general-conference/2020/04/37nelson
2020,4,saturday-morning,1,Russell M. Nelson,Russell M. Nelson,President of The Church of Jesus Christ of Latter-day Saints,Opening Message,"We are to seek, in every way we can, to hear Jesus Christ, who speaks to us through the power and ministering of the Holy Ghost.",https://www.churchofjesuschrist.org/study/general-conference/2020/04/11nelson,732.0,6:40,400.0,ok,,2020-04,4040,April,President of the Church,church_president,legacy_csv,legacy_csv_runtime,1,109.8,general-conference/2020/04/11nelson
2020,4,saturday-morning,2,M. Russell Ballard,M. Russell Ballard,Acting President of the Quorum of the Twelve Apostles,Shall We Not Go On in So Great a Cause?,"We should always remember the price Joseph and Hyrum Smith paid, along with so many other faithful men, women, and children, to establish the Church.",https://www.churchofjesuschrist.org/study/general-conference/2020/04/12ballard,2234.0,18:46,1126.0,ok,,2020-04,4040,April,Acting President of the Quorum of the Twelve Apostles,twelve_president,legacy_csv,legacy_csv_runtime,2,119.04085257548846,general-conference/2020/04/12ballard
2020,4,saturday-morning,3,James R. Rasband,James R. Rasband,Of the Seventy,Ensuring a Righteous Judgment,"To ensure a righteous judgment, the Savior’s atoning sacrifice will clear away the underbrush of ignorance and the painful thorns of hurt caused by others.",https://www.churchofjesuschrist.org/study/general-conference/2020/04/13rasband,1392.0,9:47,587.0,ok,,2020-04,4040,April,Of the Seventy,seventy,legacy_csv,legacy_csv_runtime,3,142.28279386712094,general-conference/2020/04/13rasband
2020,4,saturday-morning,4,Joy D. Jones,Joy D. Jones,Primary General President,An Especially Noble Calling,"As women of faith, we can draw principles of truth from the Prophet Joseph’s experiences that provide insights for receiving our own revelation.",https://www.churchofjesuschrist.org/study/general-conference/2020/04/14jones,1345.0,1:55,,implausible,,2020-04,4040,April,Primary General President,auxiliary_president,legacy_csv,legacy_csv_runtime,4,,general-conference/2020/04/14jones
2020,4,saturday-morning,5,Neil L. Andersen,Neil L. Andersen,Of the Quorum of the Twelve Apostles,Spiritually Defining Memories,"When personal difficulties or world conditions beyond our control darken our path, the spiritually defining memories from our book of life are like luminous stones that help brighten the road ahead.",https://www.churchofjesuschrist.org/study/general-conference/2020/04/15andersen,1935.0,16:44,1004.0,ok,,2020-04,4040,April,Of the Quorum of the Twelve Apostles,twelve,legacy_csv,legacy_csv_runtime,5,115.63745019920319,general-conference/2020/04/15andersen
2020,4,saturday-morning,6,Douglas D. Holmes,Douglas D. Holmes,Recently Released First Counselor in the Young Men General Presidency,Deep in Our Heart,The Lord is trying to help us—all of us—get His gospel deeper in our hearts.,https://www.churchofjesuschrist.org/study/general-conference/2020/04/16holmes,1489.0,11:33,693.0,ok,,2020-04,4040,April,First Counselor in the Young Men General Presidency,auxiliary_counselor,legacy_csv,legacy_csv_runtime,6,128.91774891774892,general-conference/2020/04/16holmes
2020,4,saturday-morning,7,Henry B. Eyring,Henry B. Eyring,Second Counselor in the First Presidency,Prayers of Faith,"As we pray in faith, we become a vital part in the Lord’s work as He prepares the world for His Second Coming.",https://www.churchofjesuschrist.org/study/general-conference/2020/04/17eyring,1841.0,15:43,943.0,ok,,2020-04,4040,April,Second Counselor in the First Presidency,first_presidency_counselor,legacy_csv,legacy_csv_runtime,7,117.13679745493107,general-conference/2020/04/17eyring
2020,4,sunday-afternoon,1,Dallin H. Oaks,Dallin H. Oaks,First Counselor in the First Presidency,The Great Plan,We who know God’s plan and who have covenanted to participate have a clear responsibility to teach these truths.,https://www.churchofjesuschrist.org/study/general-conference/2020/04/51oaks,1963.0,,963.0,ok,legacy runtime nan (missing) replaced by official video duration,2020-04,4040,April,First Counselor in the First Presidency,first_presidency_counselor,legacy_csv,video_data_duration,1,122.30529595015575,general-conference/2020/04/51oaks
2020,4,sunday-afternoon,2,Quentin L. Cook,Quentin L. Cook,Of the Quorum of the Twelve Apostles,The Blessing of Continuing Revelation to Prophets and Personal Revelation to Guide Our Lives,Continuous revelation has been received and is being received through channels the Lord has established.,https://www.churchofjesuschrist.org/study/general-conference/2020/04/52cook,1942.0,14:11,851.0,ok,,2020-04,4040,April,Of the Quorum of the Twelve Apostles,twelve,legacy_csv,legacy_csv_runtime,2,136.92126909518214,general-conference/2020/04/52cook
2020,4,sunday-afternoon,3,Ricardo P. Giménez,Ricardo P. Giménez,Of the Seventy,Finding Refuge from the Storms of Life,"Jesus Christ and His Atonement are the refuge that we all need, regardless of the storms that are battering our lives.",https://www.churchofjesuschrist.org/study/general-conference/2020/04/53gimenez,1579.0,,665.998,ok,legacy runtime nan (missing) replaced by official video duration,2020-04,4040,April,Of the Seventy,seventy,legacy_csv,video_data_duration,3,142.2526794374758,general-conference/2020/04/53gimenez
2020,4,sunday-afternoon,4,Dieter F. Uchtdorf,Dieter F. Uchtdorf,Of the Quorum of the Twelve Apostles,Come and Belong,We invite all of God’s children throughout the world to join us in this great endeavor.,https://www.churchofjesuschrist.org/study/general-conference/2020/04/54uchtdorf,1981.0,16:54,1014.0,ok,,2020-04,4040,April,Of the Quorum of the Twelve Apostles,twelve,legacy_csv,legacy_csv_runtime,4,117.21893491124261,general-conference/2020/04/54uchtdorf
2020,4,sunday-afternoon,5,L. Whitney Clayton,L. Whitney Clayton,Of the Presidency of the Seventy,The Finest Homes,"The Savior is the perfect engineer, builder, and interior designer. His project is the perfection and eternal joy of our souls﻿.",https://www.churchofjesuschrist.org/study/general-conference/2020/04/55clayton,1549.0,11:15,675.0,ok,,2020-04,4040,April,Of the Presidency of the Seventy,seventy_presidency,legacy_csv,legacy_csv_runtime,5,137.6888888888889,general-conference/2020/04/55clayton
2020,4,sunday-afternoon,6,D. Todd Christofferson,D. Todd Christofferson,Of the Quorum of the Twelve Apostles,Sharing the Message of the Restoration and the Resurrection,"The Restoration belongs to the world, and its message is especially urgent today.",https://www.churchofjesuschrist.org/study/general-conference/2020/04/56christofferson,2016.0,14:30,870.0,ok,,2020-04,4040,April,Of the Quorum of the Twelve Apostles,twelve,legacy_csv,legacy_csv_runtime,6,139.0344827586207,general-conference/2020/04/56christofferson
2020,4,sunday-afternoon,7,Russell M. Nelson,Russell M. Nelson,President of The Church of Jesus Christ of Latter-day Saints,Go Forward in Faith,I bless you with peace and increasing faith in the Lord.,https://www.churchofjesuschrist.org/study/general-conference/2020/04/57nelson,1181.0,9:42,582.0,ok,,2020-04,4040,April,President of the Church,church_president,legacy_csv,legacy_csv_runtime,7,121.75257731958764,general-conference/2020/04/57nelson
2020,4,sunday-morning,1,Ronald A. Rasband,Ronald A. Rasband,Of the Quorum of the Twelve Apostles,Fulfillment of Prophecy,The prophecies that have been fulfilled by the Restoration of the fulness of the gospel of Jesus Christ are many.,https://www.churchofjesuschrist.org/study/general-conference/2020/04/41rasband,1833.0,,903.0,ok,legacy runtime nan (missing) replaced by official video duration,2020-04,4040,April,Of the Quorum of the Twelve Apostles,twelve,legacy_csv,video_data_duration,1,121.79401993355481,general-conference/2020/04/41rasband
2020,4,sunday-morning,2,Bonnie H. Cordon,Bonnie H. Cordon,Young Women General President,That They May See,Look and pray for opportunities to let your light shine that others may see the way to Jesus Christ.,https://www.churchofjesuschrist.org/study/general-conference/2020/04/42cordon,1456.0,10:28,628.0,ok,,2020-04,4040,April,Young Women General President,auxiliary_president,legacy_csv,legacy_csv_runtime,2,139.10828025477707,general-conference/2020/04/42cordon
2020,4,sunday-morning,3,Jeffrey R. Holland,Jeffrey R. Holland,Of the Quorum of the Twelve Apostles,A Perfect Brightness of Hope,"Because the Restoration reaffirmed the foundational truth that God does work in this world, we can hope, we should hope, even when facing the most insurmountable odds.",https://www.churchofjesuschrist.org/study/general-conference/2020/04/43holland,1790.0,17:45,1065.0,ok,,2020-04,4040,April,Of the Quorum of the Twelve Apostles,twelve,legacy_csv,legacy_csv_runtime,3,100.84507042253522,general-conference/2020/04/43holland
2020,4,sunday-morning,4,David A. Bednar,David A. Bednar,Of the Quorum of the Twelve Apostles,“Let This House Be Built unto My Name”,The covenants received and the ordinances performed in temples are essential to the sanctifying of our hearts and for the ultimate exaltation of God’s sons and daughters.,https://www.churchofjesuschrist.org/study/general-conference/2020/04/44bednar,1912.0,16:15,975.0,ok,,2020-04,4040,April,Of the Quorum of the Twelve Apostles,twelve,legacy_csv,legacy_csv_runtime,4,117.66153846153846,general-conference/2020/04/44bednar
2020,4,sunday-morning,5,Russell M. Nelson,Russell M. Nelson,President of The Church of Jesus Christ of Latter-day Saints,Hear Him,"Our Father knows that when we are surrounded by uncertainty and fear, what will help us the very most is to hear His Son.",https://www.churchofjesuschrist.org/study/general-conference/2020/04/45nelson,2591.0,24:24,1464.0,ok,,2020-04,4040,April,President of the Church,church_president,legacy_csv,legacy_csv_runtime,5,106.18852459016394,general-conference/2020/04/45nelson
2020,4,sunday-morning,6,Russell M. Nelson,Russell M. Nelson,President of The Church of Jesus Christ of Latter-day Saints,Hosanna Shout,,https://www.churchofjesuschrist.org/study/general-conference/2020/04/46nelson,269.0,2:28,148.0,ok,,2020-04,4040,April,President of the Church,church_president,legacy_csv,legacy_csv_runtime,6,109.05405405405405,general-conference/2020/04/46nelson
2020,10,saturday-afternoon,1,D. Todd Christofferson,D. Todd Christofferson,Of the Quorum of the Twelve Apostles,Sustainable Societies,"If enough of us and enough of our neighbors strive to guide our lives by the truth of God, the moral virtues needed in every society will abound.",https://www.churchofjesuschrist.org/study/general-conference/2020/10/22christofferson,1901.0,15:12,912.0,ok,,2020-10,4041,October,Of the Quorum of the Twelve Apostles,twelve,legacy_csv,legacy_csv_runtime,1,125.06578947368422,general-conference/2020/10/22christofferson
2020,10,saturday-afternoon,2,Steven J. Lund,Steven J. Lund,Young Men General President,Finding Joy in Christ,The surest way to find joy in this life is to join Christ in helping others.,https://www.churchofjesuschrist.org/study/general-conference/2020/10/23lund,1514.0,9:56,596.0,ok,,2020-10,4041,October,Young Men General President,auxiliary_president,legacy_csv,legacy_csv_runtime,2,152.41610738255034,general-conference/2020/10/23lund
2020,10,saturday-afternoon,3,Gerrit W. Gong,Gerrit W. Gong,Of the Quorum of the Twelve Apostles,"All Nations, Kindreds, and Tongues","We can become, in our own way, part of the fulfillment of the Lord’s prophecies and promises—part of the gospel blessing the world.",https://www.churchofjesuschrist.org/study/general-conference/2020/10/24gong,1888.0,14:56,896.0,ok,,2020-10,4041,October,Of the Quorum of the Twelve Apostles,twelve,legacy_csv,legacy_csv_runtime,3,126.42857142857143,general-conference/2020/10/24gong
2020,10,saturday-afternoon,4,W. Christopher Waddell,W. Christopher Waddell,First Counselor in the Presiding Bishopric,There Was Bread,"As we seek to become temporally prepared, we can face the trials of life with increased confidence.",https://www.churchofjesuschrist.org/study/general-conference/2020/10/25waddell,1457.0,,607.173,ok,legacy runtime nan (missing) replaced by official video duration,2020-10,4041,October,First Counselor in the Presiding Bishopric,presiding_bishopric,legacy_csv,video_data_duration,4,143.9787342322534,general-conference/2020/10/25waddell
2020,10,saturday-afternoon,5,Matthew S. Holland,Matthew S. Holland,Of the Seventy,The Exquisite Gift of the Son,"Through Jesus Christ, we can escape the deserved agonies of our moral failings and overcome the undeserved agonies of our mortal misfortunes.",https://www.churchofjesuschrist.org/study/general-conference/2020/10/26holland,1222.0,9:47,587.0,ok,,2020-10,4041,October,Of the Seventy,seventy,legacy_csv,legacy_csv_runtime,5,124.90630323679727,general-conference/2020/10/26holland
2020,10,saturday-afternoon,6,William K. Jackson,William K. Jackson,Of the Seventy,The Culture of Christ,We can cherish the best of our individual earthly cultures and be full participants in the eternal culture that comes from the gospel of Jesus Christ.,https://www.churchofjesuschrist.org/study/general-conference/2020/10/27jackson,1500.0,,609.0,ok,legacy runtime nan (missing) replaced by official video duration,2020-10,4041,October,Of the Seventy,seventy,legacy_csv,video_data_duration,6,147.7832512315271,general-conference/2020/10/27jackson
2020,10,saturday-afternoon,7,Dieter F. Uchtdorf,Dieter F. Uchtdorf,Of the Quorum of the Twelve Apostles,God Will Do Something Unimaginable,God has prepared His children and His Church for this time.,https://www.churchofjesuschrist.org/study/general-conference/2020/10/28uchtdorf,1815.0,15:18,918.0,ok,,2020-10,4041,October,Of the Quorum of the Twelve Apostles,twelve,legacy_csv,legacy_csv_runtime,7,118.62745098039215,general-conference/2020/10/28uchtdorf
2020,10,saturday-morning,1,Russell M. Nelson,Russell M. Nelson,President of The Church of Jesus Christ of Latter-day Saints,Moving Forward,The work of the Lord is steadily moving forward.,https://www.churchofjesuschrist.org/study/general-conference/2020/10/11nelson,537.0,,307.733,ok,legacy runtime nan (missing) replaced by official video duration,2020-10,4041,October,President of the Church,church_president,legacy_csv,video_data_duration,1,104.70115327247971,general-conference/2020/10/11nelson
2020,10,saturday-morning,2,David A. Bednar,David A. Bednar,Of the Quorum of the Twelve Apostles,We Will Prove Them Herewith,Now is the time to prepare and prove ourselves willing and able to do all things whatsoever the Lord our God shall command us.,https://www.churchofjesuschrist.org/study/general-conference/2020/10/12bednar,1984.0,15:19,919.0,ok,,2020-10,4041,October,Of the Quorum of the Twelve Apostles,twelve,legacy_csv,legacy_csv_runtime,2,129.53210010881392,general-conference/2020/10/12bednar
2020,10,saturday-morning,3,Scott D. Whiting,Scott D. Whiting,Of the Seventy,Becoming like Him,Only with the Savior’s divine help can we all progress toward becoming like Him.,https://www.churchofjesuschrist.org/study/general-conference/2020/10/13whiting,1512.0,10:21,621.0,ok,,2020-10,4041,October,Of the Seventy,seventy,legacy_csv,legacy_csv_runtime,3,146.08695652173913,general-conference/2020/10/13whiting
2020,10,saturday-morning,4,Michelle D. Craig,Michelle D. Craig,First Counselor in the Young Women General Presidency,Eyes to See,"Through the power of the Holy Ghost, Christ will enable us to see ourselves and see others as He does.",https://www.churchofjesuschrist.org/study/general-conference/2020/10/14craig,1337.0,9:45,585.0,ok,,2020-10,4041,October,First Counselor in the Young Women General Presidency,auxiliary_counselor,legacy_csv,legacy_csv_runtime,4,137.12820512820514,general-conference/2020/10/14craig
2020,10,saturday-morning,5,Quentin L. Cook,Quentin L. Cook,Of the Quorum of the Twelve Apostles,Hearts Knit in Righteousness and Unity,"At this 200-year hinge point in our Church history, let us commit ourselves to live righteously and be united as never before.",https://www.churchofjesuschrist.org/study/general-conference/2020/10/15cook,1985.0,14:44,884.0,ok,,2020-10,4041,October,Of the Quorum of the Twelve Apostles,twelve,legacy_csv,legacy_csv_runtime,5,134.72850678733033,general-conference/2020/10/15cook
2020,10,saturday-morning,6,Ronald A. Rasband,Ronald A. Rasband,Of the Quorum of the Twelve Apostles,Recommended to the Lord,Begin the process now to become “recommended to the Lord” so that His Spirit will be with you in abundance.,https://www.churchofjesuschrist.org/study/general-conference/2020/10/16rasband,1821.0,14:16,856.0,ok,,2020-10,4041,October,Of the Quorum of the Twelve Apostles,twelve,legacy_csv,legacy_csv_runtime,6,127.64018691588784,general-conference/2020/10/16rasband
2020,10,saturday-morning,7,Dallin H. Oaks,Dallin H. Oaks,First Counselor in the First Presidency,Love Your Enemies,Knowing that we are all children of God gives us a vision of the worth of others and the ability to rise above prejudice.,https://www.churchofjesuschrist.org/study/general-conference/2020/10/17oaks,1862.0,16:19,979.0,ok,,2020-10,4041,October,First Counselor in the First Presidency,first_presidency_counselor,legacy_csv,legacy_csv_runtime,7,114.1164453524004,general-conference/2020/10/17oaks
2020,10,sunday-afternoon,1,Henry B. Eyring,Henry B. Eyring,Second Counselor in the First Presidency,"Tested, Proved, and Polished",The greatest blessing that will come when we prove ourselves faithful to our covenants during our trials will be a change in our natures.,https://www.churchofjesuschrist.org/study/general-conference/2020/10/51eyring,1923.0,15:59,959.0,ok,,2020-10,4041,October,Second Counselor in the First Presidency,first_presidency_counselor,legacy_csv,legacy_csv_runtime,1,120.31282586027112,general-conference/2020/10/51eyring
2020,10,sunday-afternoon,2,Jeremy R. Jaggi,Jeremy R. Jaggi,Of the Seventy,"Let Patience Have Her Perfect Work, and Count It All Joy!","When we exercise patience, our faith increases. As our faith increases, so does our joy.",https://www.churchofjesuschrist.org/study/general-conference/2020/10/52jaggi,1492.0,10:15,615.0,ok,,2020-10,4041,October,Of the Seventy,seventy,legacy_csv,legacy_csv_runtime,2,145.5609756097561,general-conference/2020/10/52jaggi
2020,10,sunday-afternoon,3,Gary E. Stevenson,Gary E. Stevenson,Of the Quorum of the Twelve Apostles,Highly Favored of the Lord,"Times of affliction and disappointment do not change the watchful eye of the Lord as He favorably looks upon us, blessing us.",https://www.churchofjesuschrist.org/study/general-conference/2020/10/53stevenson,1860.0,,847.346,ok,legacy runtime nan (missing) replaced by official video duration,2020-10,4041,October,Of the Quorum of the Twelve Apostles,twelve,legacy_csv,video_data_duration,3,131.70534822846867,general-conference/2020/10/53stevenson
2020,10,sunday-afternoon,4,Milton Camargo,Milton Camargo,First Counselor in the Sunday School General Presidency,"Ask, Seek, and Knock",An important part of Heavenly Father’s plan is the opportunity to communicate with Him anytime we want.,https://www.churchofjesuschrist.org/study/general-conference/2020/10/54camargo,1484.0,10:10,610.0,ok,,2020-10,4041,October,First Counselor in the Sunday School General Presidency,auxiliary_counselor,legacy_csv,legacy_csv_runtime,4,145.96721311475412,general-conference/2020/10/54camargo
2020,10,sunday-afternoon,5,Dale G. Renlund,Dale G. Renlund,Of the Quorum of the Twelve Apostles,"Do Justly, Love Mercy, and Walk Humbly with God",To do justly means acting honorably. We act honorably with God by walking humbly with Him. We act honorably with others by loving mercy.,https://www.churchofjesuschrist.org/study/general-conference/2020/10/55renlund,1707.0,13:27,807.0,ok,,2020-10,4041,October,Of the Quorum of the Twelve Apostles,twelve,legacy_csv,legacy_csv_runtime,5,126.91449814126395,general-conference/2020/10/55renlund
2020,10,sunday-afternoon,6,Kelly R. Johnson,Kelly R. Johnson,Of the Seventy,Enduring Power,Only faith and the word of God that fill our inner soul are sufficient to sustain us—and to allow us to access His power.,https://www.churchofjesuschrist.org/study/general-conference/2020/10/56johnson,1430.0,9:53,593.0,ok,,2020-10,4041,October,Of the Seventy,seventy,legacy_csv,legacy_csv_runtime,6,144.68802698145026,general-conference/2020/10/56johnson
2020,10,sunday-afternoon,7,Jeffrey R. Holland,Jeffrey R. Holland,Of the Quorum of the Twelve Apostles,Waiting on the Lord,"Faith means trusting God in good times and bad, even if that includes some suffering until we see His arm revealed in our behalf.",https://www.churchofjesuschrist.org/study/general-conference/2020/10/57holland,1473.0,14:19,859.0,ok,,2020-10,4041,October,Of the Quorum of the Twelve Apostles,twelve,legacy_csv,legacy_csv_runtime,7,102.88707799767171,general-conference/2020/10/57holland
2020,10,sunday-afternoon,8,Russell M. Nelson,Russell M. Nelson,President of The Church of Jesus Christ of Latter-day Saints,A New Normal,"I invite you to turn your heart, mind, and soul increasingly to our Heavenly Father and His Son, Jesus Christ.",https://www.churchofjesuschrist.org/study/general-conference/2020/10/58nelson,562.0,5:26,326.0,ok,,2020-10,4041,October,President of the Church,church_president,legacy_csv,legacy_csv_runtime,8,103.43558282208589,general-conference/2020/10/58nelson
2020,10,sunday-morning,1,M. Russell Ballard,M. Russell Ballard,Acting President of the Quorum of the Twelve Apostles,"Watch Ye Therefore, and Pray Always",Today I expand my call for prayer to all people from every country around the world.,https://www.churchofjesuschrist.org/study/general-conference/2020/10/41ballard,1722.0,,901.133,ok,legacy runtime nan (missing) replaced by official video duration,2020-10,4041,October,Acting President of the Quorum of the Twelve Apostles,twelve_president,legacy_csv,video_data_duration,1,114.65566126198908,general-conference/2020/10/41ballard
2020,10,sunday-morning,2,Lisa L. Harkness,Lisa L. Harkness,First Counselor in the Primary General Presidency,"Peace, Be Still",The Savior teaches us how to feel peace and calm even when the winds blow fiercely around us and billowing waves threaten to sink our hopes.,https://www.churchofjesuschrist.org/study/general-conference/2020/10/42harkness,1411.0,,660.493,ok,legacy runtime nan (missing) replaced by official video duration,2020-10,4041,October,First Counselor in the Primary General Presidency,auxiliary_counselor,legacy_csv,video_data_duration,2,128.17698295061416,general-conference/2020/10/42harkness
2020,10,sunday-morning,3,Ulisses Soares,Ulisses Soares,Of the Quorum of the Twelve Apostles,Seek Christ in Every Thought,Fighting against temptation takes a lifetime of diligence and faithfulness. But please know that the Lord is ready to assist us.,https://www.churchofjesuschrist.org/study/general-conference/2020/10/43soares,1770.0,14:47,887.0,ok,,2020-10,4041,October,Of the Quorum of the Twelve Apostles,twelve,legacy_csv,legacy_csv_runtime,3,119.72942502818489,general-conference/2020/10/43soares
2020,10,sunday-morning,4,Carlos A. Godoy,Carlos A. Godoy,Of the Presidency of the Seventy,I Believe in Angels,"The Lord is aware of the challenges you face. He knows you, He loves you, and I promise, He will send angels to help you.",https://www.churchofjesuschrist.org/study/general-conference/2020/10/44godoy,1508.0,10:46,646.0,ok,,2020-10,4041,October,Of the Presidency of the Seventy,seventy_presidency,legacy_csv,legacy_csv_runtime,4,140.06191950464395,general-conference/2020/10/44godoy
2020,10,sunday-morning,5,Neil L. Andersen,Neil L. Andersen,Of the Quorum of the Twelve Apostles,We Talk of Christ,"As the world speaks less of Jesus Christ, let us speak more of Him.",https://www.churchofjesuschrist.org/study/general-conference/2020/10/45andersen,1792.0,,901.267,ok,legacy runtime nan (missing) replaced by official video duration,2020-10,4041,October,Of the Quorum of the Twelve Apostles,twelve,legacy_csv,video_data_duration,5,119.29872057891833,general-conference/2020/10/45andersen
2020,10,sunday-morning,6,Russell M. Nelson,Russell M. Nelson,President of The Church of Jesus Christ of Latter-day Saints,Let God Prevail,Are you willing to let God prevail in your life? Are you willing to let God be the most important influence in your life?,https://www.churchofjesuschrist.org/study/general-conference/2020/10/46nelson,1858.0,18:52,1132.0,ok,,2020-10,4041,October,President of the Church,church_president,legacy_csv,legacy_csv_runtime,6,98.48056537102474,general-conference/2020/10/46nelson
2020,10,womens,1,Sharon Eubank,Sharon Eubank,First Counselor in the Relief Society General Presidency,By Union of Feeling We Obtain Power with God,"As we seek union of feeling, we will call down the power of God to make our efforts whole.",https://www.churchofjesuschrist.org/study/general-conference/2020/10/31eubank,1593.0,,606.539,ok,legacy runtime nan (missing) replaced by official video duration,2020-10,4041,October,First Counselor in the Relief Society General Presidency,auxiliary_counselor,legacy_csv,video_data_duration,1,157.5826121650875,general-conference/2020/10/31eubank
2020,10,womens,2,Rebecca L. Craven,Rebecca L. Craven,Second Counselor in the Young Women General Presidency,Keep the Change,"Through Jesus Christ, we are given the strength to make lasting changes. As we humbly turn to Him, He will increase our capacity to change.",https://www.churchofjesuschrist.org/study/general-conference/2020/10/32craven,1279.0,9:38,578.0,ok,,2020-10,4041,October,Second Counselor in the Young Women General Presidency,auxiliary_counselor,legacy_csv,legacy_csv_runtime,2,132.7681660899654,general-conference/2020/10/32craven
2020,10,womens,3,Cristina B. Franco,Cristina B. Franco,Second Counselor in the Primary General Presidency,The Healing Power of Jesus Christ,"As we come unto Jesus Christ by exercising faith in Him, repenting, and making and keeping covenants, our brokenness—whatever its cause—can be healed.",https://www.churchofjesuschrist.org/study/general-conference/2020/10/34franco,1272.0,9:36,576.0,ok,,2020-10,4041,October,Second Counselor in the Primary General Presidency,auxiliary_counselor,legacy_csv,legacy_csv_runtime,3,132.5,general-conference/2020/10/34franco
2020,10,womens,4,Henry B. Eyring,Henry B. Eyring,Second Counselor in the First Presidency,Sisters in Zion,You will be an essential force in the gathering of Israel and in the creation of a Zion people.,https://www.churchofjesuschrist.org/study/general-conference/2020/10/35eyring,1629.0,12:54,774.0,ok,,2020-10,4041,October,Second Counselor in the First Presidency,first_presidency_counselor,legacy_csv,legacy_csv_runtime,4,126.27906976744185,general-conference/2020/10/35eyring
2020,10,womens,5,Dallin H. Oaks,Dallin H. Oaks,First Counselor in the First Presidency,Be of Good Cheer,Our unshakable faith in the doctrine of the restored gospel of Jesus Christ guides our steps and gives us joy.,https://www.churchofjesuschrist.org/study/general-conference/2020/10/36oaks,1487.0,12:10,730.0,ok,,2020-10,4041,October,First Counselor in the First Presidency,first_presidency_counselor,legacy_csv,legacy_csv_runtime,5,122.21917808219179,general-conference/2020/10/36oaks
2020,10,womens,6,Russell M. Nelson,Russell M. Nelson,President of The Church of Jesus Christ of Latter-day Saints,Embrace the Future with Faith,The future will be glorious for those who are prepared and who continue to prepare to be instruments in the Lord’s hands.,https://www.churchofjesuschrist.org/study/general-conference/2020/10/37nelson,1663.0,16:24,984.0,ok,,2020-10,4041,October,President of the Church,church_president,legacy_csv,legacy_csv_runtime,6,101.40243902439025,general-conference/2020/10/37nelson
2021,4,priesthood,1,Quentin L. Cook,Quentin L. Cook,Of the Quorum of the Twelve Apostles,Bishops—Shepherds over the Lord’s Flock,The bishop has a paramount role in serving as a shepherd to guide the rising generation to Jesus Christ.,https://www.churchofjesuschrist.org/study/general-conference/2021/04/31cook,2007.0,14:46,886.118,ok,,2021-04,4042,April,Of the Quorum of the Twelve Apostles,twelve,scraped,video_data_duration,1,135.89612218688708,general-conference/2021/04/31cook
2021,4,priesthood,2,Ahmad S. Corbitt,Ahmad S. Corbitt,First Counselor in the Young Men General Presidency,You Can Gather Israel!,I am absolutely sure you youth can do this because of something about your identity and an enormous power within you.,https://www.churchofjesuschrist.org/study/general-conference/2021/04/32corbitt,1438.0,10:53,653.0,ok,,2021-04,4042,April,First Counselor in the Young Men General Presidency,auxiliary_counselor,scraped,video_data_duration,2,132.12863705972435,general-conference/2021/04/32corbitt
2021,4,priesthood,3,S. Gifford Nielsen,S. Gifford Nielsen,Of the Seventy,This Is Our Time!,"God has sent us right here, right now, at this momentous time in history.",https://www.churchofjesuschrist.org/study/general-conference/2021/04/33nielsen,1837.0,11:14,674.0,ok,,2021-04,4042,April,Of the Seventy,seventy,scraped,video_data_duration,3,163.5311572700297,general-conference/2021/04/33nielsen
2021,4,priesthood,4,Henry B. Eyring,Henry B. Eyring,Second Counselor in the First Presidency,Bless in His Name,"The purpose for our receiving the priesthood is to allow us to bless people for the Lord, doing so in His name.",https://www.churchofjesuschrist.org/study/general-conference/2021/04/34eyring,1635.0,13:04,784.483,ok,,2021-04,4042,April,Second Counselor in the First Presidency,first_presidency_counselor,scraped,video_data_duration,4,125.05051097346916,general-conference/2021/04/34eyring
2021,4,priesthood,5,Dallin H. Oaks,Dallin H. Oaks,First Counselor in the First Presidency,What Has Our Savior Done for Us?,Jesus Christ has done everything that is essential for our journey through mortality toward the destiny outlined in the plan of our Heavenly Father.,https://www.churchofjesuschrist.org/study/general-conference/2021/04/35oaks,1637.0,12:44,764.0,ok,,2021-04,4042,April,First Counselor in the First Presidency,first_presidency_counselor,scraped,video_data_duration,5,128.56020942408378,general-conference/2021/04/35oaks
2021,4,priesthood,6,Russell M. Nelson,Russell M. Nelson,President of The Church of Jesus Christ of Latter-day Saints,What We Are Learning and Will Never Forget,"If you look at your life prayerfully, I believe you will see many ways in which the Lord has been guiding you through this time of hardship.",https://www.churchofjesuschrist.org/study/general-conference/2021/04/36nelson,1593.0,14:24,864.496,ok,,2021-04,4042,April,President of the Church,church_president,scraped,video_data_duration,6,110.56152949232849,general-conference/2021/04/36nelson
2021,4,saturday-afternoon,3,Jeffrey R. Holland,Jeffrey R. Holland,Of the Quorum of the Twelve Apostles,Not as the World Giveth,The instruments we need to create a brighter day and grow an economy of genuine goodness are abundantly provided for in the gospel of Jesus Christ.,https://www.churchofjesuschrist.org/study/general-conference/2021/04/23holland,1616.0,15:50,950.0,ok,,2021-04,4042,April,Of the Quorum of the Twelve Apostles,twelve,scraped,video_data_duration,1,102.06315789473683,general-conference/2021/04/23holland
2021,4,saturday-afternoon,4,Jorge T. Becerra,Jorge T. Becerra,Of the Seventy,Poor Little Ones,In each ward and branch we need everyone—those who may be strong and those who are perhaps struggling. All are necessary.,https://www.churchofjesuschrist.org/study/general-conference/2021/04/24becerra,1835.0,9:33,573.272,ok,,2021-04,4042,April,Of the Seventy,seventy,scraped,video_data_duration,2,192.05542918544774,general-conference/2021/04/24becerra
2021,4,saturday-afternoon,5,Dale G. Renlund,Dale G. Renlund,Of the Quorum of the Twelve Apostles,Infuriating Unfairness,Jesus Christ both understands unfairness and has the power to provide a remedy.,https://www.churchofjesuschrist.org/study/general-conference/2021/04/25renlund,1793.0,14:51,891.09,ok,,2021-04,4042,April,Of the Quorum of the Twelve Apostles,twelve,scraped,video_data_duration,3,120.72854593812073,general-conference/2021/04/25renlund
2021,4,saturday-afternoon,6,Neil L. Andersen,Neil L. Andersen,Of the Quorum of the Twelve Apostles,The Personal Journey of a Child of God,"As covenant children of God, we love, honor, nurture, safeguard, and welcome those spirits who are coming from the premortal world.",https://www.churchofjesuschrist.org/study/general-conference/2021/04/26andersen,1884.0,14:50,890.0,ok,,2021-04,4042,April,Of the Quorum of the Twelve Apostles,twelve,scraped,video_data_duration,4,127.01123595505618,general-conference/2021/04/26andersen
2021,4,saturday-afternoon,7,Thierry K. Mutombo,Thierry K. Mutombo,Of the Seventy,Ye Shall Be Free,Jesus Christ is the light that we should hold up even during the dark times of our mortal life.,https://www.churchofjesuschrist.org/study/general-conference/2021/04/27mutombo,1495.0,9:53,593.0,ok,,2021-04,4042,April,Of the Seventy,seventy,scraped,video_data_duration,5,151.26475548060708,general-conference/2021/04/27mutombo
2021,4,saturday-afternoon,8,M. Russell Ballard,M. Russell Ballard,Acting President of the Quorum of the Twelve Apostles,Hope in Christ,"We long to help all who feel alone or feel they don’t belong. Let me mention, in particular, those who are currently single.",https://www.churchofjesuschrist.org/study/general-conference/2021/04/28ballard,1675.0,15:45,945.277,ok,,2021-04,4042,April,Acting President of the Quorum of the Twelve Apostles,twelve_president,scraped,video_data_duration,6,106.31804222466008,general-conference/2021/04/28ballard
2021,4,saturday-morning,1,Russell M. Nelson,Russell M. Nelson,President of The Church of Jesus Christ of Latter-day Saints,Welcome Message,Welcome to general conference and to the privilege of hearing the voice of the Lord.,https://www.churchofjesuschrist.org/study/general-conference/2021/04/11nelson,500.0,4:27,267.7,ok,,2021-04,4042,April,President of the Church,church_president,scraped,video_data_duration,1,112.06574523720582,general-conference/2021/04/11nelson
2021,4,saturday-morning,2,Dieter F. Uchtdorf,Dieter F. Uchtdorf,Of the Quorum of the Twelve Apostles,God among Us,God is among us—and is personally involved in our lives and actively guiding His children.,https://www.churchofjesuschrist.org/study/general-conference/2021/04/12uchtdorf,1844.0,15:44,944.476,ok,,2021-04,4042,April,Of the Quorum of the Twelve Apostles,twelve,scraped,video_data_duration,2,117.14432129561789,general-conference/2021/04/12uchtdorf
2021,4,saturday-morning,3,Joy D. Jones,Joy D. Jones,Recently Released Primary General President,Essential Conversations,We cannot wait for conversion to simply happen to our children. Accidental conversion is not a principle of the gospel of Jesus Christ.,https://www.churchofjesuschrist.org/study/general-conference/2021/04/13jones,1633.0,11:24,684.0,ok,,2021-04,4042,April,Primary General President,auxiliary_president,scraped,video_data_duration,3,143.24561403508773,general-conference/2021/04/13jones
2021,4,saturday-morning,4,Jan E. Newman,Jan E. Newman,Second Counselor in the Sunday School General Presidency,Teaching in the Savior’s Way,The responsibility rests squarely upon each of us to follow the example of the Master and teach like Him.,https://www.churchofjesuschrist.org/study/general-conference/2021/04/14newman,1524.0,10:44,644.777,ok,,2021-04,4042,April,Second Counselor in the Sunday School General Presidency,auxiliary_counselor,scraped,video_data_duration,4,141.81647298213178,general-conference/2021/04/14newman
2021,4,saturday-morning,5,Gary E. Stevenson,Gary E. Stevenson,Of the Quorum of the Twelve Apostles,Hearts Knit Together,"As you extend yourself with kindness, care, and compassion, I promise that you will lift up arms that hang down and will heal hearts.",https://www.churchofjesuschrist.org/study/general-conference/2021/04/15stevenson,2087.0,15:10,910.075,ok,,2021-04,4042,April,Of the Quorum of the Twelve Apostles,twelve,scraped,video_data_duration,5,137.5930555174024,general-conference/2021/04/15stevenson
2021,4,saturday-morning,6,Gerrit W. Gong,Gerrit W. Gong,Of the Quorum of the Twelve Apostles,Room in the Inn,"In this Easter season, Jesus Christ invites us to become, like Him, a good Samaritan, to make His Inn (His Church) a refuge for all.",https://www.churchofjesuschrist.org/study/general-conference/2021/04/16gong,1843.0,14:45,885.184,ok,,2021-04,4042,April,Of the Quorum of the Twelve Apostles,twelve,scraped,video_data_duration,6,124.92317981346253,general-conference/2021/04/16gong
2021,4,saturday-morning,7,Henry B. Eyring,Henry B. Eyring,Second Counselor in the First Presidency,I Love to See the Temple,It is in the temple that we can receive the assurance of loving family connections that will continue after death and last for eternity.,https://www.churchofjesuschrist.org/study/general-conference/2021/04/17eyring,1879.0,16:22,982.0,ok,,2021-04,4042,April,Second Counselor in the First Presidency,first_presidency_counselor,scraped,video_data_duration,7,114.80651731160896,general-conference/2021/04/17eyring
2021,4,sunday-afternoon,1,Dallin H. Oaks,Dallin H. Oaks,First Counselor in the First Presidency,Defending Our Divinely Inspired Constitution,Our belief in divine inspiration gives Latter-day Saints a unique responsibility to uphold and defend the United States Constitution and principles of constitutionalism.,https://www.churchofjesuschrist.org/study/general-conference/2021/04/51oaks,1766.0,15:50,950.482,ok,,2021-04,4042,April,First Counselor in the First Presidency,first_presidency_counselor,scraped,video_data_duration,1,111.48028053135147,general-conference/2021/04/51oaks
2021,4,sunday-afternoon,2,Ronald A. Rasband,Ronald A. Rasband,Of the Quorum of the Twelve Apostles,“Behold! I Am a God of Miracles”,"Miracles, signs, and wonders abound among followers of Jesus Christ today, in your lives and in mine.",https://www.churchofjesuschrist.org/study/general-conference/2021/04/52rasband,1870.0,14:37,877.843,ok,,2021-04,4042,April,Of the Quorum of the Twelve Apostles,twelve,scraped,video_data_duration,2,127.81328779747632,general-conference/2021/04/52rasband
2021,4,sunday-afternoon,3,Timothy J. Dyches,Timothy J. Dyches,Of the Seventy,Light Cleaveth unto Light,"As we intensify our faith in Christ, we receive light in intensifying measure until it dispels all darkness.",https://www.churchofjesuschrist.org/study/general-conference/2021/04/53dyches,1829.0,11:11,671.0,ok,,2021-04,4042,April,Of the Seventy,seventy,scraped,video_data_duration,3,163.54694485842026,general-conference/2021/04/53dyches
2021,4,sunday-afternoon,4,D. Todd Christofferson,D. Todd Christofferson,Of the Quorum of the Twelve Apostles,Why the Covenant Path,The difference of the covenant path is uniquely and eternally significant.,https://www.churchofjesuschrist.org/study/general-conference/2021/04/54christofferson,2188.0,15:03,903.0,ok,,2021-04,4042,April,Of the Quorum of the Twelve Apostles,twelve,scraped,video_data_duration,4,145.38205980066445,general-conference/2021/04/54christofferson
2021,4,sunday-afternoon,5,Alan R. Walker,Alan R. Walker,Of the Seventy,The Gospel Light of Truth and Love,I testify that the gospel light of truth and love shines brightly throughout the earth today.,https://www.churchofjesuschrist.org/study/general-conference/2021/04/55walker,1361.0,10:11,611.877,ok,,2021-04,4042,April,Of the Seventy,seventy,scraped,video_data_duration,5,133.45819502939318,general-conference/2021/04/55walker
2021,4,sunday-afternoon,6,David A. Bednar,David A. Bednar,Of the Quorum of the Twelve Apostles,“The Principles of My Gospel”,A gospel principle is a doctrinally based guideline for the righteous exercise of moral agency.,https://www.churchofjesuschrist.org/study/general-conference/2021/04/56bednar,1900.0,15:00,900.0,ok,,2021-04,4042,April,Of the Quorum of the Twelve Apostles,twelve,scraped,video_data_duration,6,126.66666666666667,general-conference/2021/04/56bednar
2021,4,sunday-afternoon,7,Russell M. Nelson,Russell M. Nelson,President of The Church of Jesus Christ of Latter-day Saints,COVID-19 and Temples,Keep your temple covenants and blessings foremost in your minds and hearts. Stay true to the covenants you have made.,https://www.churchofjesuschrist.org/study/general-conference/2021/04/57nelson,574.0,6:40,400.0,ok,,2021-04,4042,April,President of the Church,church_president,scraped,video_data_duration,7,86.1,general-conference/2021/04/57nelson
2021,4,sunday-morning,1,Ulisses Soares,Ulisses Soares,Of the Quorum of the Twelve Apostles,Jesus Christ: The Caregiver of Our Soul,"As we genuinely repent of our sins, we allow the atoning sacrifice of Christ to become wholly effective in our life.",https://www.churchofjesuschrist.org/study/general-conference/2021/04/41soares,1377.0,11:09,669.0,ok,,2021-04,4042,April,Of the Quorum of the Twelve Apostles,twelve,scraped,video_data_duration,1,123.49775784753363,general-conference/2021/04/41soares
2021,4,sunday-morning,2,Reyna I. Aburto,Reyna I. Aburto,Second Counselor in the Relief Society General Presidency,The Grave Has No Victory,"Through the redeeming Atonement and glorious Resurrection of Jesus Christ, broken hearts can be healed, anguish can become peace, and distress can become hope.",https://www.churchofjesuschrist.org/study/general-conference/2021/04/42aburto,1192.0,9:18,558.658,ok,,2021-04,4042,April,Second Counselor in the Relief Society General Presidency,auxiliary_counselor,scraped,video_data_duration,2,128.0210790859524,general-conference/2021/04/42aburto
2021,4,sunday-morning,3,S. Mark Palmer,S. Mark Palmer,Of the Seventy,Our Sorrow Shall Be Turned into Joy,"I invite all who feel sorrow, all who wonder what happens after we die, to place your faith in Christ.",https://www.churchofjesuschrist.org/study/general-conference/2021/04/43palmer,1148.0,8:51,531.097,ok,,2021-04,4042,April,Of the Seventy,seventy,scraped,video_data_duration,3,129.6938224090891,general-conference/2021/04/43palmer
2021,4,sunday-morning,4,Edward Dube,Edward Dube,Of the Seventy,Pressing toward the Mark,It is not so much about what we are going through in life but what we are becoming.,https://www.churchofjesuschrist.org/study/general-conference/2021/04/44dube,1188.0,8:19,499.365,ok,,2021-04,4042,April,Of the Seventy,seventy,scraped,video_data_duration,4,142.7412814274128,general-conference/2021/04/44dube
2021,4,sunday-morning,5,José A. Teixeira,José A. Teixeira,Of the Presidency of the Seventy,Remember Your Way Back Home,"We have Jesus Christ’s perfect example to follow, and the journey toward our eternal home is possible only because of His teachings, His life, and His atoning sacrifice.",https://www.churchofjesuschrist.org/study/general-conference/2021/04/45teixeira,1135.0,8:26,506.0,ok,,2021-04,4042,April,Of the Presidency of the Seventy,seventy_presidency,scraped,video_data_duration,5,134.58498023715416,general-conference/2021/04/45teixeira
2021,4,sunday-morning,6,Taniela B. Wakolo,Taniela B. Wakolo,Of the Seventy,God Loves His Children,"I would like to share three specific ways our Heavenly Father manifests His love for us, His children.",https://www.churchofjesuschrist.org/study/general-conference/2021/04/46wakolo,1532.0,8:40,520.219,ok,,2021-04,4042,April,Of the Seventy,seventy,scraped,video_data_duration,6,176.6948150682693,general-conference/2021/04/46wakolo
2021,4,sunday-morning,7,Chi Hong (Sam) Wong,Chi Hong (Sam) Wong,Of the Seventy,They Cannot Prevail; We Cannot Fall,"If we build our foundation on Jesus Christ, we cannot fall!",https://www.churchofjesuschrist.org/study/general-conference/2021/04/47wong,908.0,9:04,544.0,ok,,2021-04,4042,April,Of the Seventy,seventy,scraped,video_data_duration,7,100.14705882352942,general-conference/2021/04/47wong
2021,4,sunday-morning,8,Michael John U. Teh,Michael John U. Teh,Of the Seventy,Our Personal Savior,"Because of His atoning sacrifice, the Savior has power to cleanse, heal, and strengthen us one by one.",https://www.churchofjesuschrist.org/study/general-conference/2021/04/48teh,1378.0,8:30,510.309,ok,,2021-04,4042,April,Of the Seventy,seventy,scraped,video_data_duration,8,162.01948231365702,general-conference/2021/04/48teh
2021,4,sunday-morning,9,Russell M. Nelson,Russell M. Nelson,President of The Church of Jesus Christ of Latter-day Saints,Christ Is Risen; Faith in Him Will Move Mountains,Faith in Jesus Christ is the greatest power available to us in this life. All things are possible to them that believe.,https://www.churchofjesuschrist.org/study/general-conference/2021/04/49nelson,1626.0,16:22,982.881,ok,,2021-04,4042,April,President of the Church,church_president,scraped,video_data_duration,9,99.25921856257267,general-conference/2021/04/49nelson
2021,10,saturday-afternoon,2,David A. Bednar,David A. Bednar,Of the Quorum of the Twelve Apostles,With the Power of God in Great Glory,Honoring covenants arms us with righteousness and with the power of God in great glory.,https://www.churchofjesuschrist.org/study/general-conference/2021/10/22bednar,1602.0,13:16,796.0,ok,,2021-10,4043,October,Of the Quorum of the Twelve Apostles,twelve,scraped,video_data_duration,1,120.7537688442211,general-conference/2021/10/22bednar
2021,10,saturday-afternoon,3,Ciro Schmeil,Ciro Schmeil,Of the Seventy,Faith to Act and Become,"Through prayer, scripture study, and action, we can unlock the blessings of heaven and become better followers of the Savior Jesus Christ.",https://www.churchofjesuschrist.org/study/general-conference/2021/10/23schmeil,1290.0,8:40,520.353,ok,,2021-10,4043,October,Of the Seventy,seventy,scraped,video_data_duration,2,148.7451787536538,general-conference/2021/10/23schmeil
2021,10,saturday-afternoon,4,Susan H. Porter,Susan H. Porter,First Counselor in the Primary General Presidency,God’s Love: The Most Joyous to the Soul,God’s love is not found in the circumstances of our lives but in His presence in our lives.,https://www.churchofjesuschrist.org/study/general-conference/2021/10/24porter,1253.0,10:24,624.924,ok,,2021-10,4043,October,First Counselor in the Primary General Presidency,auxiliary_counselor,scraped,video_data_duration,3,120.30262879966205,general-conference/2021/10/24porter
2021,10,saturday-afternoon,5,Erich W. Kopischke,Erich W. Kopischke,Of the Seventy,Addressing Mental Health,Allow me to share several observations I made as our family has passed through trials.,https://www.churchofjesuschrist.org/study/general-conference/2021/10/25kopischke,1405.0,9:27,567.967,ok,,2021-10,4043,October,Of the Seventy,seventy,scraped,video_data_duration,4,148.42411618984906,general-conference/2021/10/25kopischke
2021,10,saturday-afternoon,6,Ronald A. Rasband,Ronald A. Rasband,Of the Quorum of the Twelve Apostles,The Things of My Soul,What things do you ponder? What things really matter to you? What are the things of your soul?,https://www.churchofjesuschrist.org/study/general-conference/2021/10/26rasband,1692.0,13:04,784.416,ok,,2021-10,4043,October,Of the Quorum of the Twelve Apostles,twelve,scraped,video_data_duration,5,129.42112348549747,general-conference/2021/10/26rasband
2021,10,saturday-afternoon,7,Christoffel Golden,Christoffel Golden,Of the Seventy,Preparing for the Second Coming of Christ,"More than ever before, we are required to confront the reality that we are getting ever closer to the Second Coming of Jesus Christ.",https://www.churchofjesuschrist.org/study/general-conference/2021/10/27golden,1100.0,8:52,532.198,ok,,2021-10,4043,October,Of the Seventy,seventy,scraped,video_data_duration,6,124.01399479141222,general-conference/2021/10/27golden
2021,10,saturday-afternoon,8,Moisés Villanueva,Moisés Villanueva,Of the Seventy,Favored of the Lord in All My Days,How do we react to our afflictions? Do we feel thankful because we are more focused on our blessings than on our problems?,https://www.churchofjesuschrist.org/study/general-conference/2021/10/28villanueva,1254.0,8:59,539.605,ok,,2021-10,4043,October,Of the Seventy,seventy,scraped,video_data_duration,7,139.43532769340536,general-conference/2021/10/28villanueva
2021,10,saturday-afternoon,9,Gary E. Stevenson,Gary E. Stevenson,Of the Quorum of the Twelve Apostles,Simply Beautiful—Beautifully Simple,May we keep the gospel simple as we take upon us our divinely appointed responsibilities.,https://www.churchofjesuschrist.org/study/general-conference/2021/10/29stevenson,1814.0,13:07,787.219,ok,,2021-10,4043,October,Of the Quorum of the Twelve Apostles,twelve,scraped,video_data_duration,8,138.25885808142334,general-conference/2021/10/29stevenson
2021,10,saturday-evening,1,M. Russell Ballard,M. Russell Ballard,Acting President of the Quorum of the Twelve Apostles,“Lovest Thou Me More Than These?”,What things can you do within your own life to show that you love the Lord first?,https://www.churchofjesuschrist.org/study/general-conference/2021/10/31ballard,1346.0,13:06,786.152,ok,,2021-10,4043,October,Acting President of the Quorum of the Twelve Apostles,twelve_president,scraped,video_data_duration,1,102.72822558487417,general-conference/2021/10/31ballard
2021,10,saturday-evening,2,Sharon Eubank,Sharon Eubank,First Counselor in the Relief Society General Presidency,I Pray He’ll Use Us,"Small efforts collectively make a big impact, magnifying the many individual things we do as disciples of Jesus Christ.",https://www.churchofjesuschrist.org/study/general-conference/2021/10/32eubank,1759.0,10:36,636.0,ok,,2021-10,4043,October,First Counselor in the Relief Society General Presidency,auxiliary_counselor,scraped,video_data_duration,2,165.9433962264151,general-conference/2021/10/32eubank
2021,10,saturday-evening,3,Brent H. Nielson,Brent H. Nielson,Of the Presidency of the Seventy,Is There No Balm in Gilead?,"The Savior’s healing power is not just His ability to heal our bodies but, perhaps even more important, His ability to heal our hearts.",https://www.churchofjesuschrist.org/study/general-conference/2021/10/33nielson,1592.0,10:24,624.0,ok,,2021-10,4043,October,Of the Presidency of the Seventy,seventy_presidency,scraped,video_data_duration,3,153.07692307692307,general-conference/2021/10/33nielson
2021,10,saturday-evening,4,Arnulfo Valenzuela,Arnulfo Valenzuela,Of the Seventy,Deepening Our Conversion to Jesus Christ,The scriptures and our knowledge of God are gifts—gifts that we too often take for granted. Let us cherish these blessings.,https://www.churchofjesuschrist.org/study/general-conference/2021/10/34valenzuela,1314.0,10:05,605.204,ok,,2021-10,4043,October,Of the Seventy,seventy,scraped,video_data_duration,4,130.27012379296897,general-conference/2021/10/34valenzuela
2021,10,saturday-evening,5,Bradley R. Wilcox,Bradley R. Wilcox,Second Counselor in the Young Men General Presidency,Worthiness Is Not Flawlessness,"When you feel like you have failed too many times to keep trying, remember Christ’s Atonement and the grace it makes possible are real.",https://www.churchofjesuschrist.org/study/general-conference/2021/10/35wilcox,1339.0,10:52,652.0,ok,,2021-10,4043,October,Second Counselor in the Young Men General Presidency,auxiliary_counselor,scraped,video_data_duration,5,123.22085889570552,general-conference/2021/10/35wilcox
2021,10,saturday-evening,6,Alfred Kyungu,Alfred Kyungu,Of the Seventy,To Be a Follower of Christ,"To be a follower of Christ is to strive to conform our actions, conduct, and lives to those of the Savior.",https://www.churchofjesuschrist.org/study/general-conference/2021/10/36kyungu,1394.0,9:49,589.0,ok,,2021-10,4043,October,Of the Seventy,seventy,scraped,video_data_duration,6,142.00339558573853,general-conference/2021/10/36kyungu
2021,10,saturday-evening,7,Marcus B. Nash,Marcus B. Nash,Of the Seventy,Hold Up Your Light,My invitation today is simple: share the gospel. Be you and hold up the light.,https://www.churchofjesuschrist.org/study/general-conference/2021/10/37nash,1305.0,10:28,628.728,ok,,2021-10,4043,October,Of the Seventy,seventy,scraped,video_data_duration,7,124.5371607435966,general-conference/2021/10/37nash
2021,10,saturday-evening,8,Henry B. Eyring,Henry B. Eyring,Second Counselor in the First Presidency,The Faith to Ask and Then to Act,Faith in Jesus Christ is the key to receiving revelations of truth.,https://www.churchofjesuschrist.org/study/general-conference/2021/10/38eyring,1672.0,15:37,937.67,ok,,2021-10,4043,October,Second Counselor in the First Presidency,first_presidency_counselor,scraped,video_data_duration,8,106.98859940064202,general-conference/2021/10/38eyring
2021,10,saturday-morning,1,Russell M. Nelson,Russell M. Nelson,President of The Church of Jesus Christ of Latter-day Saints,"Pure Truth, Pure Doctrine, and Pure Revelation",Please make this conference a time of feasting on messages from the Lord through His servants.,https://www.churchofjesuschrist.org/study/general-conference/2021/10/11nelson,568.0,5:27,327.76,ok,,2021-10,4043,October,President of the Church,church_president,scraped,video_data_duration,1,103.97852086892848,general-conference/2021/10/11nelson
2021,10,saturday-morning,2,Jeffrey R. Holland,Jeffrey R. Holland,Of the Quorum of the Twelve Apostles,The Greatest Possession,Each of us is to come to Christ with uncompromised commitment to His gospel.,https://www.churchofjesuschrist.org/study/general-conference/2021/10/12holland,1345.0,12:44,764.597,ok,,2021-10,4043,October,Of the Quorum of the Twelve Apostles,twelve,scraped,video_data_duration,2,105.54579732852733,general-conference/2021/10/12holland
2021,10,saturday-morning,3,Bonnie H. Cordon,Bonnie H. Cordon,Young Women General President,Come unto Christ and Don’t Come Alone,The best way for you to improve the world is to prepare the world for Christ by inviting all to follow Him.,https://www.churchofjesuschrist.org/study/general-conference/2021/10/13cordon,1400.0,10:19,619.418,ok,,2021-10,4043,October,Young Women General President,auxiliary_president,scraped,video_data_duration,3,135.61117048584316,general-conference/2021/10/13cordon
2021,10,saturday-morning,4,Ulisses Soares,Ulisses Soares,Of the Quorum of the Twelve Apostles,The Savior’s Abiding Compassion,The expression of compassion for others is the essence of the gospel of Jesus Christ.,https://www.churchofjesuschrist.org/study/general-conference/2021/10/14soares,1516.0,13:12,792.0,ok,,2021-10,4043,October,Of the Quorum of the Twelve Apostles,twelve,scraped,video_data_duration,4,114.84848484848486,general-conference/2021/10/14soares
2021,10,saturday-morning,5,D. Todd Christofferson,D. Todd Christofferson,Of the Quorum of the Twelve Apostles,The Love of God,"Our Father and our Redeemer have blessed us with commandments, and in obeying Their commandments, we feel Their perfect love more fully and more profoundly.",https://www.churchofjesuschrist.org/study/general-conference/2021/10/15christofferson,1763.0,13:11,791.991,ok,,2021-10,4043,October,Of the Quorum of the Twelve Apostles,twelve,scraped,video_data_duration,5,133.56212381201303,general-conference/2021/10/15christofferson
2021,10,saturday-morning,6,Clark G. Gilbert,Clark G. Gilbert,Of the Seventy,Becoming More in Christ: The Parable of the Slope,"In the Lord’s timing, it is not where we start but where we are headed that matters most.",https://www.churchofjesuschrist.org/study/general-conference/2021/10/16gilbert,1180.0,10:01,601.334,ok,,2021-10,4043,October,Of the Seventy,seventy,scraped,video_data_duration,6,117.73822867158685,general-conference/2021/10/16gilbert
2021,10,saturday-morning,7,Patricio M. Giuffra,Patricio M. Giuffra,Of the Seventy,A Faithful Search Rewarded,"I invite us all to continually increase our faith in Christ, who continues to change the lives of all who seek Him.",https://www.churchofjesuschrist.org/study/general-conference/2021/10/17giuffra,1097.0,9:04,544.0,ok,,2021-10,4043,October,Of the Seventy,seventy,scraped,video_data_duration,7,120.99264705882354,general-conference/2021/10/17giuffra
2021,10,saturday-morning,8,Dallin H. Oaks,Dallin H. Oaks,First Counselor in the First Presidency,The Need for a Church,"The scriptures clearly teach the origin and need for a church directed by and with the authority of our Lord, Jesus Christ.",https://www.churchofjesuschrist.org/study/general-conference/2021/10/18oaks,1650.0,15:54,954.119,ok,,2021-10,4043,October,First Counselor in the First Presidency,first_presidency_counselor,scraped,video_data_duration,8,103.76064201635225,general-conference/2021/10/18oaks
2021,10,sunday-afternoon,1,Gerrit W. Gong,Gerrit W. Gong,Of the Quorum of the Twelve Apostles,Trust Again,Trust in God and each other brings heaven’s blessings.,https://www.churchofjesuschrist.org/study/general-conference/2021/10/51gong,1671.0,13:07,787.186,ok,,2021-10,4043,October,Of the Quorum of the Twelve Apostles,twelve,scraped,video_data_duration,1,127.36507000886702,general-conference/2021/10/51gong
2021,10,sunday-afternoon,2,L. Todd Budge,L. Todd Budge,Second Counselor in the Presiding Bishopric,Giving Holiness to the Lord,Sacrifice is less about “giving up” and more about “giving to” the Lord.,https://www.churchofjesuschrist.org/study/general-conference/2021/10/52budge,1547.0,10:16,616.0,ok,,2021-10,4043,October,Second Counselor in the Presiding Bishopric,presiding_bishopric,scraped,video_data_duration,2,150.68181818181816,general-conference/2021/10/52budge
2021,10,sunday-afternoon,3,Anthony D. Perkins,Anthony D. Perkins,Of the Seventy,"Remember Thy Suffering Saints, O Our God",Keeping covenants unlocks the power of Jesus Christ’s atoning sacrifice to provide strength and even joy to you who suffer.,https://www.churchofjesuschrist.org/study/general-conference/2021/10/53perkins,1358.0,10:17,617.0,ok,,2021-10,4043,October,Of the Seventy,seventy,scraped,video_data_duration,3,132.0583468395462,general-conference/2021/10/53perkins
2021,10,sunday-afternoon,4,Michael A. Dunn,Michael A. Dunn,Of the Seventy,One Percent Better,Every effort to change we make—no matter how tiny it seems to us—just might make the biggest difference in our lives.,https://www.churchofjesuschrist.org/study/general-conference/2021/10/54dunn,1434.0,10:01,601.0,ok,,2021-10,4043,October,Of the Seventy,seventy,scraped,video_data_duration,4,143.16139767054906,general-conference/2021/10/54dunn
2021,10,sunday-afternoon,5,Sean Douglas,Sean Douglas,Of the Seventy,Facing Our Spiritual Hurricanes by Believing in Christ,We face our spiritual hurricanes best by believing in Christ and keeping His commandments.,https://www.churchofjesuschrist.org/study/general-conference/2021/10/55douglas,1271.0,9:49,589.0,ok,,2021-10,4043,October,Of the Seventy,seventy,scraped,video_data_duration,5,129.47368421052633,general-conference/2021/10/55douglas
2021,10,sunday-afternoon,6,Carlos G. Revillo Jr.,Carlos G. Revillo Jr.,Of the Seventy,Miracles of the Gospel of Jesus Christ,"I know that His gospel can bring us hope, peace, and joy, not only now, but it will also bless countless others in future generations.",https://www.churchofjesuschrist.org/study/general-conference/2021/10/56revillo,1203.0,9:13,553.519,ok,,2021-10,4043,October,Of the Seventy,seventy,scraped,video_data_duration,6,130.4020277533382,general-conference/2021/10/56revillo
2021,10,sunday-afternoon,7,Alvin F. Meredith III,Alvin F. Meredith III,Of the Seventy,Look down the Road,"Focusing on the things that are most important—especially those things “down the road,” those eternal things—is a key to maneuvering through this life.",https://www.churchofjesuschrist.org/study/general-conference/2021/10/57meredith,1392.0,9:20,560.226,ok,,2021-10,4043,October,Of the Seventy,seventy,scraped,video_data_duration,7,149.08269162802156,general-conference/2021/10/57meredith
2021,10,sunday-afternoon,8,Neil L. Andersen,Neil L. Andersen,Of the Quorum of the Twelve Apostles,The Name of the Church Is Not Negotiable,"When we willingly follow the counsel of the Lord as revealed through His living prophet, especially if it runs counter to our initial thinking, requiring humility and sacrifice, the Lord blesses us with additional spiritual power.",https://www.churchofjesuschrist.org/study/general-conference/2021/10/58andersen,1639.0,13:36,816.0,ok,,2021-10,4043,October,Of the Quorum of the Twelve Apostles,twelve,scraped,video_data_duration,8,120.51470588235294,general-conference/2021/10/58andersen
2021,10,sunday-afternoon,9,Russell M. Nelson,Russell M. Nelson,President of The Church of Jesus Christ of Latter-day Saints,Make Time for the Lord,I plead with you today to counter the lure of the world by making time for the Lord in your life—each and every day.,https://www.churchofjesuschrist.org/study/general-conference/2021/10/59nelson,551.0,5:49,349.148,ok,,2021-10,4043,October,President of the Church,church_president,scraped,video_data_duration,9,94.68763962560288,general-conference/2021/10/59nelson
2021,10,sunday-morning,1,Dieter F. Uchtdorf,Dieter F. Uchtdorf,Of the Quorum of the Twelve Apostles,Daily Restoration,"We need an ongoing, daily infusion of heavenly light. We need “times of refreshing.” Times of personal restoration.",https://www.churchofjesuschrist.org/study/general-conference/2021/10/41uchtdorf,1560.0,13:43,823.789,ok,,2021-10,4043,October,Of the Quorum of the Twelve Apostles,twelve,scraped,video_data_duration,1,113.62132779146117,general-conference/2021/10/41uchtdorf
2021,10,sunday-morning,2,Camille N. Johnson,Camille N. Johnson,Primary General President,Invite Christ to Author Your Story,"Let your narrative be one of faith, following your Exemplar, the Savior Jesus Christ.",https://www.churchofjesuschrist.org/study/general-conference/2021/10/42johnson,1600.0,10:08,608.074,ok,,2021-10,4043,October,Primary General President,auxiliary_president,scraped,video_data_duration,2,157.87552172926323,general-conference/2021/10/42johnson
2021,10,sunday-morning,3,Dale G. Renlund,Dale G. Renlund,Of the Quorum of the Twelve Apostles,The Peace of Christ Abolishes Enmity,"When love of Christ envelops our lives, we approach disagreements with meekness, patience, and kindness.",https://www.churchofjesuschrist.org/study/general-conference/2021/10/43renlund,1559.0,12:51,771.704,ok,,2021-10,4043,October,Of the Quorum of the Twelve Apostles,twelve,scraped,video_data_duration,3,121.21227828286494,general-conference/2021/10/43renlund
2021,10,sunday-morning,4,Vaiangina Sikahema,Vaiangina Sikahema,Of the Seventy,A House of Sequential Order,"“Sequential order” is a simple, natural, and effective way for the Lord to teach us, as His children, important principles.",https://www.churchofjesuschrist.org/study/general-conference/2021/10/44sikahema,1475.0,9:49,589.589,ok,,2021-10,4043,October,Of the Seventy,seventy,scraped,video_data_duration,4,150.10456436602445,general-conference/2021/10/44sikahema
2021,10,sunday-morning,5,Quentin L. Cook,Quentin L. Cook,Of the Quorum of the Twelve Apostles,Personal Peace in Challenging Times,It has never been more important to seek personal peace.,https://www.churchofjesuschrist.org/study/general-conference/2021/10/46cook,1723.0,13:48,828.0,ok,,2021-10,4043,October,Of the Quorum of the Twelve Apostles,twelve,scraped,video_data_duration,5,124.85507246376811,general-conference/2021/10/46cook
2021,10,sunday-morning,6,Russell M. Nelson,Russell M. Nelson,President of The Church of Jesus Christ of Latter-day Saints,The Temple and Your Spiritual Foundation,"Whenever any kind of upheaval occurs in your life, the safest place to be spiritually is living inside your temple covenants!",https://www.churchofjesuschrist.org/study/general-conference/2021/10/47nelson,1844.0,18:59,1139.0,ok,,2021-10,4043,October,President of the Church,church_president,scraped,video_data_duration,6,97.13784021071115,general-conference/2021/10/47nelson
2022,4,saturday-afternoon,3,Jeffrey R. Holland,Jeffrey R. Holland,Of the Quorum of the Twelve Apostles,Fear Not: Believe Only!,Begin your search for happiness by embracing the bounty we have already received from the giver of every good gift.,https://www.churchofjesuschrist.org/study/general-conference/2022/04/23holland,1442.0,13:31,811.477,ok,,2022-04,4044,April,Of the Quorum of the Twelve Apostles,twelve,scraped,video_data_duration,1,106.62039712770664,general-conference/2022/04/23holland
2022,4,saturday-afternoon,4,Patrick Kearon,Patrick Kearon,Of the Presidency of the Seventy,He Is Risen with Healing in His Wings: We Can Be More Than Conquerors,"Jesus has overcome the abuses of this world to give you power to not only survive but one day, through Him, to overcome and even conquer.",https://www.churchofjesuschrist.org/study/general-conference/2022/04/24kearon,1646.0,12:15,735.334,ok,,2022-04,4044,April,Of the Presidency of the Seventy,seventy_presidency,scraped,video_data_duration,2,134.30631522546219,general-conference/2022/04/24kearon
2022,4,saturday-afternoon,5,Marcos A. Aidukaitis,Marcos A. Aidukaitis,Of the Seventy,Lift Up Your Heart and Rejoice,"We were born at this time for a divine purpose, the gathering of Israel.",https://www.churchofjesuschrist.org/study/general-conference/2022/04/25aidukaitis,1525.0,11:27,687.0,ok,,2022-04,4044,April,Of the Seventy,seventy,scraped,video_data_duration,3,133.1877729257642,general-conference/2022/04/25aidukaitis
2022,4,saturday-afternoon,6,Gerrit W. Gong,Gerrit W. Gong,Of the Quorum of the Twelve Apostles,We Each Have a Story,"Please come find your family, all your generations, and bring them home.",https://www.churchofjesuschrist.org/study/general-conference/2022/04/26gong,1584.0,12:47,767.233,ok,,2022-04,4044,April,Of the Quorum of the Twelve Apostles,twelve,scraped,video_data_duration,4,123.87371241852215,general-conference/2022/04/26gong
2022,4,saturday-afternoon,7,Adrián Ochoa,Adrián Ochoa,Of the Seventy,Is the Plan Working?,"I testify that the plan of happiness works. It was created by your Heavenly Father, who loves you.",https://www.churchofjesuschrist.org/study/general-conference/2022/04/27ochoa,1401.0,12:17,737.503,ok,,2022-04,4044,April,Of the Seventy,seventy,scraped,video_data_duration,5,113.97919737275645,general-conference/2022/04/27ochoa
2022,4,saturday-afternoon,8,Kevin S. Hamilton,Kevin S. Hamilton,Of the Seventy,“Then Will I Make Weak Things Become Strong”,"As we humble ourselves and exercise faith in Jesus Christ, the grace of Christ and His infinite atoning sacrifice make it possible to change.",https://www.churchofjesuschrist.org/study/general-conference/2022/04/28hamilton,1718.0,11:59,719.285,ok,,2022-04,4044,April,Of the Seventy,seventy,scraped,video_data_duration,6,143.30898044585945,general-conference/2022/04/28hamilton
2022,4,saturday-afternoon,9,Quentin L. Cook,Quentin L. Cook,Of the Quorum of the Twelve Apostles,Conversion to the Will of God,Our personal conversion includes the responsibility to share the gospel of Jesus Christ with the world.,https://www.churchofjesuschrist.org/study/general-conference/2022/04/29cook,1786.0,13:27,807.039,ok,,2022-04,4044,April,Of the Quorum of the Twelve Apostles,twelve,scraped,video_data_duration,7,132.78168713036175,general-conference/2022/04/29cook
2022,4,saturday-morning,1,Russell M. Nelson,Russell M. Nelson,President of The Church of Jesus Christ of Latter-day Saints,Preaching the Gospel of Peace,We have the sacred responsibility to share the power and peace of Jesus Christ with all who will listen.,https://www.churchofjesuschrist.org/study/general-conference/2022/04/11nelson,595.0,5:34,334.067,ok,,2022-04,4044,April,President of the Church,church_president,scraped,video_data_duration,1,106.86479059589841,general-conference/2022/04/11nelson
2022,4,saturday-morning,2,M. Russell Ballard,M. Russell Ballard,Acting President of the Quorum of the Twelve Apostles,Missionary Service Blessed My Life Forever,I pray that you young men and young women and your parents will see and know how missionary service will forever bless your life.,https://www.churchofjesuschrist.org/study/general-conference/2022/04/12ballard,1363.0,15:01,901.066,ok,,2022-04,4044,April,Acting President of the Quorum of the Twelve Apostles,twelve_president,scraped,video_data_duration,2,90.75916747496854,general-conference/2022/04/12ballard
2022,4,saturday-morning,3,Reyna I. Aburto,Reyna I. Aburto,Second Counselor in the Relief Society General Presidency,We Are The Church of Jesus Christ of Latter-day Saints,"The Church is more than the buildings and the ecclesiastical structure; the Church is us, the members, with Christ at the head and the prophet as His mouthpiece.",https://www.churchofjesuschrist.org/study/general-conference/2022/04/13aburto,1323.0,10:00,600.333,ok,,2022-04,4044,April,Second Counselor in the Relief Society General Presidency,auxiliary_counselor,scraped,video_data_duration,3,132.22661422910286,general-conference/2022/04/13aburto
2022,4,saturday-morning,4,David A. Bednar,David A. Bednar,Of the Quorum of the Twelve Apostles,But We Heeded Them Not,Covenants and ordinances point us to and help us always remember our connection with the Lord Jesus Christ as we progress along the covenant path.,https://www.churchofjesuschrist.org/study/general-conference/2022/04/14bednar,1563.0,12:58,778.744,ok,,2022-04,4044,April,Of the Quorum of the Twelve Apostles,twelve,scraped,video_data_duration,4,120.42468384989162,general-conference/2022/04/14bednar
2022,4,saturday-morning,5,Neil L. Andersen,Neil L. Andersen,Of the Quorum of the Twelve Apostles,Following Jesus: Being a Peacemaker,Peacemakers are not passive; they are persuasive in the Savior’s way.,https://www.churchofjesuschrist.org/study/general-conference/2022/04/15andersen,1642.0,13:35,815.915,ok,,2022-04,4044,April,Of the Quorum of the Twelve Apostles,twelve,scraped,video_data_duration,5,120.74787202098258,general-conference/2022/04/15andersen
2022,4,saturday-morning,6,Eduardo Gavarret,Eduardo Gavarret,Of the Seventy,A Mighty Change of Heart: “I Have Nothing More to Give You”,"This change of heart is not an event; it takes faith, repentance, and constant spiritual work to happen.",https://www.churchofjesuschrist.org/study/general-conference/2022/04/16gavarret,1612.0,10:57,657.056,ok,,2022-04,4044,April,Of the Seventy,seventy,scraped,video_data_duration,6,147.20206496858714,general-conference/2022/04/16gavarret
2022,4,saturday-morning,7,Larry S. Kacher,Larry S. Kacher,Of the Seventy,Ladder of Faith,"Unbelief blocks our ability to see miracles, whereas a mindset of faith in the Savior unlocks the powers of heaven.",https://www.churchofjesuschrist.org/study/general-conference/2022/04/17kacher,1598.0,10:20,620.62,ok,,2022-04,4044,April,Of the Seventy,seventy,scraped,video_data_duration,7,154.49067061970285,general-conference/2022/04/17kacher
2022,4,saturday-morning,8,Henry B. Eyring,Henry B. Eyring,Second Counselor in the First Presidency,Steady in the Storms,"When the storms in life come, you can be steady because you are standing on the rock of your faith in Jesus Christ.",https://www.churchofjesuschrist.org/study/general-conference/2022/04/18eyring,1636.0,15:43,943.742,ok,,2022-04,4044,April,Second Counselor in the First Presidency,first_presidency_counselor,scraped,video_data_duration,8,104.01147771318857,general-conference/2022/04/18eyring
2022,4,sunday-afternoon,1,Dallin H. Oaks,Dallin H. Oaks,First Counselor in the First Presidency,Divine Love in the Father’s Plan,The purpose of the doctrine and policies of this restored Church is to prepare God’s children for salvation in the celestial kingdom and for exaltation in its highest degree.,https://www.churchofjesuschrist.org/study/general-conference/2022/04/51oaks,1724.0,14:46,886.952,ok,,2022-04,4044,April,First Counselor in the First Presidency,first_presidency_counselor,scraped,video_data_duration,1,116.62412396612218,general-conference/2022/04/51oaks
2022,4,sunday-afternoon,2,Adeyinka A. Ojediran,Adeyinka A. Ojediran,Of the Seventy,The Covenant Path: The Way to Eternal Life,"The path to perfection is the covenant path, and Jesus Christ is the center of all ordinances and covenants.",https://www.churchofjesuschrist.org/study/general-conference/2022/04/52ojediran,1667.0,11:22,682.148,ok,,2022-04,4044,April,Of the Seventy,seventy,scraped,video_data_duration,2,146.62507256489792,general-conference/2022/04/52ojediran
2022,4,sunday-afternoon,3,Jörg Klebingat,Jörg Klebingat,Of the Seventy,Valiant Discipleship in the Latter Days,"Let us be confident, not apologetic, valiant, not timid, faithful, not fearful as we hold up the Lord’s light in these last days.",https://www.churchofjesuschrist.org/study/general-conference/2022/04/53klebingat,1534.0,10:17,617.683,ok,,2022-04,4044,April,Of the Seventy,seventy,scraped,video_data_duration,3,149.00847198320176,general-conference/2022/04/53klebingat
2022,4,sunday-afternoon,4,Mark L. Pace,Mark L. Pace,Sunday School General President,Conversion Is Our Goal,"There is no substitute for the time you spend in the scriptures, hearing the Holy Ghost speak directly to you.",https://www.churchofjesuschrist.org/study/general-conference/2022/04/54pace,1691.0,10:25,625.124,ok,,2022-04,4044,April,Sunday School General President,auxiliary_president,scraped,video_data_duration,4,162.303798926293,general-conference/2022/04/54pace
2022,4,sunday-afternoon,5,Ulisses Soares,Ulisses Soares,Of the Quorum of the Twelve Apostles,In Awe of Christ and His Gospel,May the remembrance of what our eyes have seen and our hearts have felt increase our amazement at the Savior’s atoning sacrifice.,https://www.churchofjesuschrist.org/study/general-conference/2022/04/55soares,1674.0,13:25,805.437,ok,,2022-04,4044,April,Of the Quorum of the Twelve Apostles,twelve,scraped,video_data_duration,5,124.70249069759646,general-conference/2022/04/55soares
2022,4,sunday-afternoon,6,Randy D. Funk,Randy D. Funk,Of the Seventy,Come into the Fold of God,"Within the fold of God, we experience the Good Shepherd’s watchful, nurturing care and are blessed to feel His redeeming love.",https://www.churchofjesuschrist.org/study/general-conference/2022/04/56funk,1444.0,10:20,620.086,ok,,2022-04,4044,April,Of the Seventy,seventy,scraped,video_data_duration,6,139.72255461339233,general-conference/2022/04/56funk
2022,4,sunday-afternoon,7,Dieter F. Uchtdorf,Dieter F. Uchtdorf,Of the Quorum of the Twelve Apostles,Our Heartfelt All,"If we want the Savior to lift us heavenward, then our commitment to Him and His gospel can’t be casual or occasional.",https://www.churchofjesuschrist.org/study/general-conference/2022/04/57uchtdorf,1656.0,14:15,855.0,ok,,2022-04,4044,April,Of the Quorum of the Twelve Apostles,twelve,scraped,video_data_duration,7,116.21052631578948,general-conference/2022/04/57uchtdorf
2022,4,sunday-afternoon,8,Russell M. Nelson,Russell M. Nelson,President of The Church of Jesus Christ of Latter-day Saints,Now Is the Time,Now is the time we can learn. Now is the time we can repent. Now is the time we can bless others.,https://www.churchofjesuschrist.org/study/general-conference/2022/04/58nelson,544.0,5:56,356.823,ok,,2022-04,4044,April,President of the Church,church_president,scraped,video_data_duration,8,91.47392404637594,general-conference/2022/04/58nelson
2022,4,sunday-morning,1,D. Todd Christofferson,D. Todd Christofferson,Of the Quorum of the Twelve Apostles,Our Relationship with God,"No matter what our mortal experience may entail, we can trust God and find joy in Him.",https://www.churchofjesuschrist.org/study/general-conference/2022/04/41christofferson,1891.0,13:17,797.0,ok,,2022-04,4044,April,Of the Quorum of the Twelve Apostles,twelve,scraped,video_data_duration,1,142.35884567126726,general-conference/2022/04/41christofferson
2022,4,sunday-morning,2,Amy A. Wright,Amy A. Wright,Second Counselor in the Primary General Presidency,Christ Heals That Which Is Broken,"He can heal broken relationships with God, broken relationships with others, and broken parts of ourselves.",https://www.churchofjesuschrist.org/study/general-conference/2022/04/42wright,1443.0,10:39,639.0,ok,,2022-04,4044,April,Second Counselor in the Primary General Presidency,auxiliary_counselor,scraped,video_data_duration,2,135.49295774647888,general-conference/2022/04/42wright
2022,4,sunday-morning,3,Gary E. Stevenson,Gary E. Stevenson,Of the Quorum of the Twelve Apostles,"Love, Share, Invite","As we love, share, and invite, we take part in that great and glorious work that prepares the earth for the return of its Messiah.",https://www.churchofjesuschrist.org/study/general-conference/2022/04/43stevenson,1627.0,13:03,783.215,ok,,2022-04,4044,April,Of the Quorum of the Twelve Apostles,twelve,scraped,video_data_duration,3,124.64010520738239,general-conference/2022/04/43stevenson
2022,4,sunday-morning,4,Michael T. Ringwood,Michael T. Ringwood,Of the Seventy,For God So Loved Us,"God so loved us that He sent His Only Begotten Son—not to condemn us, but to save us.",https://www.churchofjesuschrist.org/study/general-conference/2022/04/44ringwood,1563.0,9:58,598.464,ok,,2022-04,4044,April,Of the Seventy,seventy,scraped,video_data_duration,4,156.7011549566891,general-conference/2022/04/44ringwood
2022,4,sunday-morning,5,Ronald A. Rasband,Ronald A. Rasband,Of the Quorum of the Twelve Apostles,To Heal the World,"Wounds and differences can be resolved and even healed when we honor God, the Father of us all, and Jesus Christ, His Son.",https://www.churchofjesuschrist.org/study/general-conference/2022/04/45rasband,1647.0,13:50,830.863,ok,,2022-04,4044,April,Of the Quorum of the Twelve Apostles,twelve,scraped,video_data_duration,5,118.93657558466317,general-conference/2022/04/45rasband
2022,4,sunday-morning,6,Hugo E. Martinez,Hugo E. Martinez,Of the Seventy,Teaching Self-Reliance to Children and Youth,"Let us follow our Savior, Jesus Christ, and His gospel by becoming self-reliant throughout our lives and teaching this to our children and youth.",https://www.churchofjesuschrist.org/study/general-conference/2022/04/46martinez,1319.0,10:10,610.0,ok,,2022-04,4044,April,Of the Seventy,seventy,scraped,video_data_duration,6,129.7377049180328,general-conference/2022/04/46martinez
2022,4,sunday-morning,7,Russell M. Nelson,Russell M. Nelson,President of The Church of Jesus Christ of Latter-day Saints,The Power of Spiritual Momentum,I would like to suggest five specific actions we can take to help us maintain positive spiritual momentum.,https://www.churchofjesuschrist.org/study/general-conference/2022/04/47nelson,1857.0,17:17,1037.87,ok,,2022-04,4044,April,President of the Church,church_president,scraped,video_data_duration,7,107.35448562922139,general-conference/2022/04/47nelson
2022,4,womens,1,Dallin H. Oaks,Dallin H. Oaks,First Counselor in the First Presidency,Introductory Message,We honor the daughters of God in this special session by concentrating on their concerns and those of their organizations.,https://www.churchofjesuschrist.org/study/general-conference/2022/04/31oaks,466.0,4:20,260.56,ok,,2022-04,4044,April,First Counselor in the First Presidency,first_presidency_counselor,scraped,video_data_duration,1,107.30733804114215,general-conference/2022/04/31oaks
2022,4,womens,2,Susan H. Porter,Susan H. Porter,First Counselor in the Primary General Presidency,Lessons at the Well,We can turn to the Savior for the strength and healing that will enable us to do all that we were sent here to do.,https://www.churchofjesuschrist.org/study/general-conference/2022/04/32porter,1322.0,11:28,688.754,ok,,2022-04,4044,April,First Counselor in the Primary General Presidency,auxiliary_counselor,scraped,video_data_duration,2,115.16448543311546,general-conference/2022/04/32porter
2022,4,womens,3,Rebecca L. Craven,Rebecca L. Craven,Second Counselor in the Young Women General Presidency,Do What Mattereth Most,"As we center our lives on Jesus Christ, we will be blessed with spiritual strength, contentment, and joy.",https://www.churchofjesuschrist.org/study/general-conference/2022/04/33craven,1524.0,10:45,645.611,ok,,2022-04,4044,April,Second Counselor in the Young Women General Presidency,auxiliary_counselor,scraped,video_data_duration,3,141.63327452599165,general-conference/2022/04/33craven
2022,4,womens,5,Jean B. Bingham,Jean B. Bingham,Relief Society General President,"Covenants with God Strengthen, Protect, and Prepare Us for Eternal Glory","As we choose to make covenants and keep them, we will be blessed with more happiness in this life and a glorious eternal life to come.",https://www.churchofjesuschrist.org/study/general-conference/2022/04/35bingham,1879.0,11:59,719.0,ok,,2022-04,4044,April,Relief Society General President,auxiliary_president,scraped,video_data_duration,4,156.80111265646732,general-conference/2022/04/35bingham
2022,4,womens,6,Dale G. Renlund,Dale G. Renlund,Of the Quorum of the Twelve Apostles,Your Divine Nature and Eternal Destiny,I invite you to center your life on Jesus Christ and remember the foundational truths in the Young Women theme.,https://www.churchofjesuschrist.org/study/general-conference/2022/04/36renlund,1730.0,14:09,849.114,ok,,2022-04,4044,April,Of the Quorum of the Twelve Apostles,twelve,scraped,video_data_duration,5,122.24506956663062,general-conference/2022/04/36renlund
2022,10,saturday-afternoon,2,M. Russell Ballard,M. Russell Ballard,Acting President of the Quorum of the Twelve Apostles,Follow Jesus Christ with Footsteps of Faith,"Christ can carry us today through difficult times. He did it for the early pioneers, and He will do it now for each one of us.",https://www.churchofjesuschrist.org/study/general-conference/2022/10/22ballard,1438.0,13:20,800.533,ok,,2022-10,4045,October,Acting President of the Quorum of the Twelve Apostles,twelve_president,scraped,video_data_duration,1,107.77819277906094,general-conference/2022/10/22ballard
2022,10,saturday-afternoon,3,Kristin M. Yee,Kristin M. Yee,Second Counselor in the Relief Society General Presidency,Beauty for Ashes: The Healing Path of Forgiveness,To live in such a way that you give beauty for the ashes of your life is an act of faith that follows the Savior.,https://www.churchofjesuschrist.org/study/general-conference/2022/10/23yee,1728.0,10:07,607.306,ok,,2022-10,4045,October,Second Counselor in the Relief Society General Presidency,auxiliary_counselor,scraped,video_data_duration,2,170.72118503686772,general-conference/2022/10/23yee
2022,10,saturday-afternoon,4,Paul V. Johnson,Paul V. Johnson,Of the Presidency of the Seventy,Be Perfected in Him,Our perfection is only possible through God’s grace.,https://www.churchofjesuschrist.org/study/general-conference/2022/10/24johnson,1273.0,10:54,654.253,ok,,2022-10,4045,October,Of the Presidency of the Seventy,seventy_presidency,scraped,video_data_duration,3,116.74382845779843,general-conference/2022/10/24johnson
2022,10,saturday-afternoon,5,Ulisses Soares,Ulisses Soares,Of the Quorum of the Twelve Apostles,In Partnership with the Lord,"The restored gospel of Jesus Christ proclaims the principle of full partnership between woman and man, both in mortal life and in the eternities.",https://www.churchofjesuschrist.org/study/general-conference/2022/10/25soares,1564.0,12:57,777.81,ok,,2022-10,4045,October,Of the Quorum of the Twelve Apostles,twelve,scraped,video_data_duration,4,120.64643036217072,general-conference/2022/10/25soares
2022,10,saturday-afternoon,6,James W. McConkie III,James W. McConkie III,Of the Seventy,And They Sought to See Jesus Who He Was,"I witness that Jesus lives, that He knows us, and that He has the power to heal, to transform, and to forgive.",https://www.churchofjesuschrist.org/study/general-conference/2022/10/26mcconkie,1554.0,10:29,629.362,ok,,2022-10,4045,October,Of the Seventy,seventy,scraped,video_data_duration,5,148.1500313015403,general-conference/2022/10/26mcconkie
2022,10,saturday-afternoon,7,Jorge F. Zeballos,Jorge F. Zeballos,Of the Seventy,Building a Life Resistant to the Adversary,I pray that we may continue to build our lives following the plans and technical specifications of the divine design authored by our Heavenly Father.,https://www.churchofjesuschrist.org/study/general-conference/2022/10/27zeballos,1442.0,10:32,632.231,ok,,2022-10,4045,October,Of the Seventy,seventy,scraped,video_data_duration,6,136.84871510571296,general-conference/2022/10/27zeballos
2022,10,saturday-afternoon,8,D. Todd Christofferson,D. Todd Christofferson,Of the Quorum of the Twelve Apostles,The Doctrine of Belonging,The doctrine of belonging comes down to this for each of us: I am one with Christ in the gospel covenant.,https://www.churchofjesuschrist.org/study/general-conference/2022/10/28christofferson,2041.0,14:40,880.88,ok,,2022-10,4045,October,Of the Quorum of the Twelve Apostles,twelve,scraped,video_data_duration,7,139.02007083825265,general-conference/2022/10/28christofferson
2022,10,saturday-evening,1,Gérald Caussé,Gérald Caussé,Presiding Bishop,Our Earthly Stewardship,Great spiritual blessings are promised to those who love and care for the earth and their fellow men and women.,https://www.churchofjesuschrist.org/study/general-conference/2022/10/31causse,1621.0,12:17,737.136,ok,,2022-10,4045,October,Presiding Bishop,presiding_bishopric,scraped,video_data_duration,1,131.9430878426776,general-conference/2022/10/31causse
2022,10,saturday-evening,2,Michelle D. Craig,Michelle D. Craig,First Counselor in the Young Women General Presidency,Wholehearted,We should be followers of Jesus who are joyful and wholehearted in our own personal journey of discipleship.,https://www.churchofjesuschrist.org/study/general-conference/2022/10/32craig,1485.0,11:15,675.0,ok,,2022-10,4045,October,First Counselor in the Young Women General Presidency,auxiliary_counselor,scraped,video_data_duration,2,132.0,general-conference/2022/10/32craig
2022,10,saturday-evening,3,Kevin W. Pearson,Kevin W. Pearson,Of the Seventy,Are You Still Willing?,Our willingness to follow Jesus Christ is directly proportionate to the amount of time we commit to be in holy places.,https://www.churchofjesuschrist.org/study/general-conference/2022/10/33pearson,1552.0,11:30,690.322,ok,,2022-10,4045,October,Of the Seventy,seventy,scraped,video_data_duration,3,134.8935714058077,general-conference/2022/10/33pearson
2022,10,saturday-evening,4,Denelson Silva,Denelson Silva,Of the Seventy,Courage to Proclaim the Truth,"Once we learn the truth, the Lord gives us the opportunity to do what He would do if He were here today.",https://www.churchofjesuschrist.org/study/general-conference/2022/10/34silva,1617.0,11:25,685.718,ok,,2022-10,4045,October,Of the Seventy,seventy,scraped,video_data_duration,4,141.48673361352627,general-conference/2022/10/34silva
2022,10,saturday-evening,5,Neil L. Andersen,Neil L. Andersen,Of the Quorum of the Twelve Apostles,Drawing Closer to the Savior,"Seeking to know and love the Savior, we separate ourselves from the world through covenants with God, being distinct, uncommon, and special, without isolating ourselves from others who believe differently.",https://www.churchofjesuschrist.org/study/general-conference/2022/10/35andersen,1881.0,15:03,903.0,ok,,2022-10,4045,October,Of the Quorum of the Twelve Apostles,twelve,scraped,video_data_duration,5,124.98338870431893,general-conference/2022/10/35andersen
2022,10,saturday-morning,1,Dallin H. Oaks,Dallin H. Oaks,First Counselor in the First Presidency,Helping the Poor and Distressed,"The Church of Jesus Christ is committed to serving those in need, and it is also committed to cooperating with others in that effort.",https://www.churchofjesuschrist.org/study/general-conference/2022/10/18oaks,1552.0,13:38,818.417,ok,,2022-10,4045,October,First Counselor in the First Presidency,first_presidency_counselor,scraped,video_data_duration,1,113.78062772400865,general-conference/2022/10/18oaks
2022,10,saturday-morning,2,Dieter F. Uchtdorf,Dieter F. Uchtdorf,Of the Quorum of the Twelve Apostles,Jesus Christ Is the Strength of Youth,Put your trust in Jesus Christ. He will lead you the right way. He is your strength.,https://www.churchofjesuschrist.org/study/general-conference/2022/10/12uchtdorf,1717.0,14:11,851.483,ok,,2022-10,4045,October,Of the Quorum of the Twelve Apostles,twelve,scraped,video_data_duration,2,120.98890993713322,general-conference/2022/10/12uchtdorf
2022,10,saturday-morning,3,Tracy Y. Browning,Tracy Y. Browning,Second Counselor in the Primary General Presidency,Seeing More of Jesus Christ in Our Lives,The Savior invites us to see our lives through Him in order to see more of Him in our lives.,https://www.churchofjesuschrist.org/study/general-conference/2022/10/13browning,1542.0,10:16,616.415,ok,,2022-10,4045,October,Second Counselor in the Primary General Presidency,auxiliary_counselor,scraped,video_data_duration,3,150.09368688302524,general-conference/2022/10/13browning
2022,10,saturday-morning,4,Dale G. Renlund,Dale G. Renlund,Of the Quorum of the Twelve Apostles,A Framework for Personal Revelation,"We need to understand the framework within which the Holy Ghost functions. When we operate within the framework, the Holy Ghost can unleash astonishing insight.",https://www.churchofjesuschrist.org/study/general-conference/2022/10/14renlund,1583.0,12:41,761.293,ok,,2022-10,4045,October,Of the Quorum of the Twelve Apostles,twelve,scraped,video_data_duration,4,124.76142562718952,general-conference/2022/10/14renlund
2022,10,saturday-morning,5,Rafael E. Pino,Rafael E. Pino,Of the Seventy,Let Doing Good Be Our Normal,"If we are steadfast and immovable in doing good, our customs will help us to stay on the covenant path.",https://www.churchofjesuschrist.org/study/general-conference/2022/10/15pino,1240.0,9:27,567.567,ok,,2022-10,4045,October,Of the Seventy,seventy,scraped,video_data_duration,5,131.08584537155966,general-conference/2022/10/15pino
2022,10,saturday-morning,6,Hugo Montoya,Hugo Montoya,Of the Seventy,The Eternal Principle of Love,Our Heavenly Father’s love for each of His children is real. He is there for each one.,https://www.churchofjesuschrist.org/study/general-conference/2022/10/16montoya,1413.0,9:50,590.856,ok,,2022-10,4045,October,Of the Seventy,seventy,scraped,video_data_duration,6,143.4867378853731,general-conference/2022/10/16montoya
2022,10,saturday-morning,7,Ronald A. Rasband,Ronald A. Rasband,Of the Quorum of the Twelve Apostles,This Day,Our living prophet is doing his part to flood the earth with the Book of Mormon. We must follow his lead.,https://www.churchofjesuschrist.org/study/general-conference/2022/10/17rasband,1608.0,12:01,721.454,ok,,2022-10,4045,October,Of the Quorum of the Twelve Apostles,twelve,scraped,video_data_duration,7,133.72993981598273,general-conference/2022/10/17rasband
2022,10,saturday-morning,8,Russell M. Nelson,Russell M. Nelson,President of The Church of Jesus Christ of Latter-day Saints,What Is True?,God is the source of all truth. The Church of Jesus Christ of Latter-day Saints embraces all truth that God conveys to His children.,https://www.churchofjesuschrist.org/study/general-conference/2022/10/19nelson,553.0,5:58,358.0,ok,,2022-10,4045,October,President of the Church,church_president,scraped,video_data_duration,8,92.68156424581005,general-conference/2022/10/19nelson
2022,10,sunday-afternoon,1,Henry B. Eyring,Henry B. Eyring,Second Counselor in the First Presidency,Legacy of Encouragement,I encourage you to continue striving to qualify to return to Heavenly Father and Jesus Christ.,https://www.churchofjesuschrist.org/study/general-conference/2022/10/51eyring,1475.0,14:29,869.468,ok,,2022-10,4045,October,Second Counselor in the First Presidency,first_presidency_counselor,scraped,video_data_duration,1,101.7863797172524,general-conference/2022/10/51eyring
2022,10,sunday-afternoon,2,Ryan K. Olsen,Ryan K. Olsen,Of the Seventy,The Answer Is Jesus,"No matter how difficult or confusing the challenges may be, you can always remember that the answer is simple: it is always Jesus.",https://www.churchofjesuschrist.org/study/general-conference/2022/10/52olsen,1653.0,10:51,651.0,ok,,2022-10,4045,October,Of the Seventy,seventy,scraped,video_data_duration,2,152.35023041474656,general-conference/2022/10/52olsen
2022,10,sunday-afternoon,3,Jonathan S. Schmitt,Jonathan S. Schmitt,Of the Seventy,That They Might Know Thee,My earnest desire is that you will come to know Jesus by His many names and that you will become like Him.,https://www.churchofjesuschrist.org/study/general-conference/2022/10/53schmitt,1540.0,10:49,649.181,ok,,2022-10,4045,October,Of the Seventy,seventy,scraped,video_data_duration,3,142.33318596816605,general-conference/2022/10/53schmitt
2022,10,sunday-afternoon,4,Mark D. Eddy,Mark D. Eddy,Of the Seventy,The Virtue of the Word,There is virtue in the words of ancient and modern prophets precisely because their words are the Lord’s words.,https://www.churchofjesuschrist.org/study/general-conference/2022/10/54eddy,1429.0,10:15,615.548,ok,,2022-10,4045,October,Of the Seventy,seventy,scraped,video_data_duration,4,139.29051836737347,general-conference/2022/10/54eddy
2022,10,sunday-afternoon,5,Gary E. Stevenson,Gary E. Stevenson,Of the Quorum of the Twelve Apostles,Nourishing and Bearing Your Testimony,I invite you to seek opportunities to bear your testimony in word and in deed.,https://www.churchofjesuschrist.org/study/general-conference/2022/10/55stevenson,1981.0,13:14,794.0,ok,,2022-10,4045,October,Of the Quorum of the Twelve Apostles,twelve,scraped,video_data_duration,5,149.69773299748113,general-conference/2022/10/55stevenson
2022,10,sunday-afternoon,6,Isaac K. Morrison,Isaac K. Morrison,Of the Seventy,We Can Do Hard Things through Him,We grow in our discipleship when we exercise faith in the Lord during difficult times.,https://www.churchofjesuschrist.org/study/general-conference/2022/10/56morrison,1244.0,10:52,652.685,ok,,2022-10,4045,October,Of the Seventy,seventy,scraped,video_data_duration,6,114.35838114863985,general-conference/2022/10/56morrison
2022,10,sunday-afternoon,7,Quentin L. Cook,Quentin L. Cook,Of the Quorum of the Twelve Apostles,Be True to God and His Work,"We all need to seek our own testimony of Jesus Christ, bridle our passions, repent of our sins, and be true to God and His work.",https://www.churchofjesuschrist.org/study/general-conference/2022/10/57cook,1801.0,13:53,833.232,ok,,2022-10,4045,October,Of the Quorum of the Twelve Apostles,twelve,scraped,video_data_duration,7,129.687770032836,general-conference/2022/10/57cook
2022,10,sunday-afternoon,8,Russell M. Nelson,Russell M. Nelson,President of The Church of Jesus Christ of Latter-day Saints,Focus on the Temple,I promise that increased time in the temple will bless your life in ways nothing else can.,https://www.churchofjesuschrist.org/study/general-conference/2022/10/58nelson,374.0,7:18,438.0,ok,,2022-10,4045,October,President of the Church,church_president,scraped,video_data_duration,8,51.23287671232877,general-conference/2022/10/58nelson
2022,10,sunday-morning,1,Jeffrey R. Holland,Jeffrey R. Holland,Of the Quorum of the Twelve Apostles,Lifted Up upon the Cross,"To be a follower of Jesus Christ, one must sometimes carry a burden and go where sacrifice is required and suffering is inevitable.",https://www.churchofjesuschrist.org/study/general-conference/2022/10/41holland,1363.0,13:06,786.018,ok,,2022-10,4045,October,Of the Quorum of the Twelve Apostles,twelve,scraped,video_data_duration,1,104.04341885300336,general-conference/2022/10/41holland
2022,10,sunday-morning,2,J. Anette Dennis,J. Anette Dennis,First Counselor in the Relief Society General Presidency,His Yoke Is Easy and His Burden Is Light,Let us remember that each person on this earth is a child of God and He loves each one.,https://www.churchofjesuschrist.org/study/general-conference/2022/10/42dennis,1458.0,10:39,639.438,ok,,2022-10,4045,October,First Counselor in the Relief Society General Presidency,auxiliary_counselor,scraped,video_data_duration,2,136.8076342037852,general-conference/2022/10/42dennis
2022,10,sunday-morning,3,Gerrit W. Gong,Gerrit W. Gong,Of the Quorum of the Twelve Apostles,Happy and Forever,"True, enduring joy and eternity with those we love are the very essence of God’s plan of happiness.",https://www.churchofjesuschrist.org/study/general-conference/2022/10/43gong,1568.0,13:21,801.233,ok,,2022-10,4045,October,Of the Quorum of the Twelve Apostles,twelve,scraped,video_data_duration,3,117.41902792321336,general-conference/2022/10/43gong
2022,10,sunday-morning,4,Joseph W. Sitati,Joseph W. Sitati,Emeritus Member of the Seventy,Patterns of Discipleship,Learning about Christ and His ways leads us to know and to love Him.,https://www.churchofjesuschrist.org/study/general-conference/2022/10/44sitati,1350.0,11:04,664.53,ok,,2022-10,4045,October,Emeritus Member of the Seventy,seventy,scraped,video_data_duration,4,121.8906595639023,general-conference/2022/10/44sitati
2022,10,sunday-morning,5,Steven J. Lund,Steven J. Lund,Young Men General President,Lasting Discipleship,We can find spiritual confidence and peace as we nurture holy habits and righteous routines that can sustain and fuel the fires of our faith.,https://www.churchofjesuschrist.org/study/general-conference/2022/10/45lund,1505.0,10:22,622.0,ok,,2022-10,4045,October,Young Men General President,auxiliary_president,scraped,video_data_duration,5,145.17684887459805,general-conference/2022/10/45lund
2022,10,sunday-morning,6,David A. Bednar,David A. Bednar,Of the Quorum of the Twelve Apostles,"Put On Thy Strength, O Zion",Each of us should evaluate our temporal and spiritual priorities sincerely and prayerfully.,https://www.churchofjesuschrist.org/study/general-conference/2022/10/46bednar,1693.0,13:56,836.869,ok,,2022-10,4045,October,Of the Quorum of the Twelve Apostles,twelve,scraped,video_data_duration,6,121.38100467337182,general-conference/2022/10/46bednar
2022,10,sunday-morning,7,Russell M. Nelson,Russell M. Nelson,President of The Church of Jesus Christ of Latter-day Saints,Overcome the World and Find Rest,"Find rest from the intensity, uncertainty, and anguish of this world by overcoming the world through your covenants with God.",https://www.churchofjesuschrist.org/study/general-conference/2022/10/47nelson,1855.0,18:43,1123.689,ok,,2022-10,4045,October,President of the Church,church_president,scraped,video_data_duration,7,99.04875815283408,general-conference/2022/10/47nelson
2023,4,saturday-afternoon,3,Dale G. Renlund,Dale G. Renlund,Of the Quorum of the Twelve Apostles,Accessing God’s Power through Covenants,"As you walk the covenant path, from baptism to the temple and throughout life, I promise you power to go against the natural worldly flow.",https://www.churchofjesuschrist.org/study/general-conference/2023/04/23renlund,1632.0,13:09,789.0,ok,,2023-04,4046,April,Of the Quorum of the Twelve Apostles,twelve,scraped,video_data_duration,1,124.10646387832699,general-conference/2023/04/23renlund
2023,4,saturday-afternoon,4,Peter F. Meurs,Peter F. Meurs,Of the Seventy,He Could Heal Me!,"The Savior’s healing and redeeming power applies to accidental mistakes, poor decisions, challenges, and trials of every kind—as well as to our sins.",https://www.churchofjesuschrist.org/study/general-conference/2023/04/24meurs,1323.0,10:02,602.0,ok,,2023-04,4046,April,Of the Seventy,seventy,scraped,video_data_duration,2,131.86046511627907,general-conference/2023/04/24meurs
2023,4,saturday-afternoon,5,Randall K. Bennett,Randall K. Bennett,Of the Seventy,Your Patriarchal Blessing—Inspired Direction from Heavenly Father,My patriarchal blessing helped me understand my true eternal identity—who I really was and who I could become.,https://www.churchofjesuschrist.org/study/general-conference/2023/04/25bennett,1070.0,9:27,567.6,ok,,2023-04,4046,April,Of the Seventy,seventy,scraped,video_data_duration,3,113.10782241014797,general-conference/2023/04/25bennett
2023,4,saturday-afternoon,6,Craig C. Christensen,Craig C. Christensen,Of the Seventy,“There Can Be Nothing So Exquisite and Sweet as Was My Joy”,Repenting daily and coming unto Jesus Christ is the way to experience joy—joy beyond our imagination.,https://www.churchofjesuschrist.org/study/general-conference/2023/04/26christensen,1493.0,9:57,597.0,ok,,2023-04,4046,April,Of the Seventy,seventy,scraped,video_data_duration,4,150.05025125628143,general-conference/2023/04/26christensen
2023,4,saturday-afternoon,7,Evan A. Schmutz,Evan A. Schmutz,Of the Seventy,Trusting the Doctrine of Christ,"When we have built our houses on the foundation of a covenantal relationship with Christ, we are trusting the doctrine of Christ.",https://www.churchofjesuschrist.org/study/general-conference/2023/04/27schmutz,1546.0,10:30,630.529,ok,,2023-04,4046,April,Of the Seventy,seventy,scraped,video_data_duration,5,147.114565705939,general-conference/2023/04/27schmutz
2023,4,saturday-afternoon,8,Benjamín De Hoyos,Benjamín De Hoyos,Of the Seventy,The Work of the Temple and Family History—One and the Same Work,A central focus of the plan of our Heavenly Father is uniting family for this life and for eternity.,https://www.churchofjesuschrist.org/study/general-conference/2023/04/28de-hoyos,1285.0,10:11,611.0,ok,,2023-04,4046,April,Of the Seventy,seventy,scraped,video_data_duration,6,126.18657937806874,general-conference/2023/04/28de-hoyos
2023,4,saturday-afternoon,9,Dieter F. Uchtdorf,Dieter F. Uchtdorf,Of the Quorum of the Twelve Apostles,Jesus Christ Is the Strength of Parents,"Help your children build faith in Jesus Christ, love His gospel and His Church, and prepare for a lifetime of righteous choices.",https://www.churchofjesuschrist.org/study/general-conference/2023/04/29uchtdorf,2012.0,15:13,913.445,ok,,2023-04,4046,April,Of the Quorum of the Twelve Apostles,twelve,scraped,video_data_duration,7,132.15902435286196,general-conference/2023/04/29uchtdorf
2023,4,saturday-evening,1,Mark A. Bragg,Mark A. Bragg,Of the Seventy,Christlike Poise,"“And he arose, and rebuked the wind, and said unto the sea, Peace, be still. And the wind ceased, and there was a great calm” ( Mark 4:39 ).",https://www.churchofjesuschrist.org/study/general-conference/2023/04/31bragg,1591.0,11:16,676.776,ok,,2023-04,4046,April,Of the Seventy,seventy,scraped,video_data_duration,1,141.051101102876,general-conference/2023/04/31bragg
2023,4,saturday-evening,2,Milton Camargo,Milton Camargo,First Counselor in the Sunday School General Presidency,Focus on Jesus Christ,"The Lord Jesus Christ is the solution to our problems, but we must lift our eyes and raise our sights to see Him.",https://www.churchofjesuschrist.org/study/general-conference/2023/04/32camargo,1740.0,10:58,658.057,ok,,2023-04,4046,April,First Counselor in the Sunday School General Presidency,auxiliary_counselor,scraped,video_data_duration,2,158.6488708424954,general-conference/2023/04/32camargo
2023,4,saturday-evening,3,K. Brett Nattress,K. Brett Nattress,Of the Seventy,Have I Truly Been Forgiven?,The promise of complete and perfect forgiveness is made to everyone—in and through the infinite Atonement of Jesus Christ.,https://www.churchofjesuschrist.org/study/general-conference/2023/04/33nattress,1453.0,11:36,696.0,ok,,2023-04,4046,April,Of the Seventy,seventy,scraped,video_data_duration,3,125.25862068965517,general-conference/2023/04/33nattress
2023,4,saturday-evening,4,Juan A. Uceda,Juan A. Uceda,Of the Seventy,The Lord Jesus Christ Teaches Us to Minister,"With our Savior’s help, we can love His precious sheep and minister to them as He would.",https://www.churchofjesuschrist.org/study/general-conference/2023/04/34uceda,1239.0,11:29,689.321,ok,,2023-04,4046,April,Of the Seventy,seventy,scraped,video_data_duration,4,107.84525641899782,general-conference/2023/04/34uceda
2023,4,saturday-morning,1,Gary E. Stevenson,Gary E. Stevenson,Of the Quorum of the Twelve Apostles,The Greatest Easter Story Ever Told,Look at the Book of Mormon in a new light and consider the profound witness it bears of the reality of the risen Christ.,https://www.churchofjesuschrist.org/study/general-conference/2023/04/11stevenson,2029.0,14:19,859.0,ok,,2023-04,4046,April,Of the Quorum of the Twelve Apostles,twelve,scraped,video_data_duration,1,141.72293364377182,general-conference/2023/04/11stevenson
2023,4,saturday-morning,2,Bonnie H. Cordon,Bonnie H. Cordon,Young Women General President,Never Give Up an Opportunity to Testify of Christ,True joy rests on our willingness to come closer to Christ and witness for ourselves.,https://www.churchofjesuschrist.org/study/general-conference/2023/04/12cordon,1506.0,11:15,675.274,ok,,2023-04,4046,April,Young Women General President,auxiliary_president,scraped,video_data_duration,2,133.81234876509387,general-conference/2023/04/12cordon
2023,4,saturday-morning,3,Carl B. Cook,Carl B. Cook,Of the Presidency of the Seventy,Just Keep Going—with Faith,"Exercising faith in our Savior, Jesus Christ, helps us overcome discouragement no matter what obstacles we encounter.",https://www.churchofjesuschrist.org/study/general-conference/2023/04/13cook,1422.0,11:04,664.53,ok,,2023-04,4046,April,Of the Presidency of the Seventy,seventy_presidency,scraped,video_data_duration,3,128.39149474064376,general-conference/2023/04/13cook
2023,4,saturday-morning,4,Gerrit W. Gong,Gerrit W. Gong,Of the Quorum of the Twelve Apostles,Ministering,"Let us reach out and care as our Savior would, especially to those whom we are privileged by love and assignment to minister.",https://www.churchofjesuschrist.org/study/general-conference/2023/04/14gong,1721.0,14:30,870.636,ok,,2023-04,4046,April,Of the Quorum of the Twelve Apostles,twelve,scraped,video_data_duration,4,118.6029523245076,general-conference/2023/04/14gong
2023,4,saturday-morning,5,Quentin L. Cook,Quentin L. Cook,Of the Quorum of the Twelve Apostles,Safely Gathered Home,We are in a unique position to gather Israel on both sides of the veil as never before under the Father’s plan.,https://www.churchofjesuschrist.org/study/general-conference/2023/04/15cook,1875.0,14:48,888.0,ok,,2023-04,4046,April,Of the Quorum of the Twelve Apostles,twelve,scraped,video_data_duration,5,126.68918918918918,general-conference/2023/04/15cook
2023,4,saturday-morning,6,Allen D. Haynie,Allen D. Haynie,Of the Seventy,A Living Prophet for the Latter Days,Father in Heaven has chosen the pattern of revealing truth to His children through a prophet.,https://www.churchofjesuschrist.org/study/general-conference/2023/04/16haynie,1620.0,11:21,681.814,ok,,2023-04,4046,April,Of the Seventy,seventy,scraped,video_data_duration,6,142.56087437336285,general-conference/2023/04/16haynie
2023,4,saturday-morning,7,Henry B. Eyring,Henry B. Eyring,Second Counselor in the First Presidency,Finding Personal Peace,"I pray that you may find peace, help many others to find it, and pass it along.",https://www.churchofjesuschrist.org/study/general-conference/2023/04/17eyring,1510.0,15:54,954.0,ok,,2023-04,4046,April,Second Counselor in the First Presidency,first_presidency_counselor,scraped,video_data_duration,7,94.96855345911949,general-conference/2023/04/17eyring
2023,4,sunday-afternoon,1,Dallin H. Oaks,Dallin H. Oaks,First Counselor in the First Presidency,The Teachings of Jesus Christ,We are given the scriptures to direct our lives. My message today consists of a selection of the words of our Savior—what He said.,https://www.churchofjesuschrist.org/study/general-conference/2023/04/51oaks,1563.0,14:06,846.812,ok,,2023-04,4046,April,First Counselor in the First Presidency,first_presidency_counselor,scraped,video_data_duration,1,110.74476979542095,general-conference/2023/04/51oaks
2023,4,sunday-afternoon,2,M. Russell Ballard,M. Russell Ballard,Acting President of the Quorum of the Twelve Apostles,Remember What Matters Most,"What matters most is our relationships with Heavenly Father and His Beloved Son, our families, and our neighbors, and allowing the Spirit to guide us.",https://www.churchofjesuschrist.org/study/general-conference/2023/04/52ballard,1358.0,13:29,809.0,ok,,2023-04,4046,April,Acting President of the Quorum of the Twelve Apostles,twelve_president,scraped,video_data_duration,2,100.71693448702102,general-conference/2023/04/52ballard
2023,4,sunday-afternoon,3,Ronald A. Rasband,Ronald A. Rasband,Of the Quorum of the Twelve Apostles,Hosanna to the Most High God,Jesus Christ’s triumphant entry into Jerusalem and the events of the week that followed exemplify doctrine we can apply in our lives today.,https://www.churchofjesuschrist.org/study/general-conference/2023/04/53rasband,1677.0,13:18,798.097,ok,,2023-04,4046,April,Of the Quorum of the Twelve Apostles,twelve,scraped,video_data_duration,3,126.0749006699687,general-conference/2023/04/53rasband
2023,4,sunday-afternoon,4,Vern P. Stanfill,Vern P. Stanfill,Of the Seventy,The Imperfect Harvest,"The Savior stands ready to accept our humble offerings and perfect them through His grace. With Christ, there is no imperfect harvest.",https://www.churchofjesuschrist.org/study/general-conference/2023/04/54stanfill,1657.0,11:01,661.894,ok,,2023-04,4046,April,Of the Seventy,seventy,scraped,video_data_duration,4,150.20531988505712,general-conference/2023/04/54stanfill
2023,4,sunday-afternoon,5,W. Mark Bassett,W. Mark Bassett,Of the Seventy,After the Fourth Day,"As we move forward with faith in Jesus Christ, the fourth day will always come. He will always come to our aid.",https://www.churchofjesuschrist.org/study/general-conference/2023/04/55bassett,1520.0,10:43,643.0,ok,,2023-04,4046,April,Of the Seventy,seventy,scraped,video_data_duration,5,141.83514774494557,general-conference/2023/04/55bassett
2023,4,sunday-afternoon,6,Ahmad S. Corbitt,Ahmad S. Corbitt,Of the Seventy,Do You Know Why I as a Christian Believe in Christ?,"Jesus Christ had to suffer, die, and rise again to redeem all humanity from physical death and to give eternal life with God.",https://www.churchofjesuschrist.org/study/general-conference/2023/04/56corbitt,1337.0,10:27,627.059,ok,,2023-04,4046,April,Of the Seventy,seventy,scraped,video_data_duration,6,127.93054561054063,general-conference/2023/04/56corbitt
2023,4,sunday-afternoon,7,David A. Bednar,David A. Bednar,Of the Quorum of the Twelve Apostles,"“Abide in Me, and I in You; Therefore Walk with Me”",The Savior’s promise to abide in us is true and available to every covenant-keeping member of His restored Church.,https://www.churchofjesuschrist.org/study/general-conference/2023/04/57bednar,1667.0,13:25,805.905,ok,,2023-04,4046,April,Of the Quorum of the Twelve Apostles,twelve,scraped,video_data_duration,7,124.10892102667188,general-conference/2023/04/57bednar
2023,4,sunday-afternoon,8,Russell M. Nelson,Russell M. Nelson,President of The Church of Jesus Christ of Latter-day Saints,The Answer Is Always Jesus Christ,"Whatever questions or problems you have, the answer is always found in the life and teachings of Jesus Christ.",https://www.churchofjesuschrist.org/study/general-conference/2023/04/58nelson,583.0,6:20,380.113,ok,,2023-04,4046,April,President of the Church,church_president,scraped,video_data_duration,8,92.02526617084919,general-conference/2023/04/58nelson
2023,4,sunday-morning,1,D. Todd Christofferson,D. Todd Christofferson,Of the Quorum of the Twelve Apostles,One in Christ,It is only in and through our individual loyalty to and love of Jesus Christ that we can hope to be one.,https://www.churchofjesuschrist.org/study/general-conference/2023/04/41christofferson,1915.0,13:20,800.533,ok,,2023-04,4046,April,Of the Quorum of the Twelve Apostles,twelve,scraped,video_data_duration,1,143.52937355486907,general-conference/2023/04/41christofferson
2023,4,sunday-morning,2,Camille N. Johnson,Camille N. Johnson,Relief Society General President,Jesus Christ Is Relief,We can partner with the Savior to help provide temporal and spiritual relief for those in need—and in the process find our own relief.,https://www.churchofjesuschrist.org/study/general-conference/2023/04/42johnson,1461.0,10:18,618.884,ok,,2023-04,4046,April,Relief Society General President,auxiliary_president,scraped,video_data_duration,2,141.6420524686371,general-conference/2023/04/42johnson
2023,4,sunday-morning,3,Ulisses Soares,Ulisses Soares,Of the Quorum of the Twelve Apostles,Followers of the Prince of Peace,"As we strive to develop attributes like the Savior’s, we can become instruments of His peace in the world.",https://www.churchofjesuschrist.org/study/general-conference/2023/04/43soares,1573.0,13:35,815.481,ok,,2023-04,4046,April,Of the Quorum of the Twelve Apostles,twelve,scraped,video_data_duration,3,115.73537580887844,general-conference/2023/04/43soares
2023,4,sunday-morning,4,Kazuhiko Yamashita,Kazuhiko Yamashita,Of the Seventy,When to Receive Your Patriarchal Blessing,"When you receive your blessing, you will realize and feel how Heavenly Father and Jesus Christ love you and how They focus on you individually.",https://www.churchofjesuschrist.org/study/general-conference/2023/04/44yamashita,1257.0,10:47,647.0,ok,,2023-04,4046,April,Of the Seventy,seventy,scraped,video_data_duration,4,116.56877897990726,general-conference/2023/04/44yamashita
2023,4,sunday-morning,5,Neil L. Andersen,Neil L. Andersen,Of the Quorum of the Twelve Apostles,My Mind Caught Hold upon This Thought of Jesus Christ,"As you continue to attentively catch hold of the thought of Jesus Christ, I promise you not only heavenly guidance but heavenly power.",https://www.churchofjesuschrist.org/study/general-conference/2023/04/45andersen,1581.0,13:25,805.971,ok,,2023-04,4046,April,Of the Quorum of the Twelve Apostles,twelve,scraped,video_data_duration,5,117.69654243142743,general-conference/2023/04/45andersen
2023,4,sunday-morning,6,Kevin R. Duncan,Kevin R. Duncan,Of the Seventy,A Voice of Gladness!,The building of temples has been one of the highest priorities of all prophets since the Prophet Joseph Smith.,https://www.churchofjesuschrist.org/study/general-conference/2023/04/46duncan,1317.0,9:46,586.252,ok,,2023-04,4046,April,Of the Seventy,seventy,scraped,video_data_duration,6,134.78845274728275,general-conference/2023/04/46duncan
2023,4,sunday-morning,7,Russell M. Nelson,Russell M. Nelson,President of The Church of Jesus Christ of Latter-day Saints,Peacemakers Needed,"You have your agency to choose contention or reconciliation. I urge you to choose to be a peacemaker, now and always.",https://www.churchofjesuschrist.org/study/general-conference/2023/04/47nelson,1804.0,19:04,1144.0,ok,,2023-04,4046,April,President of the Church,church_president,scraped,video_data_duration,7,94.61538461538461,general-conference/2023/04/47nelson
2023,10,saturday-afternoon,2,Neil L. Andersen,Neil L. Andersen,Of the Quorum of the Twelve Apostles,Tithing: Opening the Windows of Heaven,The windows of heaven open in many ways. Trust in the Lord’s timing; the blessings always come.,https://www.churchofjesuschrist.org/study/general-conference/2023/10/22andersen,1756.0,14:12,852.084,ok,,2023-10,4047,October,Of the Quorum of the Twelve Apostles,twelve,scraped,video_data_duration,1,123.6497810075063,general-conference/2023/10/22andersen
2023,10,saturday-afternoon,3,Jan E. Newman,Jan E. Newman,Second Counselor in the Sunday School General Presidency,Preserving the Voice of the Covenant People in the Rising Generation,One of our most sacred responsibilities is to help our children come to know deeply and specifically that Jesus is the Christ.,https://www.churchofjesuschrist.org/study/general-conference/2023/10/23newman,1468.0,10:13,613.0,ok,,2023-10,4047,October,Second Counselor in the Sunday School General Presidency,auxiliary_counselor,scraped,video_data_duration,2,143.6867862969005,general-conference/2023/10/23newman
2023,10,saturday-afternoon,4,Joaquin E. Costa,Joaquin E. Costa,Of the Seventy,The Power of Jesus Christ in Our Lives Every Day,The source of our strength is faith in Jesus Christ as we intentionally seek to come unto Him each and every day.,https://www.churchofjesuschrist.org/study/general-conference/2023/10/24costa,1490.0,10:17,617.0,ok,,2023-10,4047,October,Of the Seventy,seventy,scraped,video_data_duration,3,144.89465153970826,general-conference/2023/10/24costa
2023,10,saturday-afternoon,5,Gary E. Stevenson,Gary E. Stevenson,Of the Quorum of the Twelve Apostles,Promptings of the Spirit,The constant companionship of the Holy Ghost is one of the greatest spiritual gifts Latter-day Saints enjoy.,https://www.churchofjesuschrist.org/study/general-conference/2023/10/25stevenson,1976.0,14:10,850.516,ok,,2023-10,4047,October,Of the Quorum of the Twelve Apostles,twelve,scraped,video_data_duration,4,139.39773031900634,general-conference/2023/10/25stevenson
2023,10,saturday-afternoon,6,Yoon Hwan Choi,Yoon Hwan Choi,Of the Seventy,Do You Want to Be Happy?,"Stay on the covenant path. Your life will be easier, happier, and filled with joy.",https://www.churchofjesuschrist.org/study/general-conference/2023/10/26choi,1317.0,10:21,621.32,ok,,2023-10,4047,October,Of the Seventy,seventy,scraped,video_data_duration,5,127.18084079057489,general-conference/2023/10/26choi
2023,10,saturday-afternoon,7,Alan T. Phillips,Alan T. Phillips,Of the Seventy,God Knows and Loves You,God’s plan of happiness is all about you. You are His precious child and of great worth.,https://www.churchofjesuschrist.org/study/general-conference/2023/10/27phillips,1599.0,12:36,756.0,ok,,2023-10,4047,October,Of the Seventy,seventy,scraped,video_data_duration,6,126.90476190476191,general-conference/2023/10/27phillips
2023,10,saturday-afternoon,8,Ronald A. Rasband,Ronald A. Rasband,Of the Quorum of the Twelve Apostles,How Great Will Be Your Joy,"I now invite you to take your know-how, coupled with your time-honored testimonies, and go on a mission.",https://www.churchofjesuschrist.org/study/general-conference/2023/10/28rasband,1712.0,13:47,827.56,ok,,2023-10,4047,October,Of the Quorum of the Twelve Apostles,twelve,scraped,video_data_duration,7,124.12393059113539,general-conference/2023/10/28rasband
2023,10,saturday-evening,1,Gary B. Sabin,Gary B. Sabin,Of the Seventy,Hallmarks of Happiness,Building upon the foundation of Jesus Christ is essential to our happiness.,https://www.churchofjesuschrist.org/study/general-conference/2023/10/31sabin,2042.0,12:15,735.101,ok,,2023-10,4047,October,Of the Seventy,seventy,scraped,video_data_duration,1,166.6709744647334,general-conference/2023/10/31sabin
2023,10,saturday-evening,2,Joni L. Koch,Joni L. Koch,Of the Seventy,Humble to Accept and Follow,Humility is a mandatory requirement for us to be ready to return to the presence of God.,https://www.churchofjesuschrist.org/study/general-conference/2023/10/32koch,1403.0,10:39,639.0,ok,,2023-10,4047,October,Of the Seventy,seventy,scraped,video_data_duration,2,131.73708920187792,general-conference/2023/10/32koch
2023,10,saturday-evening,3,Tamara W. Runia,Tamara W. Runia,First Counselor in the Young Women General Presidency,Seeing God’s Family through the Overview Lens,"I believe we can, through the eye of faith, zoom out and view ourselves and our families with hope and joy.",https://www.churchofjesuschrist.org/study/general-conference/2023/10/33runia,2023.0,11:30,690.489,ok,,2023-10,4047,October,First Counselor in the Young Women General Presidency,auxiliary_counselor,scraped,video_data_duration,3,175.78846295885958,general-conference/2023/10/33runia
2023,10,saturday-evening,4,Ulisses Soares,Ulisses Soares,Of the Quorum of the Twelve Apostles,Brothers and Sisters in Christ,May we enjoy more the spiritual kinship that exists between us and value the different attributes and varied gifts we all have.,https://www.churchofjesuschrist.org/study/general-conference/2023/10/34soares,1874.0,16:12,972.0,ok,,2023-10,4047,October,Of the Quorum of the Twelve Apostles,twelve,scraped,video_data_duration,4,115.67901234567901,general-conference/2023/10/34soares
2023,10,saturday-morning,1,David A. Bednar,David A. Bednar,Of the Quorum of the Twelve Apostles,In the Path of Their Duty,You who today are pressing forward in the path of your duty are the strength of the Savior’s restored Church.,https://www.churchofjesuschrist.org/study/general-conference/2023/10/11bednar,1702.0,14:29,869.168,ok,,2023-10,4047,October,Of the Quorum of the Twelve Apostles,twelve,scraped,video_data_duration,1,117.49167019494506,general-conference/2023/10/11bednar
2023,10,saturday-morning,2,Amy A. Wright,Amy A. Wright,First Counselor in the Primary General Presidency,Abide the Day in Christ,Jesus Christ makes it possible for us to “abide the day.”,https://www.churchofjesuschrist.org/study/general-conference/2023/10/12wright,1362.0,10:33,633.099,ok,,2023-10,4047,October,First Counselor in the Primary General Presidency,auxiliary_counselor,scraped,video_data_duration,2,129.07933830254035,general-conference/2023/10/12wright
2023,10,saturday-morning,3,Robert M. Daines,Robert M. Daines,Of the Seventy,"Sir, We Would Like to See Jesus",We want to see Jesus for who He is and to feel His love.,https://www.churchofjesuschrist.org/study/general-conference/2023/10/13daines,1487.0,10:22,622.0,ok,,2023-10,4047,October,Of the Seventy,seventy,scraped,video_data_duration,3,143.44051446945338,general-conference/2023/10/13daines
2023,10,saturday-morning,4,Carlos A. Godoy,Carlos A. Godoy,Of the Presidency of the Seventy,For the Sake of Your Posterity,"Don’t be the weak link in this beautiful chain of faith you started, or you received, as a legacy. Be the strong one.",https://www.churchofjesuschrist.org/study/general-conference/2023/10/14godoy,1412.0,10:14,614.0,ok,,2023-10,4047,October,Of the Presidency of the Seventy,seventy_presidency,scraped,video_data_duration,4,137.98045602605865,general-conference/2023/10/14godoy
2023,10,saturday-morning,5,D. Todd Christofferson,D. Todd Christofferson,Of the Quorum of the Twelve Apostles,The Sealing Power,The sealing power makes individual salvation and family exaltation universally available to the children of God.,https://www.churchofjesuschrist.org/study/general-conference/2023/10/15christofferson,2011.0,14:25,865.431,ok,,2023-10,4047,October,Of the Quorum of the Twelve Apostles,twelve,scraped,video_data_duration,5,139.4218603216201,general-conference/2023/10/15christofferson
2023,10,saturday-morning,6,Ian S. Ardern,Ian S. Ardern,Of the Seventy,Love Thy Neighbour,Compassion is an attribute of Christ. It is born of love for others and knows no boundaries.,https://www.churchofjesuschrist.org/study/general-conference/2023/10/16ardern,1527.0,10:43,643.409,ok,,2023-10,4047,October,Of the Seventy,seventy,scraped,video_data_duration,6,142.39775943451212,general-conference/2023/10/16ardern
2023,10,saturday-morning,7,Dallin H. Oaks,Dallin H. Oaks,First Counselor in the First Presidency,Kingdoms of Glory,We have a loving Heavenly Father who will see that we receive every blessing and every advantage that our own desires and choices allow.,https://www.churchofjesuschrist.org/study/general-conference/2023/10/17oaks,1721.0,16:13,973.105,ok,,2023-10,4047,October,First Counselor in the First Presidency,first_presidency_counselor,scraped,video_data_duration,7,106.11393426197584,general-conference/2023/10/17oaks
2023,10,sunday-afternoon,1,Dale G. Renlund,Dale G. Renlund,Of the Quorum of the Twelve Apostles,Jesus Christ Is the Treasure,"Focus on Jesus Christ. He is our Savior and Redeemer, the “mark” to whom we should look, and our greatest treasure.",https://www.churchofjesuschrist.org/study/general-conference/2023/10/57renlund,1552.0,12:23,743.0,ok,,2023-10,4047,October,Of the Quorum of the Twelve Apostles,twelve,scraped,video_data_duration,1,125.32974427994617,general-conference/2023/10/57renlund
2023,10,sunday-afternoon,2,John C. Pingree Jr.,John C. Pingree Jr.,Of the Seventy,Eternal Truth,Our need to recognize truth has never been more important!,https://www.churchofjesuschrist.org/study/general-conference/2023/10/52pingree,1745.0,10:40,640.0,ok,,2023-10,4047,October,Of the Seventy,seventy,scraped,video_data_duration,2,163.59375,general-conference/2023/10/52pingree
2023,10,sunday-afternoon,3,Valeri V. Cordón,Valeri V. Cordón,Of the Seventy,Divine Parenting Lessons,Parents enter a partnership with their Heavenly Father to guide their precious children back to heaven.,https://www.churchofjesuschrist.org/study/general-conference/2023/10/53cordon,1299.0,10:17,617.083,ok,,2023-10,4047,October,Of the Seventy,seventy,scraped,video_data_duration,3,126.30391697713274,general-conference/2023/10/53cordon
2023,10,sunday-afternoon,4,J. Kimo Esplin,J. Kimo Esplin,Of the Seventy,The Savior’s Healing Power upon the Isles of the Sea,"Through temple blessings, the Savior heals individuals, families, and nations.",https://www.churchofjesuschrist.org/study/general-conference/2023/10/55esplin,1434.0,10:27,627.0,ok,,2023-10,4047,October,Of the Seventy,seventy,scraped,video_data_duration,4,137.22488038277513,general-conference/2023/10/55esplin
2023,10,sunday-afternoon,5,Gerrit W. Gong,Gerrit W. Gong,Of the Quorum of the Twelve Apostles,Love Is Spoken Here,"May we each learn to speak and hear His love here, in our hearts and homes, and in our gospel callings, activities, ministering, and service.",https://www.churchofjesuschrist.org/study/general-conference/2023/10/54gong,1572.0,13:13,793.726,ok,,2023-10,4047,October,Of the Quorum of the Twelve Apostles,twelve,scraped,video_data_duration,5,118.83193948541435,general-conference/2023/10/54gong
2023,10,sunday-afternoon,6,Christophe G. Giraud-Carrier,Christophe G. Giraud-Carrier,Of the Seventy,We Are His Children,We have the same divine origin and the same limitless potential through the grace of Jesus Christ.,https://www.churchofjesuschrist.org/study/general-conference/2023/10/56giraud-carrier,1557.0,9:41,581.747,ok,,2023-10,4047,October,Of the Seventy,seventy,scraped,video_data_duration,6,160.58527160432286,general-conference/2023/10/56giraud-carrier
2023,10,sunday-afternoon,7,Russell M. Nelson,Russell M. Nelson,President of The Church of Jesus Christ of Latter-day Saints,Think Celestial!,"Your choices will determine where you will live throughout eternity, the kind of body with which you will be resurrected, and those with whom you will live forever.",https://www.churchofjesuschrist.org/study/general-conference/2023/10/51nelson,1762.0,19:15,1155.087,ok,,2023-10,4047,October,President of the Church,church_president,scraped,video_data_duration,7,91.5255733983674,general-conference/2023/10/51nelson
2023,10,sunday-morning,1,M. Russell Ballard,M. Russell Ballard,Acting President of the Quorum of the Twelve Apostles,Praise to the Man,"How abundantly blessed we are to know all that we know because we have Joseph Smith, the prophet of this last dispensation of time.",https://www.churchofjesuschrist.org/study/general-conference/2023/10/41ballard,1070.0,13:09,789.922,ok,,2023-10,4047,October,Acting President of the Quorum of the Twelve Apostles,twelve_president,scraped,video_data_duration,1,81.27384729125154,general-conference/2023/10/41ballard
2023,10,sunday-morning,2,Emily Belle Freeman,Emily Belle Freeman,Young Women General President,Walking in Covenant Relationship with Christ,"The One who was bruised and broken for us will allow mortality to do its work in us, but He doesn’t ask us to face those challenges alone.",https://www.churchofjesuschrist.org/study/general-conference/2023/10/42freeman,1543.0,10:24,624.0,ok,,2023-10,4047,October,Young Women General President,auxiliary_president,scraped,video_data_duration,2,148.3653846153846,general-conference/2023/10/42freeman
2023,10,sunday-morning,3,Adilson de Paula Parrella,Adilson de Paula Parrella,Of the Seventy,Bearing Witness of Jesus Christ in Word and Actions,"As we strive to live our lives in harmony with the gospel of Jesus Christ, our conduct will be a living testimony of our Redeemer.",https://www.churchofjesuschrist.org/study/general-conference/2023/10/43parrella,1181.0,9:45,585.051,ok,,2023-10,4047,October,Of the Seventy,seventy,scraped,video_data_duration,3,121.11764615392502,general-conference/2023/10/43parrella
2023,10,sunday-morning,4,Quentin L. Cook,Quentin L. Cook,Of the Quorum of the Twelve Apostles,Be Peaceable Followers of Christ,I testify that “peaceable followers of Christ” will find personal peace in this life and a glorious heavenly reunion.,https://www.churchofjesuschrist.org/study/general-conference/2023/10/44cook,1742.0,13:47,827.0,ok,,2023-10,4047,October,Of the Quorum of the Twelve Apostles,twelve,scraped,video_data_duration,4,126.38452237001209,general-conference/2023/10/44cook
2023,10,sunday-morning,5,Dieter F. Uchtdorf,Dieter F. Uchtdorf,Of the Quorum of the Twelve Apostles,The Prodigal and the Road That Leads Home,"Though choices may have taken you far from the Savior and His Church, the Master Healer stands at the road that leads home, welcoming you.",https://www.churchofjesuschrist.org/study/general-conference/2023/10/45uchtdorf,1602.0,14:31,871.971,ok,,2023-10,4047,October,Of the Quorum of the Twelve Apostles,twelve,scraped,video_data_duration,5,110.23302380469076,general-conference/2023/10/45uchtdorf
2023,10,sunday-morning,6,W. Christopher Waddell,W. Christopher Waddell,First Counselor in the Presiding Bishopric,More Than a Hero,"Jesus Christ is not only our hero; He is our Lord and King, the Savior and Redeemer of mankind.",https://www.churchofjesuschrist.org/study/general-conference/2023/10/46waddell,1490.0,10:07,607.0,ok,,2023-10,4047,October,First Counselor in the Presiding Bishopric,presiding_bishopric,scraped,video_data_duration,6,147.2817133443163,general-conference/2023/10/46waddell
2023,10,sunday-morning,7,Henry B. Eyring,Henry B. Eyring,Second Counselor in the First Presidency,Our Constant Companion,You and I have the opportunity to have the Holy Ghost as our constant companion.,https://www.churchofjesuschrist.org/study/general-conference/2023/10/47eyring,1631.0,18:04,1084.0,ok,,2023-10,4047,October,Second Counselor in the First Presidency,first_presidency_counselor,scraped,video_data_duration,7,90.27675276752768,general-conference/2023/10/47eyring
2024,4,saturday-afternoon,1,David A. Bednar,David A. Bednar,Of the Quorum of the Twelve Apostles,"“Be Still, and Know That I Am God”","We can be still and know that God is our Heavenly Father, we are His children, and Jesus Christ is our Savior.",https://www.churchofjesuschrist.org/study/general-conference/2024/04/21bednar,1783.0,14:44,884.583,ok,,2024-04,4048,April,Of the Quorum of the Twelve Apostles,twelve,scraped,video_data_duration,1,120.93834043837604,general-conference/2024/04/21bednar
2024,4,saturday-afternoon,2,Massimo De Feo,Massimo De Feo,Of the Seventy,Rise! He Calleth Thee,The gospel is not a way to avoid challenges and problems but a solution to increase our faith and learn how to deal with them.,https://www.churchofjesuschrist.org/study/general-conference/2024/04/22de-feo,1541.0,11:21,681.814,ok,,2024-04,4048,April,Of the Seventy,seventy,scraped,video_data_duration,2,135.60883173416798,general-conference/2024/04/22de-feo
2024,4,saturday-afternoon,3,Brent H. Nielson,Brent H. Nielson,Of the Presidency of the Seventy,A Record of What I Have Both Seen and Heard,There has never been a better time to be a member of The Church of Jesus Christ of Latter-day Saints.,https://www.churchofjesuschrist.org/study/general-conference/2024/04/23nielson,1757.0,11:49,709.141,ok,,2024-04,4048,April,Of the Presidency of the Seventy,seventy_presidency,scraped,video_data_duration,3,148.658729364118,general-conference/2024/04/23nielson
2024,4,saturday-afternoon,4,Jose L. Alonso,Jose L. Alonso,Of the Seventy,Jesus Christ at the Center of Our Lives,"The profound questions of the soul, those that surface in our darkest hours and highest trials, are addressed through the unwavering love of Jesus Christ.",https://www.churchofjesuschrist.org/study/general-conference/2024/04/24alonso,1378.0,11:37,697.0,ok,,2024-04,4048,April,Of the Seventy,seventy,scraped,video_data_duration,4,118.62266857962697,general-conference/2024/04/24alonso
2024,4,saturday-afternoon,5,Gerrit W. Gong,Gerrit W. Gong,Of the Quorum of the Twelve Apostles,All Things for Our Good,"In time and eternity, the purpose of Creation and the nature of God Himself are to bring all things together for our good.",https://www.churchofjesuschrist.org/study/general-conference/2024/04/25gong,1662.0,14:13,853.652,ok,,2024-04,4048,April,Of the Quorum of the Twelve Apostles,twelve,scraped,video_data_duration,5,116.81575161775524,general-conference/2024/04/25gong
2024,4,saturday-afternoon,6,Michael T. Nelson,Michael T. Nelson,Second Counselor in the Young Men General Presidency,In Support of the Rising Generation,It is relationships in the lives of the youth that have the greatest influence on their choices.,https://www.churchofjesuschrist.org/study/general-conference/2024/04/26nelson,1510.0,11:20,680.0,ok,,2024-04,4048,April,Second Counselor in the Young Men General Presidency,auxiliary_counselor,scraped,video_data_duration,6,133.23529411764704,general-conference/2024/04/26nelson
2024,4,saturday-afternoon,7,Quentin L. Cook,Quentin L. Cook,Of the Quorum of the Twelve Apostles,Be One with Christ,We are united by our love of and faith in Jesus Christ and His Atonement. The essence of truly belonging is to be one with Christ.,https://www.churchofjesuschrist.org/study/general-conference/2024/04/27cook,1853.0,15:05,905.504,ok,,2024-04,4048,April,Of the Quorum of the Twelve Apostles,twelve,scraped,video_data_duration,7,122.78245043644202,general-conference/2024/04/27cook
2024,4,saturday-evening,1,Shayne M. Bowen,Shayne M. Bowen,Of the Seventy,"Miracles, Angels, and Priesthood Power","If you desire the blessings of the priesthood, including miracles and the ministry of angels, walk the path of covenants God has made available.",https://www.churchofjesuschrist.org/study/general-conference/2024/04/31bowen,1830.0,11:43,703.502,ok,,2024-04,4048,April,Of the Seventy,seventy,scraped,video_data_duration,1,156.07631534807294,general-conference/2024/04/31bowen
2024,4,saturday-evening,2,Steven R. Bangerter,Steven R. Bangerter,Of the Seventy,Foreordained to Serve,"Our Heavenly Father desires to reveal to you your personal foreordination, and He will do so as you seek to learn and follow His will.",https://www.churchofjesuschrist.org/study/general-conference/2024/04/32bangerter,1573.0,11:29,689.689,ok,,2024-04,4048,April,Of the Seventy,seventy,scraped,video_data_duration,2,136.844287787684,general-conference/2024/04/32bangerter
2024,4,saturday-evening,3,Andrea Muñoz Spannaus,Andrea Muñoz Spannaus,Second Counselor in the Young Women General Presidency,Faithful to the End,"By His hand, you will be able to bring down every Goliath that appears in your life.",https://www.churchofjesuschrist.org/study/general-conference/2024/04/33spannaus,1445.0,11:25,685.384,ok,,2024-04,4048,April,Second Counselor in the Young Women General Presidency,auxiliary_counselor,scraped,video_data_duration,3,126.49843007715383,general-conference/2024/04/33spannaus
2024,4,saturday-evening,4,Matthew L. Carpenter,Matthew L. Carpenter,Of the Seventy,Fruit That Remains,Having the Holy Ghost seal our ordinances is essential if we want to have the promised blessings for all eternity.,https://www.churchofjesuschrist.org/study/general-conference/2024/04/34carpenter,1984.0,11:39,699.432,ok,,2024-04,4048,April,Of the Seventy,seventy,scraped,video_data_duration,4,170.1952441409601,general-conference/2024/04/34carpenter
2024,4,saturday-evening,5,Dieter F. Uchtdorf,Dieter F. Uchtdorf,Of the Quorum of the Twelve Apostles,A Higher Joy,May we all seek and find the higher joy that comes from devoting our lives to our Heavenly Father and His Beloved Son.,https://www.churchofjesuschrist.org/study/general-conference/2024/04/35uchtdorf,1812.0,15:37,937.136,ok,,2024-04,4048,April,Of the Quorum of the Twelve Apostles,twelve,scraped,video_data_duration,5,116.01304399788292,general-conference/2024/04/35uchtdorf
2024,4,saturday-morning,3,Jeffrey R. Holland,Jeffrey R. Holland,Acting President of the Quorum of the Twelve Apostles,Motions of a Hidden Fire,God hears every prayer we offer and responds to each of them according to the path He has outlined for our perfection.,https://www.churchofjesuschrist.org/study/general-conference/2024/04/13holland,1508.0,13:28,808.174,ok,,2024-04,4048,April,Acting President of the Quorum of the Twelve Apostles,twelve_president,scraped,video_data_duration,1,111.95608866407481,general-conference/2024/04/13holland
2024,4,saturday-morning,4,J. Anette Dennis,J. Anette Dennis,First Counselor in the Relief Society General Presidency,Put Ye On the Lord Jesus Christ,"Through honoring our covenants, we enable God to pour out the multitude of promised blessings associated with those covenants.",https://www.churchofjesuschrist.org/study/general-conference/2024/04/14dennis,1627.0,11:56,716.282,ok,,2024-04,4048,April,First Counselor in the Relief Society General Presidency,auxiliary_counselor,scraped,video_data_duration,2,136.28710479950635,general-conference/2024/04/14dennis
2024,4,saturday-morning,5,Alexander Dushku,Alexander Dushku,Of the Seventy,Pillars and Rays,We too can have our own pillar of light—one ray at a time.,https://www.churchofjesuschrist.org/study/general-conference/2024/04/15dushku,1570.0,11:17,677.343,ok,,2024-04,4048,April,Of the Seventy,seventy,scraped,video_data_duration,3,139.07281835052552,general-conference/2024/04/15dushku
2024,4,saturday-morning,6,Ulisses Soares,Ulisses Soares,Of the Quorum of the Twelve Apostles,Covenant Confidence through Jesus Christ,"When we enter the Lord’s house, we embark on a sacred journey of learning to become higher and holier disciples of Christ.",https://www.churchofjesuschrist.org/study/general-conference/2024/04/16soares,1759.0,14:28,868.534,ok,,2024-04,4048,April,Of the Quorum of the Twelve Apostles,twelve,scraped,video_data_duration,4,121.51510476273812,general-conference/2024/04/16soares
2024,4,saturday-morning,7,Jack N. Gerard,Jack N. Gerard,Of the Seventy,Integrity: A Christlike Attribute,"Living a life of integrity requires us to be true to God, to each other, and to our divine identity.",https://www.churchofjesuschrist.org/study/general-conference/2024/04/17gerard,1334.0,11:24,684.75,ok,,2024-04,4048,April,Of the Seventy,seventy,scraped,video_data_duration,5,116.88937568455641,general-conference/2024/04/17gerard
2024,4,saturday-morning,8,Henry B. Eyring,Henry B. Eyring,Second Counselor in the First Presidency,All Will Be Well Because of Temple Covenants,There is nothing more important than honoring the covenants you have made or may make in the temple.,https://www.churchofjesuschrist.org/study/general-conference/2024/04/18eyring,1653.0,16:32,992.558,ok,,2024-04,4048,April,Second Counselor in the First Presidency,first_presidency_counselor,scraped,video_data_duration,6,99.9236316668648,general-conference/2024/04/18eyring
2024,4,sunday-afternoon,1,D. Todd Christofferson,D. Todd Christofferson,Of the Quorum of the Twelve Apostles,The Testimony of Jesus,My invitation is to act now to secure your place as one who is valiant in the testimony of Jesus.,https://www.churchofjesuschrist.org/study/general-conference/2024/04/51christofferson,1971.0,14:21,861.227,ok,,2024-04,4048,April,Of the Quorum of the Twelve Apostles,twelve,scraped,video_data_duration,1,137.315713511072,general-conference/2024/04/51christofferson
2024,4,sunday-afternoon,2,Taylor G. Godoy,Taylor G. Godoy,Of the Seventy,"Call, Don’t Fall","If we call out to God, I testify we will not fall.",https://www.churchofjesuschrist.org/study/general-conference/2024/04/52godoy,1444.0,9:58,598.464,ok,,2024-04,4048,April,Of the Seventy,seventy,scraped,video_data_duration,2,144.7706127686878,general-conference/2024/04/52godoy
2024,4,sunday-afternoon,3,Gary E. Stevenson,Gary E. Stevenson,Of the Quorum of the Twelve Apostles,Bridging the Two Great Commandments,Our ability to follow Jesus Christ depends upon our strength and power to live the first and second commandments with balance and equal devotion.,https://www.churchofjesuschrist.org/study/general-conference/2024/04/53stevenson,1942.0,14:14,854.0,ok,,2024-04,4048,April,Of the Quorum of the Twelve Apostles,twelve,scraped,video_data_duration,3,136.44028103044496,general-conference/2024/04/53stevenson
2024,4,sunday-afternoon,4,Mathias Held,Mathias Held,Of the Seventy,Opposition in All Things,"To be able to exercise our agency, we need to have opposing options to consider.",https://www.churchofjesuschrist.org/study/general-conference/2024/04/54held,1611.0,11:08,668.868,ok,,2024-04,4048,April,Of the Seventy,seventy,scraped,video_data_duration,4,144.5128186727426,general-conference/2024/04/54held
2024,4,sunday-afternoon,5,Neil L. Andersen,Neil L. Andersen,Of the Quorum of the Twelve Apostles,"Temples, Houses of the Lord Dotting the Earth","As you come worthily and prayerfully to His holy house, you will be armed with His power.",https://www.churchofjesuschrist.org/study/general-conference/2024/04/55andersen,1739.0,13:55,835.568,ok,,2024-04,4048,April,Of the Quorum of the Twelve Apostles,twelve,scraped,video_data_duration,5,124.87314018727382,general-conference/2024/04/55andersen
2024,4,sunday-afternoon,6,Mark L. Pace,Mark L. Pace,Sunday School General President,It Is Wisdom in the Lord That We Should Have the Book of Mormon,It is my prayer that reading the Book of Mormon this year will be a joy and a blessing for each of us.,https://www.churchofjesuschrist.org/study/general-conference/2024/04/56pace,1757.0,11:12,672.905,ok,,2024-04,4048,April,Sunday School General President,auxiliary_president,scraped,video_data_duration,6,156.66401646592016,general-conference/2024/04/56pace
2024,4,sunday-afternoon,7,Russell M. Nelson,Russell M. Nelson,President of The Church of Jesus Christ of Latter-day Saints,Rejoice in the Gift of Priesthood Keys,Priesthood keys govern how the priesthood of God may be used to bring about the Lord’s purposes and bless all who accept the restored gospel.,https://www.churchofjesuschrist.org/study/general-conference/2024/04/57nelson,1757.0,19:03,1143.0,ok,,2024-04,4048,April,President of the Church,church_president,scraped,video_data_duration,7,92.23097112860891,general-conference/2024/04/57nelson
2024,4,sunday-morning,1,Ronald A. Rasband,Ronald A. Rasband,Of the Quorum of the Twelve Apostles,Words Matter,"Words set a tone. They voice our thoughts, feelings, and experiences, for good or bad.",https://www.churchofjesuschrist.org/study/general-conference/2024/04/41rasband,1697.0,13:58,838.0,ok,,2024-04,4048,April,Of the Quorum of the Twelve Apostles,twelve,scraped,video_data_duration,1,121.5035799522673,general-conference/2024/04/41rasband
2024,4,sunday-morning,2,Susan H. Porter,Susan H. Porter,Primary General President,"Pray, He Is There","I invite you to pray to know Heavenly Father is there, pray to grow to become like Him, and pray to show His love to others.",https://www.churchofjesuschrist.org/study/general-conference/2024/04/42porter,1244.0,11:23,683.0,ok,,2024-04,4048,April,Primary General President,auxiliary_president,scraped,video_data_duration,2,109.28257686676427,general-conference/2024/04/42porter
2024,4,sunday-morning,3,Dale G. Renlund,Dale G. Renlund,Of the Quorum of the Twelve Apostles,"The Powerful, Virtuous Cycle of the Doctrine of Christ","I invite you to live the doctrine of Christ repeatedly, iteratively, and intentionally and help others on their way.",https://www.churchofjesuschrist.org/study/general-conference/2024/04/43renlund,1772.0,14:07,847.847,ok,,2024-04,4048,April,Of the Quorum of the Twelve Apostles,twelve,scraped,video_data_duration,3,125.39998372347841,general-conference/2024/04/43renlund
2024,4,sunday-morning,4,Paul B. Pieper,Paul B. Pieper,Of the Seventy,Trust in the Lord,Our relationship with God will grow only to the degree we are willing to place our trust in Him.,https://www.churchofjesuschrist.org/study/general-conference/2024/04/44pieper,1545.0,12:32,752.0,ok,,2024-04,4048,April,Of the Seventy,seventy,scraped,video_data_duration,4,123.27127659574468,general-conference/2024/04/44pieper
2024,4,sunday-morning,5,Patrick Kearon,Patrick Kearon,Of the Quorum of the Twelve Apostles,God’s Intent Is to Bring You Home,Everything about the Father’s plan for His beloved children is designed to bring everyone home.,https://www.churchofjesuschrist.org/study/general-conference/2024/04/45kearon,1440.0,11:34,694.827,ok,,2024-04,4048,April,Of the Quorum of the Twelve Apostles,twelve,scraped,video_data_duration,5,124.34749944950325,general-conference/2024/04/45kearon
2024,4,sunday-morning,6,Brian K. Taylor,Brian K. Taylor,Of the Seventy,Swallowed Up in the Joy of Christ,I testify that our Heavenly Father hears your tearful pleadings and will always respond in perfect wisdom.,https://www.churchofjesuschrist.org/study/general-conference/2024/04/46taylor,1471.0,11:35,695.0,ok,,2024-04,4048,April,Of the Seventy,seventy,scraped,video_data_duration,6,126.99280575539568,general-conference/2024/04/46taylor
2024,4,sunday-morning,7,Dallin H. Oaks,Dallin H. Oaks,First Counselor in the First Presidency,Covenants and Responsibilities,The Church of Jesus Christ is known as a church that emphasizes making covenants with God.,https://www.churchofjesuschrist.org/study/general-conference/2024/04/47oaks,1628.0,15:10,910.0,ok,,2024-04,4048,April,First Counselor in the First Presidency,first_presidency_counselor,scraped,video_data_duration,7,107.34065934065934,general-conference/2024/04/47oaks
2024,10,saturday-afternoon,1,D. Todd Christofferson,D. Todd Christofferson,Of the Quorum of the Twelve Apostles,Burying Our Weapons of Rebellion,"May we bury—very, very deep—any element of rebellion against God in our lives and replace it with a willing heart and a willing mind.",https://www.churchofjesuschrist.org/study/general-conference/2024/10/21christofferson,1801.0,13:11,791.566,ok,,2024-10,4049,October,Of the Quorum of the Twelve Apostles,twelve,scraped,video_data_duration,1,136.51420096365936,general-conference/2024/10/21christofferson
2024,10,saturday-afternoon,2,José A. Teixeira,José A. Teixeira,Of the Presidency of the Seventy,Bonded to Jesus Christ: Becoming the Salt of the Earth,"As we remain bonded to the Lord, our lives will naturally reflect His light, and we will become the salt of the earth.",https://www.churchofjesuschrist.org/study/general-conference/2024/10/22teixeira,1677.0,10:49,649.466,ok,,2024-10,4049,October,Of the Presidency of the Seventy,seventy_presidency,scraped,video_data_duration,2,154.9272787182085,general-conference/2024/10/22teixeira
2024,10,saturday-afternoon,3,Juan Pablo Villar,Juan Pablo Villar,Of the Seventy,His Hand Ready to Help Us,"As we reach out to Jesus Christ in faith, He will always be there.",https://www.churchofjesuschrist.org/study/general-conference/2024/10/23villar,1271.0,10:13,613.433,ok,,2024-10,4049,October,Of the Seventy,seventy,scraped,video_data_duration,3,124.31675504904366,general-conference/2024/10/23villar
2024,10,saturday-afternoon,4,Patrick Kearon,Patrick Kearon,Of the Quorum of the Twelve Apostles,Welcome to the Church of Joy,"Because of the redeeming life and mission of our Saviour, Jesus Christ, we can—and should—be the most joyful people on earth!",https://www.churchofjesuschrist.org/study/general-conference/2024/10/24kearon,1732.0,13:01,781.766,ok,,2024-10,4049,October,Of the Quorum of the Twelve Apostles,twelve,scraped,video_data_duration,4,132.92980252402893,general-conference/2024/10/24kearon
2024,10,saturday-afternoon,5,David L. Buckner,David L. Buckner,Of the Seventy,“Ye Are My Friends”,The Savior’s declaration “ye are my friends” is a clarion call to build higher and holier relationships among all of God’s children.,https://www.churchofjesuschrist.org/study/general-conference/2024/10/25buckner,1468.0,10:48,648.933,ok,,2024-10,4049,October,Of the Seventy,seventy,scraped,video_data_duration,5,135.73049914243845,general-conference/2024/10/25buckner
2024,10,saturday-afternoon,6,D. Martin Goury,D. Martin Goury,Of the Seventy,Be Thou Clean,Daily repentance allows us to discern the guidance of the Lord through the Holy Ghost.,https://www.churchofjesuschrist.org/study/general-conference/2024/10/26goury,1232.0,9:43,583.333,ok,,2024-10,4049,October,Of the Seventy,seventy,scraped,video_data_duration,6,126.72007241146996,general-conference/2024/10/26goury
2024,10,saturday-afternoon,7,Aroldo B. Cavalcante,Aroldo B. Cavalcante,Of the Seventy,The Wind Did Never Cease to Blow,We can help others progress in their journey to receive God’s blessings.,https://www.churchofjesuschrist.org/study/general-conference/2024/10/27cavalcante,1284.0,9:45,585.833,ok,,2024-10,4049,October,Of the Seventy,seventy,scraped,video_data_duration,7,131.50505348793942,general-conference/2024/10/27cavalcante
2024,10,saturday-afternoon,8,Ulisses Soares,Ulisses Soares,Of the Quorum of the Twelve Apostles,Aligning Our Will with His,Following the Lord’s will in our life will enable us to find the most precious pearl in the world—the kingdom of heaven.,https://www.churchofjesuschrist.org/study/general-conference/2024/10/28soares,1837.0,15:20,920.033,ok,,2024-10,4049,October,Of the Quorum of the Twelve Apostles,twelve,scraped,video_data_duration,8,119.8000506503571,general-conference/2024/10/28soares
2024,10,saturday-evening,1,Gerrit W. Gong,Gerrit W. Gong,Of the Quorum of the Twelve Apostles,Holiness to the Lord in Everyday Life,Holiness to the Lord makes daily living sacred. It draws us closer and happier to the Lord and each other.,https://www.churchofjesuschrist.org/study/general-conference/2024/10/31gong,1793.0,14:17,857.2,ok,,2024-10,4049,October,Of the Quorum of the Twelve Apostles,twelve,scraped,video_data_duration,1,125.5016332244517,general-conference/2024/10/31gong
2024,10,saturday-evening,2,Kristin M. Yee,Kristin M. Yee,Second Counselor in the Relief Society General Presidency,The Joy of Our Redemption,"Jesus Christ’s love and power can save each of us from our mistakes, weaknesses, and sins and help us to become something more.",https://www.churchofjesuschrist.org/study/general-conference/2024/10/32yee,1757.0,12:09,729.433,ok,,2024-10,4049,October,Second Counselor in the Relief Society General Presidency,auxiliary_counselor,scraped,video_data_duration,2,144.52321186455782,general-conference/2024/10/32yee
2024,10,saturday-evening,3,Kyle S. McKay,Kyle S. McKay,Of the Seventy,The Man Who Communed with Jehovah,"Joseph Smith was “blessed to open the last dispensation,” and we are blessed that he did.",https://www.churchofjesuschrist.org/study/general-conference/2024/10/33mckay,1352.0,11:08,668.066,ok,,2024-10,4049,October,Of the Seventy,seventy,scraped,video_data_duration,3,121.42512865495324,general-conference/2024/10/33mckay
2024,10,saturday-evening,4,Jorge M. Alvarado,Jorge M. Alvarado,Of the Seventy,Embrace the Lord’s Gift of Repentance,Let us not wait for things to get hard before turning to God. Let us not wait until the end of our mortal lives to truly repent.,https://www.churchofjesuschrist.org/study/general-conference/2024/10/34alvarado,1660.0,11:34,694.6,ok,,2024-10,4049,October,Of the Seventy,seventy,scraped,video_data_duration,4,143.39188021883098,general-conference/2024/10/34alvarado
2024,10,saturday-evening,5,David A. Bednar,David A. Bednar,Of the Quorum of the Twelve Apostles,In the Space of Not Many Years,"If we are not faithful and obedient, we can transform the God-given blessing of prosperity into a prideful curse that diverts and distracts us.",https://www.churchofjesuschrist.org/study/general-conference/2024/10/35bednar,1905.0,16:16,976.4,ok,,2024-10,4049,October,Of the Quorum of the Twelve Apostles,twelve,scraped,video_data_duration,5,117.06267922982384,general-conference/2024/10/35bednar
2024,10,saturday-morning,2,Neil L. Andersen,Neil L. Andersen,Of the Quorum of the Twelve Apostles,The Triumph of Hope,"Hope is a living gift, a gift that grows as we increase our faith in Jesus Christ.",https://www.churchofjesuschrist.org/study/general-conference/2024/10/12andersen,1674.0,13:31,811.8,ok,,2024-10,4049,October,Of the Quorum of the Twelve Apostles,twelve,scraped,video_data_duration,1,123.72505543237251,general-conference/2024/10/12andersen
2024,10,saturday-morning,3,Emily Belle Freeman,Emily Belle Freeman,Young Women General President,Live Up to Your Privileges,Learn how priesthood ordinances and covenant promises will allow God’s power to flow into your life.,https://www.churchofjesuschrist.org/study/general-conference/2024/10/13freeman,1558.0,11:45,705.566,ok,,2024-10,4049,October,Young Women General President,auxiliary_president,scraped,video_data_duration,2,132.48937732260342,general-conference/2024/10/13freeman
2024,10,saturday-morning,4,Karl D. Hirst,Karl D. Hirst,Of the Seventy,God’s Favourite,Being filled with God’s love shields us in life’s storms but also makes the happy moments happier.,https://www.churchofjesuschrist.org/study/general-conference/2024/10/14hirst,1601.0,10:31,631.4,ok,,2024-10,4049,October,Of the Seventy,seventy,scraped,video_data_duration,3,152.13810579664238,general-conference/2024/10/14hirst
2024,10,saturday-morning,5,Dale G. Renlund,Dale G. Renlund,Of the Quorum of the Twelve Apostles,“This Is My Gospel”—“This Is My Church”,"This is the Savior’s gospel, and this is His Church (see 3 Nephi 27:21 ; Mosiah 26:22 ; 27:13 ). The combination of the two is powerful and transformative.",https://www.churchofjesuschrist.org/study/general-conference/2024/10/15renlund,1651.0,13:49,829.0,ok,,2024-10,4049,October,Of the Quorum of the Twelve Apostles,twelve,scraped,video_data_duration,4,119.49336550060313,general-conference/2024/10/15renlund
2024,10,saturday-morning,6,David P. Homer,David P. Homer,Of the Seventy,Trusting Our Father,"God trusts us to make many important decisions, and in all matters He asks us to trust Him.",https://www.churchofjesuschrist.org/study/general-conference/2024/10/16homer,1449.0,10:20,620.0,ok,,2024-10,4049,October,Of the Seventy,seventy,scraped,video_data_duration,5,140.2258064516129,general-conference/2024/10/16homer
2024,10,saturday-morning,7,Gregorio E. Casillas,Gregorio E. Casillas,Of the Seventy,God Loves All His Children,"Jesus Christ is always calling upon us, and He uses us, His ordinary servants, to help bring His children to Him.",https://www.churchofjesuschrist.org/study/general-conference/2024/10/17casillas,1268.0,9:36,576.533,ok,,2024-10,4049,October,Of the Seventy,seventy,scraped,video_data_duration,6,131.9612233818359,general-conference/2024/10/17casillas
2024,10,saturday-morning,8,Dallin H. Oaks,Dallin H. Oaks,First Counselor in the First Presidency,Following Christ,"As followers of Christ, we teach and testify of Jesus Christ, our Perfect Role Model. So let us follow Him by forgoing contention.",https://www.churchofjesuschrist.org/study/general-conference/2024/10/18oaks,1478.0,13:30,810.976,ok,,2024-10,4049,October,First Counselor in the First Presidency,first_presidency_counselor,scraped,video_data_duration,7,109.34972181667521,general-conference/2024/10/18oaks
2024,10,sunday-afternoon,1,Dieter F. Uchtdorf,Dieter F. Uchtdorf,Of the Quorum of the Twelve Apostles,"Nourish the Roots, and the Branches Will Grow",The branches of your testimony will draw strength from your deepening faith in Heavenly Father and His Beloved Son.,https://www.churchofjesuschrist.org/study/general-conference/2024/10/51uchtdorf,1808.0,14:31,871.533,ok,,2024-10,4049,October,Of the Quorum of the Twelve Apostles,twelve,scraped,video_data_duration,1,124.4703298670274,general-conference/2024/10/51uchtdorf
2024,10,sunday-afternoon,2,Takashi Wada,Takashi Wada,Of the Seventy,The Words of Christ and the Holy Ghost Will Lead Us to the Truth,Knowing this incredible plan will help us know we are children of God and we can become like Him.,https://www.churchofjesuschrist.org/study/general-conference/2024/10/52wada,1577.0,10:06,606.566,ok,,2024-10,4049,October,Of the Seventy,seventy,scraped,video_data_duration,2,155.99291750609166,general-conference/2024/10/52wada
2024,10,sunday-afternoon,3,Ronald A. Rasband,Ronald A. Rasband,Of the Quorum of the Twelve Apostles,“Behold I Am the Light Which Ye Shall Hold Up”,We hold up the Lord’s light when we hold fast to our covenants and when we support our living prophet.,https://www.churchofjesuschrist.org/study/general-conference/2024/10/53rasband,1739.0,13:29,809.033,ok,,2024-10,4049,October,Of the Quorum of the Twelve Apostles,twelve,scraped,video_data_duration,3,128.96878124872532,general-conference/2024/10/53rasband
2024,10,sunday-afternoon,4,Quentin L. Cook,Quentin L. Cook,Of the Quorum of the Twelve Apostles,Sacred Scriptures—the Foundations of Faith,We cannot underestimate the significance of sacred scriptures both in conversions and in remaining faithful in the gospel.,https://www.churchofjesuschrist.org/study/general-conference/2024/10/54cook,1846.0,14:07,847.266,ok,,2024-10,4049,October,Of the Quorum of the Twelve Apostles,twelve,scraped,video_data_duration,4,130.72635984448803,general-conference/2024/10/54cook
2024,10,sunday-afternoon,5,Rubén V. Alliaud,Rubén V. Alliaud,Of the Seventy,Sons and Daughters of God,"We truly believe that we are all literally the children of God, and because of that, we have the potential to become like Him.",https://www.churchofjesuschrist.org/study/general-conference/2024/10/55alliaud,1540.0,9:57,597.833,ok,,2024-10,4049,October,Of the Seventy,seventy,scraped,video_data_duration,5,154.5582127450308,general-conference/2024/10/55alliaud
2024,10,sunday-afternoon,6,I. Raymond Egbo,I. Raymond Egbo,Of the Seventy,Focus on Jesus Christ and His Gospel,"When we ignore the distractions of the world and focus on Christ and His gospel, we are guaranteed success.",https://www.churchofjesuschrist.org/study/general-conference/2024/10/56egbo,1283.0,10:50,650.3,ok,,2024-10,4049,October,Of the Seventy,seventy,scraped,video_data_duration,6,118.37613409195757,general-conference/2024/10/56egbo
2024,10,sunday-afternoon,7,Russell M. Nelson,Russell M. Nelson,President of The Church of Jesus Christ of Latter-day Saints,The Lord Jesus Christ Will Come Again,"Now is the time for you and for me to prepare for the Second Coming of our Lord and Savior, Jesus the Christ.",https://www.churchofjesuschrist.org/study/general-conference/2024/10/57nelson,1369.0,14:49,889.722,ok,,2024-10,4049,October,President of the Church,church_president,scraped,video_data_duration,7,92.32097216883476,general-conference/2024/10/57nelson
2024,10,sunday-morning,1,Jeffrey R. Holland,Jeffrey R. Holland,Acting President of the Quorum of the Twelve Apostles,“I Am He”,Christ’s charity—evident in complete loyalty to divine will—persisted and continues to persist.,https://www.churchofjesuschrist.org/study/general-conference/2024/10/41holland,1408.0,15:23,923.433,ok,,2024-10,4049,October,Acting President of the Quorum of the Twelve Apostles,twelve_president,scraped,video_data_duration,1,91.484709773205,general-conference/2024/10/41holland
2024,10,sunday-morning,2,Tracy Y. Browning,Tracy Y. Browning,Second Counselor in the Primary General Presidency,Seeking Answers to Spiritual Questions,Our sincere gospel questions can provide Heavenly Father and Jesus Christ with opportunities to help us grow.,https://www.churchofjesuschrist.org/study/general-conference/2024/10/42browning,1863.0,12:27,747.233,ok,,2024-10,4049,October,Second Counselor in the Primary General Presidency,auxiliary_counselor,scraped,video_data_duration,2,149.5918943622672,general-conference/2024/10/42browning
2024,10,sunday-morning,3,Brook P. Hales,Brook P. Hales,Of the Seventy,Mortality Works!,"Despite the challenges we all face, our loving Heavenly Father has designed the plan of happiness such that we are not destined to fail.",https://www.churchofjesuschrist.org/study/general-conference/2024/10/43hales,1686.0,10:59,659.291,ok,,2024-10,4049,October,Of the Seventy,seventy,scraped,video_data_duration,3,153.4375564052899,general-conference/2024/10/43hales
2024,10,sunday-morning,4,L. Todd Budge,L. Todd Budge,Second Counselor in the Presiding Bishopric,Seek Him with All Your Heart,"If Jesus Christ sought quiet time to commune with God and to be strengthened by Him, it would be wise for us to do the same.",https://www.churchofjesuschrist.org/study/general-conference/2024/10/45budge,1756.0,12:03,723.566,ok,,2024-10,4049,October,Second Counselor in the Presiding Bishopric,presiding_bishopric,scraped,video_data_duration,4,145.61214871898346,general-conference/2024/10/45budge
2024,10,sunday-morning,5,Gary E. Stevenson,Gary E. Stevenson,Of the Quorum of the Twelve Apostles,Days Never to Be Forgotten,Upcoming moments will provide members of the Church everywhere with increased opportunities to share the glad tidings of the gospel of Jesus Christ.,https://www.churchofjesuschrist.org/study/general-conference/2024/10/44stevenson,1936.0,14:19,859.033,ok,,2024-10,4049,October,Of the Quorum of the Twelve Apostles,twelve,scraped,video_data_duration,5,135.22181336456225,general-conference/2024/10/44stevenson
2024,10,sunday-morning,6,Bradley R. Wilcox,Bradley R. Wilcox,First Counselor in the Young Men General Presidency,O Youth of the Noble Birthright,"God trusts you, the children of the covenant, to help with His work of bringing all His children safely home to Him.",https://www.churchofjesuschrist.org/study/general-conference/2024/10/46wilcox,1438.0,12:32,752.9,ok,,2024-10,4049,October,First Counselor in the Young Men General Presidency,auxiliary_counselor,scraped,video_data_duration,6,114.5968920175322,general-conference/2024/10/46wilcox
2024,10,sunday-morning,7,Henry B. Eyring,Henry B. Eyring,Second Counselor in the First Presidency,Simple Is the Doctrine of Jesus Christ,I bear witness of the sacred work of teaching Heavenly Father’s children the simple doctrine of Jesus Christ.,https://www.churchofjesuschrist.org/study/general-conference/2024/10/47eyring,1714.0,16:06,966.466,ok,,2024-10,4049,October,Second Counselor in the First Presidency,first_presidency_counselor,scraped,video_data_duration,7,106.40829579105731,general-conference/2024/10/47eyring
2025,4,saturday-afternoon,1,Neil L. Andersen,Neil L. Andersen,Of the Quorum of the Twelve Apostles,Cherishing Life,"Life is a most precious part of our Father’s perfect plan, and by His decree we cherish and preserve life.",https://www.churchofjesuschrist.org/study/general-conference/2025/04/21andersen,1799.0,14:09,849.666,ok,,2025-04,4050,April,Of the Quorum of the Twelve Apostles,twelve,scraped,video_data_duration,1,127.03815381573465,general-conference/2025/04/21andersen
2025,4,saturday-afternoon,2,Steven J. Lund,Steven J. Lund,Young Men General President,"Divine Authority, Sublime Young Men","I am forever grateful that holders of the Aaronic Priesthood, with its powers, ordinances, and duties, do bless all of us.",https://www.churchofjesuschrist.org/study/general-conference/2025/04/22lund,1649.0,11:44,704.3,ok,,2025-04,4050,April,Young Men General President,auxiliary_president,scraped,video_data_duration,2,140.47990912963226,general-conference/2025/04/22lund
2025,4,saturday-afternoon,3,S. Mark Palmer,S. Mark Palmer,Of the Presidency of the Seventy,“Return unto Me … That I May Heal You”,There is rejoicing in heaven over those who return. It is not too late for you to come back.,https://www.churchofjesuschrist.org/study/general-conference/2025/04/23palmer,1687.0,11:02,662.566,ok,,2025-04,4050,April,Of the Presidency of the Seventy,seventy_presidency,scraped,video_data_duration,3,152.76968634068152,general-conference/2025/04/23palmer
2025,4,saturday-afternoon,4,Sandino Roman,Sandino Roman,Of the Seventy,Faith: A Bond of Trust and Loyalty,Faith sprouts as we trust in Jesus Christ and blooms as we are faithful and loyal to Him.,https://www.churchofjesuschrist.org/study/general-conference/2025/04/24roman,1371.0,11:16,676.7,ok,,2025-04,4050,April,Of the Seventy,seventy,scraped,video_data_duration,4,121.56051426038125,general-conference/2025/04/24roman
2025,4,saturday-afternoon,5,Dale G. Renlund,Dale G. Renlund,Of the Quorum of the Twelve Apostles,Personal Preparation to Meet the Savior,"Follow the Savior’s teachings. His instructions are neither mysterious nor complex. When we follow them, we do not need to fear or be anxious.",https://www.churchofjesuschrist.org/study/general-conference/2025/04/25renlund,1689.0,14:09,849.8,ok,,2025-04,4050,April,Of the Quorum of the Twelve Apostles,twelve,scraped,video_data_duration,5,119.2515886090845,general-conference/2025/04/25renlund
2025,4,saturday-afternoon,6,Hans T. Boom,Hans T. Boom,Of the Seventy,True to the Faith That Our Parents Have Cherished,Please learn and receive strength from the faith and testimonies of those who came before you.,https://www.churchofjesuschrist.org/study/general-conference/2025/04/26boom,1587.0,11:00,660.4,ok,,2025-04,4050,April,Of the Seventy,seventy,scraped,video_data_duration,6,144.18534221683828,general-conference/2025/04/26boom
2025,4,saturday-afternoon,7,Dieter F. Uchtdorf,Dieter F. Uchtdorf,Of the Quorum of the Twelve Apostles,“By This All Will Know That You Are My Disciples”,Our love for God and His children is a powerful testimony to the world that this is truly the Savior’s Church.,https://www.churchofjesuschrist.org/study/general-conference/2025/04/27uchtdorf,1763.0,15:04,904.566,ok,,2025-04,4050,April,Of the Quorum of the Twelve Apostles,twelve,scraped,video_data_duration,7,116.94005744191136,general-conference/2025/04/27uchtdorf
2025,4,saturday-evening,1,Gary E. Stevenson,Gary E. Stevenson,Of the Quorum of the Twelve Apostles,And We Talk of Christ,"We are followers of Jesus Christ, and we seek to both receive and share His light.",https://www.churchofjesuschrist.org/study/general-conference/2025/04/31stevenson,2027.0,14:26,866.9,ok,,2025-04,4050,April,Of the Quorum of the Twelve Apostles,twelve,scraped,video_data_duration,1,140.2929980389895,general-conference/2025/04/31stevenson
2025,4,saturday-evening,2,Amy A. Wright,Amy A. Wright,First Counselor in the Primary General Presidency,Thou Art the Christ,"We want our children to believe in Jesus Christ, belong to Jesus Christ and His Church through covenant, and strive to become like Jesus Christ.",https://www.churchofjesuschrist.org/study/general-conference/2025/04/32wright,1282.0,11:11,671.933,ok,,2025-04,4050,April,First Counselor in the Primary General Presidency,auxiliary_counselor,scraped,video_data_duration,2,114.47569921405855,general-conference/2025/04/32wright
2025,4,saturday-evening,3,James R. Rasband,James R. Rasband,Of the Seventy,The Plan of Mercy,The Lord is merciful and our Heavenly Father’s plan of salvation is truly a plan of mercy.,https://www.churchofjesuschrist.org/study/general-conference/2025/04/33rasband,1655.0,11:05,665.8,ok,,2025-04,4050,April,Of the Seventy,seventy,scraped,video_data_duration,3,149.14388705316912,general-conference/2025/04/33rasband
2025,4,saturday-evening,4,Sergio R. Vargas,Sergio R. Vargas,Of the Seventy,Our Heavenly Guidance System,"As we focus our lives on Jesus Christ, we will find our way home, enduring to the end and rejoicing to the end.",https://www.churchofjesuschrist.org/study/general-conference/2025/04/34vargas,1375.0,10:48,648.233,ok,,2025-04,4050,April,Of the Seventy,seventy,scraped,video_data_duration,4,127.26905294855399,general-conference/2025/04/34vargas
2025,4,saturday-evening,5,D. Todd Christofferson,D. Todd Christofferson,Of the Quorum of the Twelve Apostles,Worship,What does worshipping God mean for you and me?,https://www.churchofjesuschrist.org/study/general-conference/2025/04/35christofferson,1925.0,14:14,854.1,ok,,2025-04,4050,April,Of the Quorum of the Twelve Apostles,twelve,scraped,video_data_duration,5,135.23006673691603,general-conference/2025/04/35christofferson
2025,4,saturday-morning,3,Jeffrey R. Holland,Jeffrey R. Holland,Acting President of the Quorum of the Twelve Apostles,As a Little Child,I testify that babies and children and youth are images of the kingdom of God flourishing on earth in all of its strength and beauty.,https://www.churchofjesuschrist.org/study/general-conference/2025/04/13holland,1344.0,15:09,909.7,ok,,2025-04,4050,April,Acting President of the Quorum of the Twelve Apostles,twelve_president,scraped,video_data_duration,1,88.64460811256458,general-conference/2025/04/13holland
2025,4,saturday-morning,4,Camille N. Johnson,Camille N. Johnson,Relief Society General President,Spiritually Whole in Him,Wholeness does not necessarily mean physical and emotional restoration in this life. Wholeness is born of faith in and conversion to Jesus Christ.,https://www.churchofjesuschrist.org/study/general-conference/2025/04/14johnson,1595.0,11:28,688.933,ok,,2025-04,4050,April,Relief Society General President,auxiliary_president,scraped,video_data_duration,2,138.91046008828144,general-conference/2025/04/14johnson
2025,4,saturday-morning,5,Ronald A. Rasband,Ronald A. Rasband,Of the Quorum of the Twelve Apostles,Right Before Our Eyes,"The Church of Jesus Christ of Latter-day Saints is growing in members and families, missions and missionaries, meetinghouses and temples.",https://www.churchofjesuschrist.org/study/general-conference/2025/04/15rasband,1680.0,14:00,840.566,ok,,2025-04,4050,April,Of the Quorum of the Twelve Apostles,twelve,scraped,video_data_duration,3,119.9191973027698,general-conference/2025/04/15rasband
2025,4,saturday-morning,6,Quentin L. Cook,Quentin L. Cook,Of the Quorum of the Twelve Apostles,The Atonement of Jesus Christ Provides the Ultimate Rescue,"As we turn to Jesus Christ, the Savior of the world, He rescues us from the storms of life through His Atonement.",https://www.churchofjesuschrist.org/study/general-conference/2025/04/16cook,1810.0,14:15,855.7,ok,,2025-04,4050,April,Of the Quorum of the Twelve Apostles,twelve,scraped,video_data_duration,4,126.913637957228,general-conference/2025/04/16cook
2025,4,saturday-morning,7,Ricardo P. Giménez,Ricardo P. Giménez,Of the Seventy,My Love for the Savior Is My “Why”,I love our Savior. This is the real and most powerful reason why I do what I do.,https://www.churchofjesuschrist.org/study/general-conference/2025/04/17gimenez,1544.0,10:29,629.866,ok,,2025-04,4050,April,Of the Seventy,seventy,scraped,video_data_duration,5,147.07890249672153,general-conference/2025/04/17gimenez
2025,4,saturday-morning,8,Henry B. Eyring,Henry B. Eyring,Second Counselor in the First Presidency,“Draw Near unto Me”,Jesus Christ loves each of us. He offers us the opportunity to draw closer to Him.,https://www.churchofjesuschrist.org/study/general-conference/2025/04/18eyring,1618.0,17:04,1024.833,ok,,2025-04,4050,April,Second Counselor in the First Presidency,first_presidency_counselor,scraped,video_data_duration,6,94.72762879415474,general-conference/2025/04/18eyring
2025,4,sunday-afternoon,1,Ulisses Soares,Ulisses Soares,Of the Quorum of the Twelve Apostles,Reverence for Sacred Things,"Reverence for the sacred fosters genuine gratitude, expands true happiness, leads our minds to revelation, and brings greater joy to our lives.",https://www.churchofjesuschrist.org/study/general-conference/2025/04/51soares,1776.0,14:49,889.033,ok,,2025-04,4050,April,Of the Quorum of the Twelve Apostles,twelve,scraped,video_data_duration,1,119.86056760547696,general-conference/2025/04/51soares
2025,4,sunday-afternoon,2,Michael B. Strong,Michael B. Strong,Of the Seventy,Charity—a Sign of True Discipleship,The real destination of discipleship is literally to become as Jesus Christ is.,https://www.churchofjesuschrist.org/study/general-conference/2025/04/52strong,1601.0,11:29,689.233,ok,,2025-04,4050,April,Of the Seventy,seventy,scraped,video_data_duration,2,139.37231676370692,general-conference/2025/04/52strong
2025,4,sunday-afternoon,3,Scott D. Whiting,Scott D. Whiting,Of the Seventy,Beware the Second Temptation,"Don’t hide from those who will love and support you; rather, run to them.",https://www.churchofjesuschrist.org/study/general-conference/2025/04/53whiting,1646.0,11:35,695.933,ok,,2025-04,4050,April,Of the Seventy,seventy,scraped,video_data_duration,3,141.91021262104255,general-conference/2025/04/53whiting
2025,4,sunday-afternoon,4,Christopher H. Kim,Christopher H. Kim,Of the Seventy,Harden Not Your Heart,"If we sincerely repent, humble ourselves, and trust and rely on the Lord, our hearts will be softened.",https://www.churchofjesuschrist.org/study/general-conference/2025/04/54kim,1439.0,11:05,665.866,ok,,2025-04,4050,April,Of the Seventy,seventy,scraped,video_data_duration,4,129.6657285399765,general-conference/2025/04/54kim
2025,4,sunday-afternoon,5,Patrick Kearon,Patrick Kearon,Of the Quorum of the Twelve Apostles,Receive His Gift,"You are a beloved daughter of God, you are a cherished son of God, and He has gifted you His perfect, holy Son.",https://www.churchofjesuschrist.org/study/general-conference/2025/04/55kearon,1954.0,14:04,844.91,ok,,2025-04,4050,April,Of the Quorum of the Twelve Apostles,twelve,scraped,video_data_duration,5,138.7603413381307,general-conference/2025/04/55kearon
2025,4,sunday-afternoon,6,Benjamin M. Z. Tai,Benjamin M. Z. Tai,Of the Seventy,The Love of God,"I joyfully witness that the Savior Jesus Christ is the love of God. His love for us is perfect, personal, and perpetual.",https://www.churchofjesuschrist.org/study/general-conference/2025/04/56tai,1733.0,10:34,634.433,ok,,2025-04,4050,April,Of the Seventy,seventy,scraped,video_data_duration,6,163.89437497734198,general-conference/2025/04/56tai
2025,4,sunday-afternoon,7,Russell M. Nelson,Russell M. Nelson,President of The Church of Jesus Christ of Latter-day Saints,Confidence in the Presence of God,"As we diligently seek to have charity and virtue fill our lives, our confidence in approaching God will increase.",https://www.churchofjesuschrist.org/study/general-conference/2025/04/57nelson,1056.0,11:59,719.0,ok,,2025-04,4050,April,President of the Church,church_president,scraped,video_data_duration,7,88.12239221140473,general-conference/2025/04/57nelson
2025,4,sunday-morning,1,David A. Bednar,David A. Bednar,Of the Quorum of the Twelve Apostles,The Times of Restitution of All Things,The most important and glorious “good news” is the message that the Lord Jesus Christ has restored His gospel and Church in the latter days.,https://www.churchofjesuschrist.org/study/general-conference/2025/04/41bednar,1879.0,15:21,921.1,ok,,2025-04,4050,April,Of the Quorum of the Twelve Apostles,twelve,scraped,video_data_duration,1,122.39713386168711,general-conference/2025/04/41bednar
2025,4,sunday-morning,2,Steven D. Shumway,Steven D. Shumway,Of the Seventy,Participate to Prepare for Christ’s Return,Callings and other ways we embark in God’s work uniquely prepare us to meet the Savior.,https://www.churchofjesuschrist.org/study/general-conference/2025/04/42shumway,1620.0,11:23,683.833,ok,,2025-04,4050,April,Of the Seventy,seventy,scraped,video_data_duration,2,142.13996692174842,general-conference/2025/04/42shumway
2025,4,sunday-morning,3,Tamara W. Runia,Tamara W. Runia,First Counselor in the Young Women General Presidency,Your Repentance Doesn’t Burden Jesus Christ; It Brightens His Joy,The invitation to repent is an expression of God’s love. Saying yes to that invitation is an expression of ours.,https://www.churchofjesuschrist.org/study/general-conference/2025/04/43runia,2018.0,11:44,704.4,ok,,2025-04,4050,April,First Counselor in the Young Women General Presidency,auxiliary_counselor,scraped,video_data_duration,3,171.8909710391823,general-conference/2025/04/43runia
2025,4,sunday-morning,4,Gérald Caussé,Gérald Caussé,Presiding Bishop,Compensating Blessings,"While many circumstances in life may be beyond our control, none of us is beyond the reach of the Lord’s infinite blessings.",https://www.churchofjesuschrist.org/study/general-conference/2025/04/44causse,1565.0,11:18,678.733,ok,,2025-04,4050,April,Presiding Bishop,presiding_bishopric,scraped,video_data_duration,4,138.34600645614697,general-conference/2025/04/44causse
2025,4,sunday-morning,5,Gerrit W. Gong,Gerrit W. Gong,Of the Quorum of the Twelve Apostles,"Eternity’s Great Gifts: Jesus Christ’s Atonement, Resurrection, Restoration","We find in Easter in Jesus Christ peace, becoming, and belonging—that which is enduringly real and joyful, happy and forever.",https://www.churchofjesuschrist.org/study/general-conference/2025/04/45gong,1586.0,13:56,836.833,ok,,2025-04,4050,April,Of the Quorum of the Twelve Apostles,twelve,scraped,video_data_duration,5,113.71444481754425,general-conference/2025/04/45gong
2025,4,sunday-morning,6,John A. McCune,John A. McCune,Of the Seventy,Joy Through Covenant Discipleship,"As we bind ourselves to act as covenant disciples, our relationship with the Father and Son is enriched, our joy enhanced, and our eternal perspective expanded.",https://www.churchofjesuschrist.org/study/general-conference/2025/04/46mccune,1618.0,10:58,658.366,ok,,2025-04,4050,April,Of the Seventy,seventy,scraped,video_data_duration,6,147.4559743364633,general-conference/2025/04/46mccune
2025,4,sunday-morning,7,Dallin H. Oaks,Dallin H. Oaks,First Counselor in the First Presidency,Divine Helps for Mortality,Our Heavenly Father’s plan provides helps to guide us through our mortal journeys.,https://www.churchofjesuschrist.org/study/general-conference/2025/04/47oaks,1564.0,14:40,880.666,ok,,2025-04,4050,April,First Counselor in the First Presidency,first_presidency_counselor,scraped,video_data_duration,7,106.55572032984128,general-conference/2025/04/47oaks
2025,10,saturday-afternoon,1,Ronald A. Rasband,Ronald A. Rasband,Of the Quorum of the Twelve Apostles,The Family Proclamation—Words from God,"The proclamation has a divine origin, so we must treat it with the reverence deserving words from God.",https://www.churchofjesuschrist.org/study/general-conference/2025/10/21rasband,1601.0,13:57,837.14,ok,,2025-10,4051,October,Of the Quorum of the Twelve Apostles,twelve,scraped,video_data_duration,1,114.74783190386314,general-conference/2025/10/21rasband
2025,10,saturday-afternoon,2,Chad H Webb,Chad H Webb,First Counselor in the Sunday School General Presidency,That All May Be Edified,"As we focus on Jesus Christ, teach His doctrine, and learn diligently, we invite the Holy Ghost to deepen our faith in Jesus Christ and help us become more like Him.",https://www.churchofjesuschrist.org/study/general-conference/2025/10/22webb,1754.0,11:21,681.41,ok,,2025-10,4051,October,First Counselor in the Sunday School General Presidency,auxiliary_counselor,scraped,video_data_duration,2,154.44446075050266,general-conference/2025/10/22webb
2025,10,saturday-afternoon,3,Jeremy R. Jaggi,Jeremy R. Jaggi,Of the Seventy,Humble Souls at Altars Kneel,"As we make and honor our covenants, we bind ourselves to the Savior, gaining greater access to His mercy, protection, sanctification, healing, and rest.",https://www.churchofjesuschrist.org/study/general-conference/2025/10/23jaggi,1833.0,11:23,683.35,ok,,2025-10,4051,October,Of the Seventy,seventy,scraped,video_data_duration,3,160.9424160386332,general-conference/2025/10/23jaggi
2025,10,saturday-afternoon,4,Kevin G. Brown,Kevin G. Brown,Of the Seventy,The Eternal Gift of Testimony,"Every son or daughter of God can gain a deeper, firmer, and surer knowledge for themselves.",https://www.churchofjesuschrist.org/study/general-conference/2025/10/24brown,1614.0,12:16,736.3,ok,,2025-10,4051,October,Of the Seventy,seventy,scraped,video_data_duration,4,131.52247725112048,general-conference/2025/10/24brown
2025,10,saturday-afternoon,5,Gerrit W. Gong,Gerrit W. Gong,Of the Quorum of the Twelve Apostles,No One Sits Alone,Living the gospel of Jesus Christ includes making room for all in His restored Church.,https://www.churchofjesuschrist.org/study/general-conference/2025/10/25gong,1691.0,14:02,842.24,ok,,2025-10,4051,October,Of the Quorum of the Twelve Apostles,twelve,scraped,video_data_duration,5,120.46447568389058,general-conference/2025/10/25gong
2025,10,saturday-afternoon,6,Michael Cziesla,Michael Cziesla,Of the Seventy,Simplicity in Christ,Applying the doctrine of Christ in a simplified and focused way will help us to find joy in our daily lives.,https://www.churchofjesuschrist.org/study/general-conference/2025/10/26cziesla,1853.0,11:17,677.68,ok,,2025-10,4051,October,Of the Seventy,seventy,scraped,video_data_duration,6,164.05973320741353,general-conference/2025/10/26cziesla
2025,10,saturday-afternoon,7,Quentin L. Cook,Quentin L. Cook,Of the Quorum of the Twelve Apostles,The Lord Is Hastening His Work,"As the Lord hastens His work, we should love, nurture, and serve those who accept His gospel.",https://www.churchofjesuschrist.org/study/general-conference/2025/10/27cook,1845.0,14:54,894.63,ok,,2025-10,4051,October,Of the Quorum of the Twelve Apostles,twelve,scraped,video_data_duration,7,123.73830522115287,general-conference/2025/10/27cook
2025,10,saturday-evening,1,Patrick Kearon,Patrick Kearon,Of the Quorum of the Twelve Apostles,Jesus Christ and Your New Beginning,"All of us can have a new beginning through, and because of, Jesus Christ. Even you.",https://www.churchofjesuschrist.org/study/general-conference/2025/10/31kearon,1807.0,14:18,858.86,ok,,2025-10,4051,October,Of the Quorum of the Twelve Apostles,twelve,scraped,video_data_duration,1,126.2371049996507,general-conference/2025/10/31kearon
2025,10,saturday-evening,2,J. Anette Dennis,J. Anette Dennis,First Counselor in the Relief Society General Presidency,Cheering Each Other On,"Only the Lord fully knows our individual limitations and capacity, and because of that, He is the only one fully qualified to judge our performance.",https://www.churchofjesuschrist.org/study/general-conference/2025/10/32dennis,1819.0,11:52,712.21,ok,,2025-10,4051,October,First Counselor in the Relief Society General Presidency,auxiliary_counselor,scraped,video_data_duration,2,153.24131927380967,general-conference/2025/10/32dennis
2025,10,saturday-evening,3,Steven C. Barlow,Steven C. Barlow,Of the Seventy,“Lovest Thou Me?”,"If we want to show our love for God, we should understand how He recognizes our love.",https://www.churchofjesuschrist.org/study/general-conference/2025/10/33barlow,1571.0,11:41,701.7,ok,,2025-10,4051,October,Of the Seventy,seventy,scraped,video_data_duration,3,134.33091064557502,general-conference/2025/10/33barlow
2025,10,saturday-evening,4,William K. Jackson,William K. Jackson,Of the Seventy,Remembering the Sheep,The principle of counting and accounting works. It is the Lord’s way.,https://www.churchofjesuschrist.org/study/general-conference/2025/10/34jackson,1709.0,12:13,733.73,ok,,2025-10,4051,October,Of the Seventy,seventy,scraped,video_data_duration,4,139.75167977321357,general-conference/2025/10/34jackson
2025,10,saturday-evening,5,Neil L. Andersen,Neil L. Andersen,Of the Quorum of the Twelve Apostles,The Atoning Love of Jesus Christ,Healing and forgiveness are each found in their fulness in the atoning love of Jesus Christ.,https://www.churchofjesuschrist.org/study/general-conference/2025/10/35andersen,1850.0,14:33,873.31,ok,,2025-10,4051,October,Of the Quorum of the Twelve Apostles,twelve,scraped,video_data_duration,5,127.10263251308241,general-conference/2025/10/35andersen
2025,10,saturday-morning,1,Dallin H. Oaks,Dallin H. Oaks,President of the Quorum of the Twelve Apostles,Introduction,"We now go forward with this semiannual general conference, proceeding as planned and with speakers and music assigned by President Nelson after months of preparation.",https://www.churchofjesuschrist.org/study/general-conference/2025/10/19oaks,382.0,3:33,213.78,ok,,2025-10,4051,October,President of the Quorum of the Twelve Apostles,twelve_president,scraped,video_data_duration,1,107.21302273365141,general-conference/2025/10/19oaks
2025,10,saturday-morning,3,Gary E. Stevenson,Gary E. Stevenson,Of the Quorum of the Twelve Apostles,Blessed Are the Peacemakers,Peacemaking still begins in the most basic place—in our hearts. Then in homes and families.,https://www.churchofjesuschrist.org/study/general-conference/2025/10/12stevenson,1715.0,13:15,795.56,ok,,2025-10,4051,October,Of the Quorum of the Twelve Apostles,twelve,scraped,video_data_duration,2,129.3428528332244,general-conference/2025/10/12stevenson
2025,10,saturday-morning,4,Tracy Y. Browning,Tracy Y. Browning,Second Counselor in the Primary General Presidency,Tune Your Heart to Jesus Christ: The Sacred Gift of Primary Music,"Primary songs are sermons for disciples of Jesus Christ, testimonies to the truthfulness of the restored gospel, and prayers set to music.",https://www.churchofjesuschrist.org/study/general-conference/2025/10/13browning,1764.0,10:36,636.14,ok,,2025-10,4051,October,Second Counselor in the Primary General Presidency,auxiliary_counselor,scraped,video_data_duration,3,166.37847014808062,general-conference/2025/10/13browning
2025,10,saturday-morning,5,Ronald M. Barcellos,Ronald M. Barcellos,Of the Seventy,The Lord Looketh on the Heart,All God needs to accomplish His purposes and to help us become who He wants is for each of us to turn our hearts fully to Him.,https://www.churchofjesuschrist.org/study/general-conference/2025/10/14barcellos,1756.0,10:40,640.57,ok,,2025-10,4051,October,Of the Seventy,seventy,scraped,video_data_duration,4,164.4785113258504,general-conference/2025/10/14barcellos
2025,10,saturday-morning,6,Brik V. Eyre,Brik V. Eyre,Of the Seventy,Know Who You Really Are,"Regardless of where we are on our path of discipleship, our lives will fundamentally change if we better understand who we really are.",https://www.churchofjesuschrist.org/study/general-conference/2025/10/15eyre,1544.0,10:45,645.38,ok,,2025-10,4051,October,Of the Seventy,seventy,scraped,video_data_duration,5,143.54333880814403,general-conference/2025/10/15eyre
2025,10,saturday-morning,7,Kelly R. Johnson,Kelly R. Johnson,Of the Seventy,Be Reconciled to God,"Reconciliation to God, through Jesus Christ’s Atonement, leads to unshakable faith.",https://www.churchofjesuschrist.org/study/general-conference/2025/10/17johnson,1372.0,10:21,621.05,ok,,2025-10,4051,October,Of the Seventy,seventy,scraped,video_data_duration,6,132.54971419370423,general-conference/2025/10/17johnson
2025,10,saturday-morning,8,Dieter F. Uchtdorf,Dieter F. Uchtdorf,Of the Quorum of the Twelve Apostles,Do Your Part with All Your Heart,"Trust the Savior and engage, patiently and diligently, in doing your part with all your heart.",https://www.churchofjesuschrist.org/study/general-conference/2025/10/16uchtdorf,1646.0,15:21,921.75,ok,,2025-10,4051,October,Of the Quorum of the Twelve Apostles,twelve,scraped,video_data_duration,7,107.1440195280716,general-conference/2025/10/16uchtdorf
2025,10,sunday-afternoon,1,David A. Bednar,David A. Bednar,Of the Quorum of the Twelve Apostles,They Are Their Own Judges,"If we have exercised faith in Jesus Christ, made and kept covenants with God, and repented of our sins, the judgment bar will be pleasing.",https://www.churchofjesuschrist.org/study/general-conference/2025/10/51bednar,1861.0,14:25,865.2,ok,,2025-10,4051,October,Of the Quorum of the Twelve Apostles,twelve,scraped,video_data_duration,1,129.05686546463247,general-conference/2025/10/51bednar
2025,10,sunday-afternoon,2,B. Corey Cuvelier,B. Corey Cuvelier,Of the Seventy,The Name by Which Ye Are Called,What does it mean to be called by the name of Christ?,https://www.churchofjesuschrist.org/study/general-conference/2025/10/52cuvelier,1514.0,11:00,660.96,ok,,2025-10,4051,October,Of the Seventy,seventy,scraped,video_data_duration,2,137.43645606390703,general-conference/2025/10/52cuvelier
2025,10,sunday-afternoon,3,Matthew S. Holland,Matthew S. Holland,Of the Seventy,Forsake Not Your Own Mercy,You have immediate access to divine help and healing despite your human flaws.,https://www.churchofjesuschrist.org/study/general-conference/2025/10/53holland,1265.0,10:42,642.74,ok,,2025-10,4051,October,Of the Seventy,seventy,scraped,video_data_duration,3,118.08818495814793,general-conference/2025/10/53holland
2025,10,sunday-afternoon,4,Carlos A. Godoy,Carlos A. Godoy,Of the Seventy,Smiling Faces and Grateful Hearts,The greatness of our Saints in Africa becomes even more evident as they face life’s challenges and the demands of a growing Church.,https://www.churchofjesuschrist.org/study/general-conference/2025/10/54godoy,1399.0,10:52,652.02,ok,,2025-10,4051,October,Of the Seventy,seventy,scraped,video_data_duration,4,128.73838225821294,general-conference/2025/10/54godoy
2025,10,sunday-afternoon,5,Dale G. Renlund,Dale G. Renlund,Of the Quorum of the Twelve Apostles,Taking on the Name of Jesus Christ,"The more we identify with and remember Jesus Christ, the more we want to be like Him.",https://www.churchofjesuschrist.org/study/general-conference/2025/10/55renlund,1573.0,13:21,801.6,ok,,2025-10,4051,October,Of the Quorum of the Twelve Apostles,twelve,scraped,video_data_duration,5,117.73952095808382,general-conference/2025/10/55renlund
2025,10,sunday-afternoon,6,John D. Amos,John D. Amos,Of the Seventy,The Good News Recipe,What might it look like to add more Jesus Christ into your life?,https://www.churchofjesuschrist.org/study/general-conference/2025/10/56amos,1314.0,10:38,638.4,ok,,2025-10,4051,October,Of the Seventy,seventy,scraped,video_data_duration,6,123.49624060150377,general-conference/2025/10/56amos
2025,10,sunday-afternoon,7,Ozani Farias,Ozani Farias,Of the Seventy,The Book of Mormon—an Immeasurable Treasure on Our Journey,"As we feast upon the words of Christ found in the Book of Mormon, the Spirit will help us understand eternal truths.",https://www.churchofjesuschrist.org/study/general-conference/2025/10/57farias,1383.0,9:46,586.82,ok,,2025-10,4051,October,Of the Seventy,seventy,scraped,video_data_duration,7,141.40622337343646,general-conference/2025/10/57farias
2025,10,sunday-afternoon,8,Dallin H. Oaks,Dallin H. Oaks,President of the Quorum of the Twelve Apostles,The Family-Centered Gospel of Jesus Christ,Our doctrine and our belief in eternal families strengthen and bond us.,https://www.churchofjesuschrist.org/study/general-conference/2025/10/58oaks,1741.0,17:22,1042.569,ok,,2025-10,4051,October,President of the Quorum of the Twelve Apostles,twelve_president,scraped,video_data_duration,8,100.19480725016761,general-conference/2025/10/58oaks
2025,10,sunday-morning,1,Jeffrey R. Holland,Jeffrey R. Holland,Of the Quorum of the Twelve Apostles,And Now I See,The impact of the Book of Mormon in my life is no less miraculous than was the application of spit and dirt placed on the blind man’s eyes.,https://www.churchofjesuschrist.org/study/general-conference/2025/10/41holland,1272.0,17:23,1043.079,ok,,2025-10,4051,October,Of the Quorum of the Twelve Apostles,twelve,scraped,video_data_duration,1,73.16799590443293,general-conference/2025/10/41holland
2025,10,sunday-morning,2,James E. Evanson,James E. Evanson,Of the Seventy,Go and Do Likewise,I would like to highlight those missionaries who are called to service assignments. They are examples to us.,https://www.churchofjesuschrist.org/study/general-conference/2025/10/42evanson,1513.0,10:27,627.59,ok,,2025-10,4051,October,Of the Seventy,seventy,scraped,video_data_duration,2,144.64857629981356,general-conference/2025/10/42evanson
2025,10,sunday-morning,3,Ulisses Soares,Ulisses Soares,Of the Quorum of the Twelve Apostles,Adorned with the Virtue of Temperance,I extend an earnest invitation to all of us to adorn our minds and hearts with the Christlike virtue of temperance.,https://www.churchofjesuschrist.org/study/general-conference/2025/10/43soares,1745.0,15:07,907.71,ok,,2025-10,4051,October,Of the Quorum of the Twelve Apostles,twelve,scraped,video_data_duration,3,115.34520937303763,general-conference/2025/10/43soares
2025,10,sunday-morning,4,Peter M. Johnson,Peter M. Johnson,Of the Seventy,The Power of Ministering to the One,"As we minister to the one, we invite the one to come unto Christ and to worship in the house of the Lord.",https://www.churchofjesuschrist.org/study/general-conference/2025/10/44johnson,1557.0,10:27,627.49,ok,,2025-10,4051,October,Of the Seventy,seventy,scraped,video_data_duration,4,148.8788665954836,general-conference/2025/10/44johnson
2025,10,sunday-morning,5,D. Todd Christofferson,D. Todd Christofferson,Of the Quorum of the Twelve Apostles,Look to God and Live,"It is only by looking to God that individuals, families, and even nations can flourish.",https://www.churchofjesuschrist.org/study/general-conference/2025/10/45christofferson,1979.0,14:13,853.22,ok,,2025-10,4051,October,Of the Quorum of the Twelve Apostles,twelve,scraped,video_data_duration,5,139.16692060664306,general-conference/2025/10/45christofferson
2025,10,sunday-morning,6,Andrea Muñoz Spannaus,Andrea Muñoz Spannaus,Second Counselor in the Young Women General Presidency,Prophets of God,To listen to and obey the voice of the prophet is crucial to holding on to every good thing until the Second Coming.,https://www.churchofjesuschrist.org/study/general-conference/2025/10/46spannaus,1337.0,11:07,667.5,ok,,2025-10,4051,October,Second Counselor in the Young Women General Presidency,auxiliary_counselor,scraped,video_data_duration,6,120.17977528089888,general-conference/2025/10/46spannaus
2025,10,sunday-morning,7,Henry B. Eyring,Henry B. Eyring,Of the Quorum of the Twelve Apostles,Proved and Strengthened in Christ,"Proving moments are not evidence that the Lord has abandoned you. Rather, they are evidence that He loves you enough to refine and strengthen you.",https://www.churchofjesuschrist.org/study/general-conference/2025/10/47eyring,1402.0,13:10,790.59,ok,,2025-10,4051,October,Of the Quorum of the Twelve Apostles,twelve,scraped,video_data_duration,7,106.40154821082989,general-conference/2025/10/47eyring
2026,4,saturday-afternoon,3,Gary E. Stevenson,Gary E. Stevenson,Of the Quorum of the Twelve Apostles,"Lost Luggage, Redeemed Souls","As disciples of Jesus Christ, we rise with renewed determination to succor and care for those with whom we come in contact.",https://www.churchofjesuschrist.org/study/general-conference/2026/04/23stevenson,1501.0,11:15,675.94,ok,,2026-04,4052,April,Of the Quorum of the Twelve Apostles,twelve,scraped,video_data_duration,1,133.23667781164008,general-conference/2026/04/23stevenson
2026,4,saturday-afternoon,4,Eduardo F. Ortega,Eduardo F. Ortega,Of the Seventy,Christ—Author and Finisher of Our Faith,"Becoming a lifelong disciple of Christ is a process, the sum of multiple small, daily, personal and spiritual events.",https://www.churchofjesuschrist.org/study/general-conference/2026/04/24ortega,958.0,8:29,509.34,ok,,2026-04,4052,April,Of the Seventy,seventy,scraped,video_data_duration,2,112.85192602191073,general-conference/2026/04/24ortega
2026,4,saturday-afternoon,5,Wan-Liang Wu,Wan-Liang Wu,Of the Seventy,“I Will Give Away All My Sins to Know Thee”,"We can come to know the true God the Father and gain eternal life through His Son, Jesus Christ, for the power is in us.",https://www.churchofjesuschrist.org/study/general-conference/2026/04/25wu,1012.0,8:25,505.37,ok,,2026-04,4052,April,Of the Seventy,seventy,scraped,video_data_duration,3,120.1495933672359,general-conference/2026/04/25wu
2026,4,saturday-afternoon,6,David J. Wunderli,David J. Wunderli,First Counselor in the Young Men General Presidency,Jesus Christ Is Not Our Burden; He Is Our Relief,"May we together continue to walk with Jesus Christ, even in our most difficult moments.",https://www.churchofjesuschrist.org/study/general-conference/2026/04/26wunderli,1161.0,9:16,556.69,ok,,2026-04,4052,April,First Counselor in the Young Men General Presidency,auxiliary_counselor,scraped,video_data_duration,4,125.13247947690814,general-conference/2026/04/26wunderli
2026,4,saturday-afternoon,7,Gérald Caussé,Gérald Caussé,Of the Quorum of the Twelve Apostles,Love All; Love Each,"May we follow the Lord’s perfect example and learn to love all and to love each, just as He does.",https://www.churchofjesuschrist.org/study/general-conference/2026/04/27causse,1356.0,11:27,687.12,ok,,2026-04,4052,April,Of the Quorum of the Twelve Apostles,twelve,scraped,video_data_duration,5,118.40726510653161,general-conference/2026/04/27causse
2026,4,saturday-afternoon,8,Brian J. Holmes,Brian J. Holmes,Of the Seventy,Jesus Christ Is the Way,"As we bind ourselves to Him through covenant and follow His living prophet, we walk the one path that leads us safely home.",https://www.churchofjesuschrist.org/study/general-conference/2026/04/28holmes,1082.0,8:15,495.13,ok,,2026-04,4052,April,Of the Seventy,seventy,scraped,video_data_duration,6,131.11708036273302,general-conference/2026/04/28holmes
2026,4,saturday-afternoon,9,Clement M. Matswagothata,Clement M. Matswagothata,Of the Seventy,He Knows You by Name,The most eternity-shaping name we can receive is the sacred name of Jesus Christ.,https://www.churchofjesuschrist.org/study/general-conference/2026/04/29matswagothata,1307.0,9:28,568.87,ok,,2026-04,4052,April,Of the Seventy,seventy,scraped,video_data_duration,7,137.85223337493628,general-conference/2026/04/29matswagothata
2026,4,saturday-afternoon,10,Ulisses Soares,Ulisses Soares,Of the Quorum of the Twelve Apostles,Jesus Christ—the True Vine,"In a world of many voices, remaining connected to the True Vine is not merely desirable; it is essential to our spiritual survival.",https://www.churchofjesuschrist.org/study/general-conference/2026/04/210soares,1377.0,11:40,700.07,ok,,2026-04,4052,April,Of the Quorum of the Twelve Apostles,twelve,scraped,video_data_duration,8,118.01676975159626,general-conference/2026/04/210soares
2026,4,saturday-morning,1,Dallin H. Oaks,Dallin H. Oaks,President of The Church of Jesus Christ of Latter-day Saints,Introduction,The conference we convene today is different because it begins with what we call a solemn assembly.,https://www.churchofjesuschrist.org/study/general-conference/2026/04/11oaks,255.0,2:39,159.59,ok,,2026-04,4052,April,President of the Church,church_president,scraped,video_data_duration,1,95.87066858825742,general-conference/2026/04/11oaks
2026,4,saturday-morning,3,Patrick Kearon,Patrick Kearon,Of the Quorum of the Twelve Apostles,About His Business,Life is better—everything is better—when we are about His business.,https://www.churchofjesuschrist.org/study/general-conference/2026/04/13kearon,1500.0,11:20,680.75,ok,,2026-04,4052,April,Of the Quorum of the Twelve Apostles,twelve,scraped,video_data_duration,2,132.20712449504222,general-conference/2026/04/13kearon
2026,4,saturday-morning,4,Kristin M. Yee,Kristin M. Yee,Second Counselor in the Relief Society General Presidency,Ministering—“That Ye Love One Another; as I Have Loved You”,"Ministering is truly loving and caring for others as the Savior would. It is a way of being; it is the way of our Savior, Jesus Christ.",https://www.churchofjesuschrist.org/study/general-conference/2026/04/14yee,1357.0,8:55,535.6,ok,,2026-04,4052,April,Second Counselor in the Relief Society General Presidency,auxiliary_counselor,scraped,video_data_duration,3,152.01643017176997,general-conference/2026/04/14yee
2026,4,saturday-morning,5,Clark G. Gilbert,Clark G. Gilbert,Of the Quorum of the Twelve Apostles,Come Home,The Savior loves all of us and is tenderly calling for you and for me to come home.,https://www.churchofjesuschrist.org/study/general-conference/2026/04/15gilbert,1505.0,13:07,787.55,ok,,2026-04,4052,April,Of the Quorum of the Twelve Apostles,twelve,scraped,video_data_duration,4,114.659386705606,general-conference/2026/04/15gilbert
2026,4,saturday-morning,6,David A. Bednar,David A. Bednar,Of the Quorum of the Twelve Apostles,All Who Have Endured Valiantly,The scriptural phrase “endure to the end” is a repeated reminder of the mighty spiritual change in our hearts that should be ongoing throughout our lives.,https://www.churchofjesuschrist.org/study/general-conference/2026/04/16bednar,1713.0,12:58,778.54,ok,,2026-04,4052,April,Of the Quorum of the Twelve Apostles,twelve,scraped,video_data_duration,5,132.01633827420557,general-conference/2026/04/16bednar
2026,4,saturday-morning,7,Michael John U. Teh,Michael John U. Teh,Of the Seventy,Follow the Prophet; He Knows the Way,"When we follow the teachings and examples of prophets, seers, and revelators, we are following our Savior, Jesus Christ.",https://www.churchofjesuschrist.org/study/general-conference/2026/04/17teh,1146.0,8:08,488.52,ok,,2026-04,4052,April,Of the Seventy,seventy,scraped,video_data_duration,6,140.75165806927046,general-conference/2026/04/17teh
2026,4,saturday-morning,8,Jorge T. Becerra,Jorge T. Becerra,Of the Seventy,Tithing—Putting God First,I am certain that the payment of tithes and offerings will enhance our spiritual capacity as we put God first.,https://www.churchofjesuschrist.org/study/general-conference/2026/04/18becerra,1261.0,8:31,511.34,ok,,2026-04,4052,April,Of the Seventy,seventy,scraped,video_data_duration,7,147.96417256619864,general-conference/2026/04/18becerra
2026,4,saturday-morning,9,Henry B. Eyring,Henry B. Eyring,First Counselor in the First Presidency,Prayers for Peace,"As we pray continually, no matter the circumstances of life, the Lord will offer us His peace and abiding support.",https://www.churchofjesuschrist.org/study/general-conference/2026/04/19eyring,1195.0,13:12,792.63,ok,,2026-04,4052,April,First Counselor in the First Presidency,first_presidency_counselor,scraped,video_data_duration,8,90.4583475265887,general-conference/2026/04/19eyring
2026,4,sunday-afternoon,1,D. Todd Christofferson,D. Todd Christofferson,Second Counselor in the First Presidency,The Character of Christ,"If we are to succeed in developing a Christlike character, we must possess His motivations—His thoughts, desires, and intents of the heart.",https://www.churchofjesuschrist.org/study/general-conference/2026/04/51christofferson,1687.0,12:10,730.73,ok,,2026-04,4052,April,Second Counselor in the First Presidency,first_presidency_counselor,scraped,video_data_duration,1,138.51901523134399,general-conference/2026/04/51christofferson
2026,4,sunday-afternoon,2,Chi Hong (Sam) Wong,Chi Hong (Sam) Wong,Of the Seventy,"Remember, Remember","Every promise of redemption, every hope of resurrection, and every assurance of eternal life flows through Jesus Christ.",https://www.churchofjesuschrist.org/study/general-conference/2026/04/52wong,1062.0,8:00,480.45,ok,,2026-04,4052,April,Of the Seventy,seventy,scraped,video_data_duration,2,132.6256634405245,general-conference/2026/04/52wong
2026,4,sunday-afternoon,3,Aaron T. Hall,Aaron T. Hall,Of the Seventy,I Glory in My Jesus,Nephi and Ammon inspire me to deepen my relationship with Jesus Christ and to rejoice in the many ways we can glory in Him.,https://www.churchofjesuschrist.org/study/general-conference/2026/04/53hall,1091.0,8:28,508.84,ok,,2026-04,4052,April,Of the Seventy,seventy,scraped,video_data_duration,3,128.64554673374735,general-conference/2026/04/53hall
2026,4,sunday-afternoon,4,Susan H. Porter,Susan H. Porter,Primary General President,"“Here Am I, Send Me”","Children all over the world are offering what they have to bring God’s love to their families, church, friends, and communities.",https://www.churchofjesuschrist.org/study/general-conference/2026/04/54porter,1014.0,8:43,523.62,ok,,2026-04,4052,April,Primary General President,auxiliary_president,scraped,video_data_duration,4,116.1911309728429,general-conference/2026/04/54porter
2026,4,sunday-afternoon,5,Neil L. Andersen,Neil L. Andersen,Of the Quorum of the Twelve Apostles,Eternal Marriage Is an Eternal Journey,"We believe in eternal marriage, we teach of eternal marriage, and we seek an eternal marriage.",https://www.churchofjesuschrist.org/study/general-conference/2026/04/55andersen,1419.0,11:42,702.07,ok,,2026-04,4052,April,Of the Quorum of the Twelve Apostles,twelve,scraped,video_data_duration,5,121.2699588360135,general-conference/2026/04/55andersen
2026,4,sunday-afternoon,6,Quentin L. Cook,Quentin L. Cook,Of the Quorum of the Twelve Apostles,"Keys, Covenants, and Easter",The keys committed by ancient prophets to the Prophet Joseph Smith in the Kirtland Temple are an essential part of the restored gospel.,https://www.churchofjesuschrist.org/study/general-conference/2026/04/56cook,1475.0,11:32,692.32,ok,,2026-04,4052,April,Of the Quorum of the Twelve Apostles,twelve,scraped,video_data_duration,6,127.83106078114166,general-conference/2026/04/56cook
2026,4,sunday-afternoon,7,Taniela B. Wakolo,Taniela B. Wakolo,Of the Seventy,Come unto Christ—Together,I invite you to make a commitment and choose to come unto Christ—together. Eternity shall be your reward.,https://www.churchofjesuschrist.org/study/general-conference/2026/04/57wakolo,1290.0,8:37,517.12,ok,,2026-04,4052,April,Of the Seventy,seventy,scraped,video_data_duration,7,149.67512376237624,general-conference/2026/04/57wakolo
2026,4,sunday-afternoon,8,Gerrit W. Gong,Gerrit W. Gong,Of the Quorum of the Twelve Apostles,’Tis Eastertide: No One Walks Alone,"As we walk by faith with the Lord, abiding in Him, and He in us, we come to know He lives.",https://www.churchofjesuschrist.org/study/general-conference/2026/04/58gong,1335.0,11:09,669.2,ok,,2026-04,4052,April,Of the Quorum of the Twelve Apostles,twelve,scraped,video_data_duration,8,119.69515839808726,general-conference/2026/04/58gong
2026,4,sunday-afternoon,9,Dallin H. Oaks,Dallin H. Oaks,President of The Church of Jesus Christ of Latter-day Saints,Closing Remarks,"Truly, Jesus Christ is the way to peace in this world and eternal life in the world to come.",https://www.churchofjesuschrist.org/study/general-conference/2026/04/59oaks,284.0,2:56,176.08,ok,,2026-04,4052,April,President of the Church,church_president,scraped,video_data_duration,9,96.77419354838709,general-conference/2026/04/59oaks
2026,4,sunday-morning,1,Dieter F. Uchtdorf,Dieter F. Uchtdorf,Acting President of the Quorum of the Twelve Apostles,Encounter at the Empty Tomb,"We must encounter the empty tomb, experience the reality of what it means, and, in turn, share that witness with others.",https://www.churchofjesuschrist.org/study/general-conference/2026/04/41uchtdorf,1393.0,12:27,747.75,ok,,2026-04,4052,April,Acting President of the Quorum of the Twelve Apostles,twelve_president,scraped,video_data_duration,1,111.7753259779338,general-conference/2026/04/41uchtdorf
2026,4,sunday-morning,2,Emily Belle Freeman,Emily Belle Freeman,Young Women General President,Best Days and Worst Days,"Because of Jesus Christ, no matter how bad things are right now, your best days are ahead.",https://www.churchofjesuschrist.org/study/general-conference/2026/04/42freeman,1224.0,8:39,519.49,ok,,2026-04,4052,April,Young Women General President,auxiliary_president,scraped,video_data_duration,2,141.36942000808486,general-conference/2026/04/42freeman
2026,4,sunday-morning,3,Pedro X. Larreal,Pedro X. Larreal,Of the Seventy,I Feel My Savior’s Love,It is my prayer that each of us will feel our Savior’s love as we partake of the sacrament.,https://www.churchofjesuschrist.org/study/general-conference/2026/04/43larreal,882.0,7:54,474.44,ok,,2026-04,4052,April,Of the Seventy,seventy,scraped,video_data_duration,3,111.54202849675407,general-conference/2026/04/43larreal
2026,4,sunday-morning,4,Edward B. Rowe,Edward B. Rowe,Of the Seventy,Choose Jesus Christ as Your Guide,I need Jesus Christ to be my guide through life’s journey amid its spiritual land mines. All of us do.,https://www.churchofjesuschrist.org/study/general-conference/2026/04/44rowe,1083.0,9:20,560.79,ok,,2026-04,4052,April,Of the Seventy,seventy,scraped,video_data_duration,4,115.87225164500082,general-conference/2026/04/44rowe
2026,4,sunday-morning,5,Ronald A. Rasband,Ronald A. Rasband,Of the Quorum of the Twelve Apostles,He Is Risen,"With His Resurrection, Jesus Christ secured salvation from physical death for us, all of God’s children throughout the ages.",https://www.churchofjesuschrist.org/study/general-conference/2026/04/45rasband,1254.0,10:21,621.09,ok,,2026-04,4052,April,Of the Quorum of the Twelve Apostles,twelve,scraped,video_data_duration,5,121.14186349804376,general-conference/2026/04/45rasband
2026,4,sunday-morning,6,Dale G. Renlund,Dale G. Renlund,Of the Quorum of the Twelve Apostles,Because of Jesus Christ,"Focusing on the Savior, His infinite Atonement, and what He has done for us will bring joy and clarity into our lives.",https://www.churchofjesuschrist.org/study/general-conference/2026/04/46renlund,1291.0,11:00,660.46,ok,,2026-04,4052,April,Of the Quorum of the Twelve Apostles,twelve,scraped,video_data_duration,6,117.28189443721043,general-conference/2026/04/46renlund
2026,4,sunday-morning,7,Thierry K. Mutombo,Thierry K. Mutombo,Of the Seventy,The Joy of a Covenant Relationship with God,"Wherever you are now or whatever you are going through in your life, you can feel God’s infinite love manifested through His Son, Jesus Christ.",https://www.churchofjesuschrist.org/study/general-conference/2026/04/47mutombo,1228.0,10:19,619.45,ok,,2026-04,4052,April,Of the Seventy,seventy,scraped,video_data_duration,7,118.9442247154734,general-conference/2026/04/47mutombo
2026,4,sunday-morning,8,Alan R. Walker,Alan R. Walker,Of the Seventy,A Peculiar Treasure,The Lord declared that His people would be a peculiar treasure unto Him if they would obey His voice and keep His covenant.,https://www.churchofjesuschrist.org/study/general-conference/2026/04/48walker,985.0,8:23,503.77,ok,,2026-04,4052,April,Of the Seventy,seventy,scraped,video_data_duration,8,117.31544157055801,general-conference/2026/04/48walker
2026,4,sunday-morning,9,Dallin H. Oaks,Dallin H. Oaks,President of The Church of Jesus Christ of Latter-day Saints,Alive in Christ,Let us follow Christ by forgoing contention and by using the language and methods of peacemakers.,https://www.churchofjesuschrist.org/study/general-conference/2026/04/49oaks,1468.0,13:37,817.98,ok,,2026-04,4052,April,President of the Church,church_president,scraped,video_data_duration,9,107.67989437394557,general-conference/2026/04/49oaks
